$MeshFormat
4.1 0 8
$EndMeshFormat
$PhysicalNames
4
2 3 "PML_Boundaries"
2 4 "PEC_Boundary"
3 1 "Air_Vacuum"
3 2 "PML_Layer"
$EndPhysicalNames
$Entities
25 52 42 12
1 0 0 0 0 
2 -0.1732050807568877 -0.1732050807568877 -0.1732050807568877 0 
3 0.1732050807568877 -0.1732050807568877 -0.1732050807568877 0 
4 0.1732050807568877 0.1732050807568877 -0.1732050807568877 0 
5 -0.1732050807568877 0.1732050807568877 -0.1732050807568877 0 
6 -0.1732050807568877 -0.1732050807568877 0.1732050807568877 0 
7 0.1732050807568877 -0.1732050807568877 0.1732050807568877 0 
8 0.1732050807568877 0.1732050807568877 0.1732050807568877 0 
9 -0.1732050807568877 0.1732050807568877 0.1732050807568877 0 
10 -1.5 -1.5 -1.5 0 
11 1.5 -1.5 -1.5 0 
12 1.5 1.5 -1.5 0 
13 -1.5 1.5 -1.5 0 
14 -1.5 -1.5 1.5 0 
15 1.5 -1.5 1.5 0 
16 1.5 1.5 1.5 0 
17 -1.5 1.5 1.5 0 
18 -1.75 -1.75 -1.75 0 
19 1.75 -1.75 -1.75 0 
20 1.75 1.75 -1.75 0 
21 -1.75 1.75 -1.75 0 
22 -1.75 -1.75 1.75 0 
23 1.75 -1.75 1.75 0 
24 1.75 1.75 1.75 0 
25 -1.75 1.75 1.75 0 
1 -0.1732050807568878 -0.2116361853370534 -0.2116361853370534 0.1732050807568878 -0.1732050807568878 -0.1732050807568878 0 2 2 -3 
2 0.1732050807568878 -0.1732050807568878 -0.2116361853370534 0.2116361853370534 0.1732050807568878 -0.1732050807568878 0 2 3 -4 
3 -0.1732050807568878 0.1732050807568878 -0.2116361853370534 0.1732050807568878 0.2116361853370534 -0.1732050807568878 0 2 4 -5 
4 -0.2116361853370534 -0.1732050807568878 -0.2116361853370534 -0.1732050807568878 0.1732050807568878 -0.1732050807568878 0 2 2 -5 
5 -0.1732050807568878 -0.2116361853370534 0.1732050807568878 0.1732050807568878 -0.1732050807568878 0.2116361853370534 0 2 6 -7 
6 0.1732050807568878 -0.1732050807568878 0.1732050807568878 0.2116361853370534 0.1732050807568878 0.2116361853370534 0 2 7 -8 
7 -0.1732050807568878 0.1732050807568878 0.1732050807568878 0.1732050807568878 0.2116361853370534 0.2116361853370534 0 2 8 -9 
8 -0.2116361853370534 -0.1732050807568878 0.1732050807568878 -0.1732050807568878 0.1732050807568878 0.2116361853370534 0 2 6 -9 
9 -0.2116361853370534 -0.2116361853370534 -0.1732050807568878 -0.1732050807568878 -0.1732050807568878 0.1732050807568877 0 2 2 -6 
10 0.1732050807568878 -0.2116361853370534 -0.1732050807568878 0.2116361853370534 -0.1732050807568878 0.1732050807568877 0 2 3 -7 
11 0.1732050807568878 0.1732050807568878 -0.1732050807568878 0.2116361853370534 0.2116361853370534 0.1732050807568877 0 2 4 -8 
12 -0.2116361853370534 0.1732050807568878 -0.1732050807568878 -0.1732050807568878 0.2116361853370534 0.1732050807568877 0 2 5 -9 
13 -1.5 -1.5 -1.5 1.5 -1.5 -1.5 0 2 10 -11 
14 1.5 -1.5 -1.5 1.5 1.5 -1.5 0 2 11 -12 
15 -1.5 1.5 -1.5 1.5 1.5 -1.5 0 2 12 -13 
16 -1.5 -1.5 -1.5 -1.5 1.5 -1.5 0 2 10 -13 
17 -1.5 -1.5 1.5 1.5 -1.5 1.5 0 2 14 -15 
18 1.5 -1.5 1.5 1.5 1.5 1.5 0 2 15 -16 
19 -1.5 1.5 1.5 1.5 1.5 1.5 0 2 16 -17 
20 -1.5 -1.5 1.5 -1.5 1.5 1.5 0 2 14 -17 
21 -1.5 -1.5 -1.5 -1.5 -1.5 1.5 0 2 10 -14 
22 1.5 -1.5 -1.5 1.5 -1.5 1.5 0 2 11 -15 
23 1.5 1.5 -1.5 1.5 1.5 1.5 0 2 12 -16 
24 -1.5 1.5 -1.5 -1.5 1.5 1.5 0 2 13 -17 
25 -1.5 -1.5 -1.5 -0.1732050807568877 -0.1732050807568877 -0.1732050807568877 0 2 2 -10 
26 0.1732050807568877 -1.5 -1.5 1.5 -0.1732050807568877 -0.1732050807568877 0 2 3 -11 
27 0.1732050807568877 0.1732050807568877 -1.5 1.5 1.5 -0.1732050807568877 0 2 4 -12 
28 -1.5 0.1732050807568877 -1.5 -0.1732050807568877 1.5 -0.1732050807568877 0 2 5 -13 
29 -1.5 -1.5 0.1732050807568877 -0.1732050807568877 -0.1732050807568877 1.5 0 2 6 -14 
30 0.1732050807568877 -1.5 0.1732050807568877 1.5 -0.1732050807568877 1.5 0 2 7 -15 
31 0.1732050807568877 0.1732050807568877 0.1732050807568877 1.5 1.5 1.5 0 2 8 -16 
32 -1.5 0.1732050807568877 0.1732050807568877 -0.1732050807568877 1.5 1.5 0 2 9 -17 
33 -1.75 -1.75 -1.75 1.75 -1.75 -1.75 0 2 18 -19 
34 1.75 -1.75 -1.75 1.75 1.75 -1.75 0 2 19 -20 
35 -1.75 1.75 -1.75 1.75 1.75 -1.75 0 2 20 -21 
36 -1.75 -1.75 -1.75 -1.75 1.75 -1.75 0 2 18 -21 
37 -1.75 -1.75 1.75 1.75 -1.75 1.75 0 2 22 -23 
38 1.75 -1.75 1.75 1.75 1.75 1.75 0 2 23 -24 
39 -1.75 1.75 1.75 1.75 1.75 1.75 0 2 24 -25 
40 -1.75 -1.75 1.75 -1.75 1.75 1.75 0 2 22 -25 
41 -1.75 -1.75 -1.75 -1.75 -1.75 1.75 0 2 18 -22 
42 1.75 -1.75 -1.75 1.75 -1.75 1.75 0 2 19 -23 
43 1.75 1.75 -1.75 1.75 1.75 1.75 0 2 20 -24 
44 -1.75 1.75 -1.75 -1.75 1.75 1.75 0 2 21 -25 
45 -1.75 -1.75 -1.75 -1.5 -1.5 -1.5 0 2 10 -18 
46 1.5 -1.75 -1.75 1.75 -1.5 -1.5 0 2 11 -19 
47 1.5 1.5 -1.75 1.75 1.75 -1.5 0 2 12 -20 
48 -1.75 1.5 -1.75 -1.5 1.75 -1.5 0 2 13 -21 
49 -1.75 -1.75 1.5 -1.5 -1.5 1.75 0 2 14 -22 
50 1.5 -1.75 1.5 1.75 -1.5 1.75 0 2 15 -23 
51 1.5 1.5 1.5 1.75 1.75 1.75 0 2 16 -24 
52 -1.75 1.5 1.5 -1.5 1.75 1.75 0 2 17 -25 
1 -0.2116361853370534 -0.2116361853370534 -0.2116361853370534 0.2116361853370534 0.2116361853370534 -0.1732050807568878 1 4 4 4 -3 -2 -1 
2 -0.2116361853370534 -0.2116361853370534 0.1732050807568878 0.2116361853370534 0.2116361853370534 0.2116361853370534 1 4 4 5 6 7 -8 
3 -0.2116361853370534 -0.2116361853370534 -0.2116361853370534 0.2116361853370534 -0.1732050807568878 0.2116361853370534 1 4 4 1 10 -5 -9 
4 -0.2116361853370534 0.1732050807568878 -0.2116361853370534 0.2116361853370534 0.2116361853370534 0.2116361853370534 1 4 4 3 12 -7 -11 
5 -0.2116361853370534 -0.2116361853370534 -0.2116361853370534 -0.1732050807568878 0.2116361853370534 0.2116361853370534 1 4 4 -4 9 8 -12 
6 0.1732050807568878 -0.2116361853370534 -0.2116361853370534 0.2116361853370534 0.2116361853370534 0.2116361853370534 1 4 4 2 11 -6 -10 
7 -1.5 -1.5 -1.5 1.5 1.5 -1.5 0 4 16 -15 -14 -13 
8 -1.5 -1.5 1.5 1.5 1.5 1.5 0 4 17 18 19 -20 
9 -1.5 -1.5 -1.5 1.5 -1.5 1.5 0 4 13 22 -17 -21 
10 -1.5 1.5 -1.5 1.5 1.5 1.5 0 4 15 24 -19 -23 
11 -1.5 -1.5 -1.5 -1.5 1.5 1.5 0 4 -16 21 20 -24 
12 1.5 -1.5 -1.5 1.5 1.5 1.5 0 4 14 23 -18 -22 
13 -1.5 -1.5 -1.5 1.5 -0.1732050807568877 -0.1732050807568877 0 4 1 26 -13 -25 
14 0.1732050807568877 -1.5 -1.5 1.5 1.5 -0.1732050807568877 0 4 2 27 -14 -26 
15 -1.5 0.1732050807568877 -1.5 1.5 1.5 -0.1732050807568877 0 4 3 28 -15 -27 
16 -1.5 -1.5 -1.5 -0.1732050807568877 1.5 -0.1732050807568877 0 4 4 28 -16 -25 
17 -1.5 -1.5 0.1732050807568877 1.5 -0.1732050807568877 1.5 0 4 5 30 -17 -29 
18 0.1732050807568877 -1.5 0.1732050807568877 1.5 1.5 1.5 0 4 6 31 -18 -30 
19 -1.5 0.1732050807568877 0.1732050807568877 1.5 1.5 1.5 0 4 7 32 -19 -31 
20 -1.5 -1.5 0.1732050807568877 -0.1732050807568877 1.5 1.5 0 4 8 32 -20 -29 
21 -1.5 -1.5 -1.5 -0.1732050807568877 -0.1732050807568877 1.5 0 4 9 29 -21 -25 
22 0.1732050807568877 -1.5 -1.5 1.5 -0.1732050807568877 1.5 0 4 10 30 -22 -26 
23 0.1732050807568877 0.1732050807568877 -1.5 1.5 1.5 1.5 0 4 11 31 -23 -27 
24 -1.5 0.1732050807568877 -1.5 -0.1732050807568877 1.5 1.5 0 4 12 32 -24 -28 
25 -1.75 -1.75 -1.75 1.75 1.75 -1.75 1 3 4 36 -35 -34 -33 
26 -1.75 -1.75 1.75 1.75 1.75 1.75 1 3 4 37 38 39 -40 
27 -1.75 -1.75 -1.75 1.75 -1.75 1.75 1 3 4 33 42 -37 -41 
28 -1.75 1.75 -1.75 1.75 1.75 1.75 1 3 4 35 44 -39 -43 
29 -1.75 -1.75 -1.75 -1.75 1.75 1.75 1 3 4 -36 41 40 -44 
30 1.75 -1.75 -1.75 1.75 1.75 1.75 1 3 4 34 43 -38 -42 
31 -1.75 -1.75 -1.75 1.75 -1.5 -1.5 0 4 13 46 -33 -45 
32 1.5 -1.75 -1.75 1.75 1.75 -1.5 0 4 14 47 -34 -46 
33 -1.75 1.5 -1.75 1.75 1.75 -1.5 0 4 15 48 -35 -47 
34 -1.75 -1.75 -1.75 -1.5 1.75 -1.5 0 4 16 48 -36 -45 
35 -1.75 -1.75 1.5 1.75 -1.5 1.75 0 4 17 50 -37 -49 
36 1.5 -1.75 1.5 1.75 1.75 1.75 0 4 18 51 -38 -50 
37 -1.75 1.5 1.5 1.75 1.75 1.75 0 4 19 52 -39 -51 
38 -1.75 -1.75 1.5 -1.5 1.75 1.75 0 4 20 52 -40 -49 
39 -1.75 -1.75 -1.75 -1.5 -1.5 1.75 0 4 21 49 -41 -45 
40 1.5 -1.75 -1.75 1.75 -1.5 1.75 0 4 22 50 -42 -46 
41 1.5 1.5 -1.75 1.75 1.75 1.75 0 4 23 51 -43 -47 
42 -1.75 1.5 -1.75 -1.5 1.75 1.75 0 4 24 52 -44 -48 
1 -1.5 -1.5 -1.5 1.5 1.5 -0.1732050807568877 1 1 6 1 7 16 15 14 13 
2 -1.5 -1.5 0.1732050807568877 1.5 1.5 1.5 1 1 6 2 8 17 18 19 20 
3 -1.5 -1.5 -1.5 1.5 -0.1732050807568877 1.5 1 1 6 3 9 13 22 17 21 
4 -1.5 0.1732050807568877 -1.5 1.5 1.5 1.5 1 1 6 4 10 15 24 19 23 
5 -1.5 -1.5 -1.5 -0.1732050807568877 1.5 1.5 1 1 6 5 11 16 21 20 24 
6 0.1732050807568877 -1.5 -1.5 1.5 1.5 1.5 1 1 6 6 12 14 23 18 22 
7 -1.75 -1.75 -1.75 1.75 1.75 -1.5 1 2 6 7 25 34 33 32 31 
8 -1.75 -1.75 1.5 1.75 1.75 1.75 1 2 6 8 26 35 36 37 38 
9 -1.75 -1.75 -1.75 1.75 -1.5 1.75 1 2 6 9 27 31 40 35 39 
10 -1.75 1.5 -1.75 1.75 1.75 1.75 1 2 6 10 28 33 42 37 41 
11 -1.75 -1.75 -1.75 -1.5 1.75 1.75 1 2 6 11 29 34 39 38 42 
12 1.5 -1.75 -1.75 1.75 1.75 1.75 1 2 6 12 30 32 41 36 40 
$EndEntities
$Nodes
130 4142 1 4142
0 2 0 1
1
-0.1732050807568877 -0.1732050807568877 -0.1732050807568877
0 3 0 1
2
0.1732050807568877 -0.1732050807568877 -0.1732050807568877
0 4 0 1
3
0.1732050807568877 0.1732050807568877 -0.1732050807568877
0 5 0 1
4
-0.1732050807568877 0.1732050807568877 -0.1732050807568877
0 6 0 1
5
-0.1732050807568877 -0.1732050807568877 0.1732050807568877
0 7 0 1
6
0.1732050807568877 -0.1732050807568877 0.1732050807568877
0 8 0 1
7
0.1732050807568877 0.1732050807568877 0.1732050807568877
0 9 0 1
8
-0.1732050807568877 0.1732050807568877 0.1732050807568877
0 10 0 1
9
-1.5 -1.5 -1.5
0 11 0 1
10
1.5 -1.5 -1.5
0 12 0 1
11
1.5 1.5 -1.5
0 13 0 1
12
-1.5 1.5 -1.5
0 14 0 1
13
-1.5 -1.5 1.5
0 15 0 1
14
1.5 -1.5 1.5
0 16 0 1
15
1.5 1.5 1.5
0 17 0 1
16
-1.5 1.5 1.5
0 18 0 1
17
-1.75 -1.75 -1.75
0 19 0 1
18
1.75 -1.75 -1.75
0 20 0 1
19
1.75 1.75 -1.75
0 21 0 1
20
-1.75 1.75 -1.75
0 22 0 1
21
-1.75 -1.75 1.75
0 23 0 1
22
1.75 -1.75 1.75
0 24 0 1
23
1.75 1.75 1.75
0 25 0 1
24
-1.75 1.75 1.75
1 1 0 5
25
26
27
28
29
-0.1196707822890256 -0.1945236539168601 -0.1945236539168601
-0.06111711326993341 -0.2076832906922824 -0.2076832906922824
5.038003070279018e-10 -0.2121320343559643 -0.2121320343559643
0.06111711392040285 -0.2076832905965723 -0.2076832905965723
0.1196707825560527 -0.1945236538347226 -0.1945236538347226
1 2 0 5
30
31
32
33
34
0.1945236539168601 -0.1196707822890256 -0.1945236539168601
0.2076832906922824 -0.06111711326993341 -0.2076832906922824
0.2121320343559643 5.038003070279018e-10 -0.2121320343559643
0.2076832905965723 0.06111711392040285 -0.2076832905965723
0.1945236538347226 0.1196707825560527 -0.1945236538347226
1 3 0 5
35
36
37
38
39
0.1196707822890256 0.1945236539168601 -0.1945236539168601
0.06111711326993341 0.2076832906922824 -0.2076832906922824
-5.038003070279018e-10 0.2121320343559643 -0.2121320343559643
-0.06111711392040285 0.2076832905965723 -0.2076832905965723
-0.1196707825560527 0.1945236538347226 -0.1945236538347226
1 4 0 5
40
41
42
43
44
-0.1945236539168601 -0.1196707822890256 -0.1945236539168601
-0.2076832906922824 -0.06111711326993341 -0.2076832906922824
-0.2121320343559643 5.038003070279018e-10 -0.2121320343559643
-0.2076832905965723 0.06111711392040285 -0.2076832905965723
-0.1945236538347226 0.1196707825560527 -0.1945236538347226
1 5 0 5
45
46
47
48
49
-0.1196707822890256 -0.1945236539168601 0.1945236539168601
-0.06111711326993341 -0.2076832906922824 0.2076832906922824
5.038003070279018e-10 -0.2121320343559643 0.2121320343559643
0.06111711392040285 -0.2076832905965723 0.2076832905965723
0.1196707825560527 -0.1945236538347226 0.1945236538347226
1 6 0 5
50
51
52
53
54
0.1945236539168601 -0.1196707822890256 0.1945236539168601
0.2076832906922824 -0.06111711326993341 0.2076832906922824
0.2121320343559643 5.038003070279018e-10 0.2121320343559643
0.2076832905965723 0.06111711392040285 0.2076832905965723
0.1945236538347226 0.1196707825560527 0.1945236538347226
1 7 0 5
55
56
57
58
59
0.1196707822890256 0.1945236539168601 0.1945236539168601
0.06111711326993341 0.2076832906922824 0.2076832906922824
-5.038003070279018e-10 0.2121320343559643 0.2121320343559643
-0.06111711392040285 0.2076832905965723 0.2076832905965723
-0.1196707825560527 0.1945236538347226 0.1945236538347226
1 8 0 5
60
61
62
63
64
-0.1945236539168601 -0.1196707822890256 0.1945236539168601
-0.2076832906922824 -0.06111711326993341 0.2076832906922824
-0.2121320343559643 5.038003070279018e-10 0.2121320343559643
-0.2076832905965723 0.06111711392040285 0.2076832905965723
-0.1945236538347226 0.1196707825560527 0.1945236538347226
1 9 0 5
65
66
67
68
69
-0.1945236538969228 -0.1945236538969228 -0.1196707823538411
-0.207683290689098 -0.207683290689098 -0.0611171132915756
-0.2121320343559643 -0.2121320343559643 4.801652686570179e-10
-0.2076832906072941 -0.2076832906072941 0.06111711384753456
-0.1945236538339897 -0.1945236538339897 0.1196707825584353
1 10 0 5
70
71
72
73
74
0.1945236538969228 -0.1945236538969228 -0.1196707823538411
0.207683290689098 -0.207683290689098 -0.0611171132915756
0.2121320343559643 -0.2121320343559643 4.801652686570179e-10
0.2076832906072941 -0.2076832906072941 0.06111711384753456
0.1945236538339897 -0.1945236538339897 0.1196707825584353
1 11 0 5
75
76
77
78
79
0.1945236538969228 0.1945236538969228 -0.1196707823538411
0.207683290689098 0.207683290689098 -0.0611171132915756
0.2121320343559643 0.2121320343559643 4.801652686570179e-10
0.2076832906072941 0.2076832906072941 0.06111711384753456
0.1945236538339897 0.1945236538339897 0.1196707825584353
1 12 0 5
80
81
82
83
84
-0.1945236538969228 0.1945236538969228 -0.1196707823538411
-0.207683290689098 0.207683290689098 -0.0611171132915756
-0.2121320343559643 0.2121320343559643 4.801652686570179e-10
-0.2076832906072941 0.2076832906072941 0.06111711384753456
-0.1945236538339897 0.1945236538339897 0.1196707825584353
1 13 0 5
85
86
87
88
89
-1.000000000001851 -1.5 -1.5
-0.5000000000037002 -1.5 -1.5
-5.505595979116151e-12 -1.5 -1.5
0.4999999999963007 -1.5 -1.5
0.9999999999981504 -1.5 -1.5
1 14 0 5
90
91
92
93
94
1.5 -1.000000000001851 -1.5
1.5 -0.5000000000037002 -1.5
1.5 -5.505595979116151e-12 -1.5
1.5 0.4999999999963007 -1.5
1.5 0.9999999999981504 -1.5
1 15 0 5
95
96
97
98
99
1.000000000001851 1.5 -1.5
0.5000000000037002 1.5 -1.5
5.505595979116151e-12 1.5 -1.5
-0.4999999999963007 1.5 -1.5
-0.9999999999981504 1.5 -1.5
1 16 0 5
100
101
102
103
104
-1.5 -1.000000000001851 -1.5
-1.5 -0.5000000000037002 -1.5
-1.5 -5.505595979116151e-12 -1.5
-1.5 0.4999999999963007 -1.5
-1.5 0.9999999999981504 -1.5
1 17 0 5
105
106
107
108
109
-1.000000000001851 -1.5 1.5
-0.5000000000037002 -1.5 1.5
-5.505595979116151e-12 -1.5 1.5
0.4999999999963007 -1.5 1.5
0.9999999999981504 -1.5 1.5
1 18 0 5
110
111
112
113
114
1.5 -1.000000000001851 1.5
1.5 -0.5000000000037002 1.5
1.5 -5.505595979116151e-12 1.5
1.5 0.4999999999963007 1.5
1.5 0.9999999999981504 1.5
1 19 0 5
115
116
117
118
119
1.000000000001851 1.5 1.5
0.5000000000037002 1.5 1.5
5.505595979116151e-12 1.5 1.5
-0.4999999999963007 1.5 1.5
-0.9999999999981504 1.5 1.5
1 20 0 5
120
121
122
123
124
-1.5 -1.000000000001851 1.5
-1.5 -0.5000000000037002 1.5
-1.5 -5.505595979116151e-12 1.5
-1.5 0.4999999999963007 1.5
-1.5 0.9999999999981504 1.5
1 21 0 5
125
126
127
128
129
-1.5 -1.5 -1.000000000001851
-1.5 -1.5 -0.5000000000037002
-1.5 -1.5 -5.505595979116151e-12
-1.5 -1.5 0.4999999999963007
-1.5 -1.5 0.9999999999981504
1 22 0 5
130
131
132
133
134
1.5 -1.5 -1.000000000001851
1.5 -1.5 -0.5000000000037002
1.5 -1.5 -5.505595979116151e-12
1.5 -1.5 0.4999999999963007
1.5 -1.5 0.9999999999981504
1 23 0 5
135
136
137
138
139
1.5 1.5 -1.000000000001851
1.5 1.5 -0.5000000000037002
1.5 1.5 -5.505595979116151e-12
1.5 1.5 0.4999999999963007
1.5 1.5 0.9999999999981504
1 24 0 5
140
141
142
143
144
-1.5 1.5 -1.000000000001851
-1.5 1.5 -0.5000000000037002
-1.5 1.5 -5.505595979116151e-12
-1.5 1.5 0.4999999999963007
-1.5 1.5 0.9999999999981504
1 25 0 14
145
146
147
148
149
150
151
152
153
154
155
156
157
158
-0.2220703344061371 -0.2220703344061371 -0.2220703344061371
-0.2748448083097384 -0.2748448083097384 -0.2748448083097384
-0.3318412396016652 -0.3318412396016652 -0.3318412396016652
-0.3933973850058847 -0.3933973850058847 -0.3933973850058847
-0.4598780225480478 -0.4598780225480478 -0.4598780225480478
-0.5316771114562748 -0.5316771114562748 -0.5316771114562748
-0.6092201274572413 -0.6092201274572413 -0.6092201274572413
-0.6929665839560162 -0.6929665839560162 -0.6929665839560162
-0.7834127566959674 -0.7834127566959674 -0.7834127566959674
-0.8810946234946853 -0.8810946234946853 -0.8810946234946853
-0.9865910394420243 -0.9865910394420243 -0.9865910394420243
-1.100527168815364 -1.100527168815364 -1.100527168815364
-1.223578188883328 -1.223578188883328 -1.223578188883328
-1.356473290730677 -1.356473290730677 -1.356473290730677
1 26 0 14
159
160
161
162
163
164
165
166
167
168
169
170
171
172
0.2220703344061371 -0.2220703344061371 -0.2220703344061371
0.2748448083097384 -0.2748448083097384 -0.2748448083097384
0.3318412396016652 -0.3318412396016652 -0.3318412396016652
0.3933973850058847 -0.3933973850058847 -0.3933973850058847
0.4598780225480478 -0.4598780225480478 -0.4598780225480478
0.5316771114562748 -0.5316771114562748 -0.5316771114562748
0.6092201274572413 -0.6092201274572413 -0.6092201274572413
0.6929665839560162 -0.6929665839560162 -0.6929665839560162
0.7834127566959674 -0.7834127566959674 -0.7834127566959674
0.8810946234946853 -0.8810946234946853 -0.8810946234946853
0.9865910394420243 -0.9865910394420243 -0.9865910394420243
1.100527168815364 -1.100527168815364 -1.100527168815364
1.223578188883328 -1.223578188883328 -1.223578188883328
1.356473290730677 -1.356473290730677 -1.356473290730677
1 27 0 14
173
174
175
176
177
178
179
180
181
182
183
184
185
186
0.2220703344061371 0.2220703344061371 -0.2220703344061371
0.2748448083097384 0.2748448083097384 -0.2748448083097384
0.3318412396016652 0.3318412396016652 -0.3318412396016652
0.3933973850058847 0.3933973850058847 -0.3933973850058847
0.4598780225480478 0.4598780225480478 -0.4598780225480478
0.5316771114562748 0.5316771114562748 -0.5316771114562748
0.6092201274572413 0.6092201274572413 -0.6092201274572413
0.6929665839560162 0.6929665839560162 -0.6929665839560162
0.7834127566959674 0.7834127566959674 -0.7834127566959674
0.8810946234946853 0.8810946234946853 -0.8810946234946853
0.9865910394420243 0.9865910394420243 -0.9865910394420243
1.100527168815364 1.100527168815364 -1.100527168815364
1.223578188883328 1.223578188883328 -1.223578188883328
1.356473290730677 1.356473290730677 -1.356473290730677
1 28 0 14
187
188
189
190
191
192
193
194
195
196
197
198
199
200
-0.2220703344061371 0.2220703344061371 -0.2220703344061371
-0.2748448083097384 0.2748448083097384 -0.2748448083097384
-0.3318412396016652 0.3318412396016652 -0.3318412396016652
-0.3933973850058847 0.3933973850058847 -0.3933973850058847
-0.4598780225480478 0.4598780225480478 -0.4598780225480478
-0.5316771114562748 0.5316771114562748 -0.5316771114562748
-0.6092201274572413 0.6092201274572413 -0.6092201274572413
-0.6929665839560162 0.6929665839560162 -0.6929665839560162
-0.7834127566959674 0.7834127566959674 -0.7834127566959674
-0.8810946234946853 0.8810946234946853 -0.8810946234946853
-0.9865910394420243 0.9865910394420243 -0.9865910394420243
-1.100527168815364 1.100527168815364 -1.100527168815364
-1.223578188883328 1.223578188883328 -1.223578188883328
-1.356473290730677 1.356473290730677 -1.356473290730677
1 29 0 14
201
202
203
204
205
206
207
208
209
210
211
212
213
214
-0.2220703344061371 -0.2220703344061371 0.2220703344061371
-0.2748448083097384 -0.2748448083097384 0.2748448083097384
-0.3318412396016652 -0.3318412396016652 0.3318412396016652
-0.3933973850058847 -0.3933973850058847 0.3933973850058847
-0.4598780225480478 -0.4598780225480478 0.4598780225480478
-0.5316771114562748 -0.5316771114562748 0.5316771114562748
-0.6092201274572413 -0.6092201274572413 0.6092201274572413
-0.6929665839560162 -0.6929665839560162 0.6929665839560162
-0.7834127566959674 -0.7834127566959674 0.7834127566959674
-0.8810946234946853 -0.8810946234946853 0.8810946234946853
-0.9865910394420243 -0.9865910394420243 0.9865910394420243
-1.100527168815364 -1.100527168815364 1.100527168815364
-1.223578188883328 -1.223578188883328 1.223578188883328
-1.356473290730677 -1.356473290730677 1.356473290730677
1 30 0 14
215
216
217
218
219
220
221
222
223
224
225
226
227
228
0.2220703344061371 -0.2220703344061371 0.2220703344061371
0.2748448083097384 -0.2748448083097384 0.2748448083097384
0.3318412396016652 -0.3318412396016652 0.3318412396016652
0.3933973850058847 -0.3933973850058847 0.3933973850058847
0.4598780225480478 -0.4598780225480478 0.4598780225480478
0.5316771114562748 -0.5316771114562748 0.5316771114562748
0.6092201274572413 -0.6092201274572413 0.6092201274572413
0.6929665839560162 -0.6929665839560162 0.6929665839560162
0.7834127566959674 -0.7834127566959674 0.7834127566959674
0.8810946234946853 -0.8810946234946853 0.8810946234946853
0.9865910394420243 -0.9865910394420243 0.9865910394420243
1.100527168815364 -1.100527168815364 1.100527168815364
1.223578188883328 -1.223578188883328 1.223578188883328
1.356473290730677 -1.356473290730677 1.356473290730677
1 31 0 14
229
230
231
232
233
234
235
236
237
238
239
240
241
242
0.2220703344061371 0.2220703344061371 0.2220703344061371
0.2748448083097384 0.2748448083097384 0.2748448083097384
0.3318412396016652 0.3318412396016652 0.3318412396016652
0.3933973850058847 0.3933973850058847 0.3933973850058847
0.4598780225480478 0.4598780225480478 0.4598780225480478
0.5316771114562748 0.5316771114562748 0.5316771114562748
0.6092201274572413 0.6092201274572413 0.6092201274572413
0.6929665839560162 0.6929665839560162 0.6929665839560162
0.7834127566959674 0.7834127566959674 0.7834127566959674
0.8810946234946853 0.8810946234946853 0.8810946234946853
0.9865910394420243 0.9865910394420243 0.9865910394420243
1.100527168815364 1.100527168815364 1.100527168815364
1.223578188883328 1.223578188883328 1.223578188883328
1.356473290730677 1.356473290730677 1.356473290730677
1 32 0 14
243
244
245
246
247
248
249
250
251
252
253
254
255
256
-0.2220703344061371 0.2220703344061371 0.2220703344061371
-0.2748448083097384 0.2748448083097384 0.2748448083097384
-0.3318412396016652 0.3318412396016652 0.3318412396016652
-0.3933973850058847 0.3933973850058847 0.3933973850058847
-0.4598780225480478 0.4598780225480478 0.4598780225480478
-0.5316771114562748 0.5316771114562748 0.5316771114562748
-0.6092201274572413 0.6092201274572413 0.6092201274572413
-0.6929665839560162 0.6929665839560162 0.6929665839560162
-0.7834127566959674 0.7834127566959674 0.7834127566959674
-0.8810946234946853 0.8810946234946853 0.8810946234946853
-0.9865910394420243 0.9865910394420243 0.9865910394420243
-1.100527168815364 1.100527168815364 1.100527168815364
-1.223578188883328 1.223578188883328 1.223578188883328
-1.356473290730677 1.356473290730677 1.356473290730677
1 33 0 5
257
258
259
260
261
-1.166666666666942 -1.75 -1.75
-0.5833333333338826 -1.75 -1.75
-7.8026474170656e-13 -1.75 -1.75
0.5833333333338819 -1.75 -1.75
1.166666666666941 -1.75 -1.75
1 34 0 5
262
263
264
265
266
1.75 -1.166666666666942 -1.75
1.75 -0.5833333333338826 -1.75
1.75 -7.8026474170656e-13 -1.75
1.75 0.5833333333338819 -1.75
1.75 1.166666666666941 -1.75
1 35 0 5
267
268
269
270
271
1.166666666666942 1.75 -1.75
0.5833333333338826 1.75 -1.75
7.8026474170656e-13 1.75 -1.75
-0.5833333333338819 1.75 -1.75
-1.166666666666941 1.75 -1.75
1 36 0 5
272
273
274
275
276
-1.75 -1.166666666666942 -1.75
-1.75 -0.5833333333338826 -1.75
-1.75 -7.8026474170656e-13 -1.75
-1.75 0.5833333333338819 -1.75
-1.75 1.166666666666941 -1.75
1 37 0 5
277
278
279
280
281
-1.166666666666942 -1.75 1.75
-0.5833333333338826 -1.75 1.75
-7.8026474170656e-13 -1.75 1.75
0.5833333333338819 -1.75 1.75
1.166666666666941 -1.75 1.75
1 38 0 5
282
283
284
285
286
1.75 -1.166666666666942 1.75
1.75 -0.5833333333338826 1.75
1.75 -7.8026474170656e-13 1.75
1.75 0.5833333333338819 1.75
1.75 1.166666666666941 1.75
1 39 0 5
287
288
289
290
291
1.166666666666942 1.75 1.75
0.5833333333338826 1.75 1.75
7.8026474170656e-13 1.75 1.75
-0.5833333333338819 1.75 1.75
-1.166666666666941 1.75 1.75
1 40 0 5
292
293
294
295
296
-1.75 -1.166666666666942 1.75
-1.75 -0.5833333333338826 1.75
-1.75 -7.8026474170656e-13 1.75
-1.75 0.5833333333338819 1.75
-1.75 1.166666666666941 1.75
1 41 0 5
297
298
299
300
301
-1.75 -1.75 -1.166666666666942
-1.75 -1.75 -0.5833333333338826
-1.75 -1.75 -7.8026474170656e-13
-1.75 -1.75 0.5833333333338819
-1.75 -1.75 1.166666666666941
1 42 0 5
302
303
304
305
306
1.75 -1.75 -1.166666666666942
1.75 -1.75 -0.5833333333338826
1.75 -1.75 -7.8026474170656e-13
1.75 -1.75 0.5833333333338819
1.75 -1.75 1.166666666666941
1 43 0 5
307
308
309
310
311
1.75 1.75 -1.166666666666942
1.75 1.75 -0.5833333333338826
1.75 1.75 -7.8026474170656e-13
1.75 1.75 0.5833333333338819
1.75 1.75 1.166666666666941
1 44 0 5
312
313
314
315
316
-1.75 1.75 -1.166666666666942
-1.75 1.75 -0.5833333333338826
-1.75 1.75 -7.8026474170656e-13
-1.75 1.75 0.5833333333338819
-1.75 1.75 1.166666666666941
1 45 0 2
317
318
-1.583333333333333 -1.583333333333333 -1.583333333333333
-1.666666666666667 -1.666666666666667 -1.666666666666667
1 46 0 2
319
320
1.583333333333333 -1.583333333333333 -1.583333333333333
1.666666666666667 -1.666666666666667 -1.666666666666667
1 47 0 2
321
322
1.583333333333333 1.583333333333333 -1.583333333333333
1.666666666666667 1.666666666666667 -1.666666666666667
1 48 0 2
323
324
-1.583333333333333 1.583333333333333 -1.583333333333333
-1.666666666666667 1.666666666666667 -1.666666666666667
1 49 0 2
325
326
-1.583333333333333 -1.583333333333333 1.583333333333333
-1.666666666666667 -1.666666666666667 1.666666666666667
1 50 0 2
327
328
1.583333333333333 -1.583333333333333 1.583333333333333
1.666666666666667 -1.666666666666667 1.666666666666667
1 51 0 2
329
330
1.583333333333333 1.583333333333333 1.583333333333333
1.666666666666667 1.666666666666667 1.666666666666667
1 52 0 2
331
332
-1.583333333333333 1.583333333333333 1.583333333333333
-1.666666666666667 1.666666666666667 1.666666666666667
2 1 0 25
333
334
335
336
337
338
339
340
341
342
343
344
345
346
347
348
349
350
351
352
353
354
355
356
357
-0.1398895978666274 -0.1398895978047356 -0.2255256101526888
-0.07354471696595591 -0.153783432630146 -0.2468639918151021
4.084879465094449e-10 -0.1587765206236866 -0.2545388310231585
0.0735447174767867 -0.1537834325596807 -0.2468639917068136
0.1398895980588655 -0.139889597749406 -0.2255256100677668
-0.1537834327465914 -0.0735447168204419 -0.2468639917859136
-0.08281440488224207 -0.08281440457565151 -0.2761947659510955
2.321838859662045e-10 -0.08632160195657369 -0.2873126886088584
0.08281440516443662 -0.0828144045512556 -0.2761947658737969
0.1537834328454205 -0.0735447168026357 -0.2468639917296529
-0.1587765207726853 6.127319896309777e-10 -0.2545388309302158
-0.08632160239431889 6.965517668508503e-10 -0.2873126884773402
0 7.289270821229726e-10 -0.3
0.08632160239431885 6.965517628087794e-10 -0.2873126884773402
0.1587765207726853 6.12731980173849e-10 -0.2545388309302158
-0.1537834327397228 0.07354471756888178 -0.2468639915672202
-0.08281440509124881 0.08281440539783932 -0.2761947656419014
-2.321838898858211e-10 0.08632160283206414 -0.2873126883458219
0.08281440480905421 0.08281440542223528 -0.2761947657191999
0.1537834326408936 0.07354471758668815 -0.2468639916234809
-0.1398895979758712 0.1398895980377632 -0.2255256099403839
-0.07354471742336789 0.1537834328561682 -0.2468639915380317
-4.084880314690138e-10 0.1587765209216841 -0.2545388308372732
0.0735447169125371 0.1537834329266334 -0.2468639916463201
0.1398895977836332 0.1398895980930926 -0.2255256100253059
2 2 0 25
358
359
360
361
362
363
364
365
366
367
368
369
370
371
372
373
374
375
376
377
378
379
380
381
382
-0.1398895978666275 -0.1398895978047356 0.2255256101526889
-0.1537834327465914 -0.07354471682044193 0.2468639917859135
-0.1587765207726853 6.12731980173849e-10 0.2545388309302158
-0.1537834327397228 0.0735447175688819 0.2468639915672202
-0.1398895979758712 0.1398895980377631 0.2255256099403839
-0.07354471696595591 -0.153783432630146 0.2468639918151021
-0.08281440488224208 -0.08281440457565152 0.2761947659510954
-0.08632160239431889 6.965516415466476e-10 0.2873126884773402
-0.08281440509124874 0.08281440539783937 0.2761947656419014
-0.07354471742336789 0.1537834328561682 0.2468639915380317
4.084879439875439e-10 -0.1587765206236867 0.2545388310231584
2.321839277342721e-10 -0.08632160195657369 0.2873126886088584
-9.049385542625832e-26 7.289270821229726e-10 0.3
-2.321838993173203e-10 0.08632160283206414 0.2873126883458219
-4.084880320994893e-10 0.158776520921684 0.2545388308372733
0.07354471747678683 -0.1537834325596807 0.2468639917068136
0.08281440516443651 -0.08281440455125559 0.2761947658737969
0.08632160239431887 6.965516415466476e-10 0.2873126884773402
0.08281440480905414 0.08281440542223527 0.2761947657191999
0.07354471691253714 0.1537834329266334 0.2468639916463201
0.1398895980588654 -0.1398895977494061 0.2255256100677669
0.1537834328454206 -0.07354471680263569 0.2468639917296528
0.1587765207726854 6.127319707167202e-10 0.2545388309302158
0.1537834326408936 0.07354471758668815 0.2468639916234809
0.1398895977836332 0.1398895980930926 0.2255256100253058
2 3 0 25
383
384
385
386
387
388
389
390
391
392
393
394
395
396
397
398
399
400
401
402
403
404
405
406
407
-0.1398895977984227 -0.2255256101429997 -0.1398895978885608
-0.1537834326442455 -0.2468639918367698 -0.07354471686374243
-0.1587765206236866 -0.2545388310231585 5.839866821711335e-10
-0.1537834325539051 -0.2468639916979379 0.07354471751865638
-0.1398895977348332 -0.2255256100453998 0.1398895981094979
-0.07354471682528185 -0.2468639918012058 -0.1537834327197287
-0.08281440459761233 -0.2761947660206784 -0.08281440462821464
-0.08632160195657368 -0.2873126886088584 6.638740679608023e-10
-0.08281440453505848 -0.2761947658224763 0.08281440535179346
-0.0735447167843528 -0.2468639916718862 0.1537834329468951
6.127319745592283e-10 -0.2545388309780386 -0.1587765206960195
6.965515770449695e-10 -0.2873126886001068 -0.08632160198570264
7.289270655398725e-10 -0.3 6.947306484220512e-10
6.965516414041192e-10 -0.2873126883752883 0.08632160273398806
6.127319800558387e-10 -0.2545388308356147 0.1587765209243429
0.07354471759152811 -0.2468639916387731 -0.1537834326140308
0.08281440544419624 -0.2761947657887829 -0.08281440455502682
0.08632160283206414 -0.2873126883458219 6.63874059526531e-10
0.0828144053816422 -0.2761947655905808 0.08281440527860555
0.07354471755059899 -0.2468639915094536 0.1537834328411973
0.1398895980867798 -0.2255256100156167 -0.1398895978055666
0.153783432940733 -0.2468639916679879 -0.07354471681032365
0.158776520921684 -0.2545388308372732 5.839866781672773e-10
0.1537834328503925 -0.246863991529156 0.07354471746523752
0.1398895980231902 -0.2255256099180168 0.1398895980265036
2 4 0 25
408
409
410
411
412
413
414
415
416
417
418
419
420
421
422
423
424
425
426
427
428
429
430
431
432
0.1398895977984227 0.2255256101429997 -0.1398895978885608
0.1537834326442455 0.2468639918367698 -0.07354471686374243
0.1587765206236866 0.2545388310231585 5.839866821711335e-10
0.1537834325539051 0.2468639916979379 0.07354471751865638
0.1398895977348332 0.2255256100453998 0.1398895981094979
0.07354471682528185 0.2468639918012058 -0.1537834327197287
0.08281440459761233 0.2761947660206784 -0.08281440462821464
0.08632160195657368 0.2873126886088584 6.638740679608023e-10
0.08281440453505848 0.2761947658224763 0.08281440535179346
0.0735447167843528 0.2468639916718862 0.1537834329468951
-6.127319745592283e-10 0.2545388309780386 -0.1587765206960195
-6.965515770449695e-10 0.2873126886001068 -0.08632160198570264
-7.289270655398725e-10 0.3 6.947306484220512e-10
-6.965516414041192e-10 0.2873126883752883 0.08632160273398806
-6.127319800558387e-10 0.2545388308356147 0.1587765209243429
-0.07354471759152811 0.2468639916387731 -0.1537834326140308
-0.08281440544419624 0.2761947657887829 -0.08281440455502682
-0.08632160283206414 0.2873126883458219 6.63874059526531e-10
-0.0828144053816422 0.2761947655905808 0.08281440527860555
-0.07354471755059899 0.2468639915094536 0.1537834328411973
-0.1398895980867798 0.2255256100156167 -0.1398895978055666
-0.153783432940733 0.2468639916679879 -0.07354471681032365
-0.158776520921684 0.2545388308372732 5.839866781672773e-10
-0.1537834328503925 0.246863991529156 0.07354471746523752
-0.1398895980231902 0.2255256099180168 0.1398895980265036
2 5 0 25
433
434
435
436
437
438
439
440
441
442
443
444
445
446
447
448
449
450
451
452
453
454
455
456
457
-0.2255256100156167 0.1398895980867797 -0.1398895978055666
-0.2468639916679878 0.153783432940733 -0.07354471681032369
-0.2545388308372733 0.158776520921684 5.839866668187229e-10
-0.2468639915291559 0.1537834328503926 0.07354471746523747
-0.2255256099180168 0.1398895980231902 0.1398895980265036
-0.2468639916387731 0.07354471759152816 -0.1537834326140308
-0.2761947657887829 0.08281440544419606 -0.08281440455502685
-0.2873126883458219 0.08632160283206418 6.638740029375361e-10
-0.2761947655905808 0.08281440538164224 0.08281440527860558
-0.2468639915094535 0.0735447175505989 0.1537834328411974
-0.2545388309780385 6.12732040759129e-10 -0.1587765206960196
-0.2873126886001068 6.965517670223094e-10 -0.08632160198570271
-0.3 7.289271484553731e-10 6.947306567136011e-10
-0.2873126883752883 6.965517707503932e-10 0.08632160273398801
-0.2545388308356147 6.127320254500561e-10 0.158776520924343
-0.2468639918012057 -0.07354471682528192 -0.1537834327197287
-0.2761947660206784 -0.0828144045976124 -0.08281440462821464
-0.2873126886088584 -0.0863216019565736 6.638740598766602e-10
-0.2761947658224764 -0.08281440453505835 0.08281440535179339
-0.2468639916718862 -0.07354471678435268 0.1537834329468952
-0.2255256101429996 -0.1398895977984227 -0.1398895978885609
-0.2468639918367698 -0.1537834326442456 -0.07354471686374243
-0.2545388310231585 -0.1587765206236866 5.839866670397277e-10
-0.2468639916979379 -0.1537834325539051 0.07354471751865638
-0.2255256100453998 -0.1398895977348332 0.1398895981094979
2 6 0 25
458
459
460
461
462
463
464
465
466
467
468
469
470
471
472
473
474
475
476
477
478
479
480
481
482
0.2255256101429997 -0.1398895977984227 -0.1398895978885608
0.2468639918367698 -0.1537834326442455 -0.07354471686374243
0.2545388310231585 -0.1587765206236866 5.839866821711335e-10
0.2468639916979379 -0.1537834325539051 0.07354471751865638
0.2255256100453998 -0.1398895977348332 0.1398895981094979
0.2468639918012058 -0.07354471682528185 -0.1537834327197287
0.2761947660206784 -0.08281440459761233 -0.08281440462821464
0.2873126886088584 -0.08632160195657368 6.638740679608023e-10
0.2761947658224763 -0.08281440453505848 0.08281440535179346
0.2468639916718862 -0.0735447167843528 0.1537834329468951
0.2545388309780386 6.127319745592283e-10 -0.1587765206960195
0.2873126886001068 6.965515770449695e-10 -0.08632160198570264
0.3 7.289270655398725e-10 6.947306484220512e-10
0.2873126883752883 6.965516414041192e-10 0.08632160273398806
0.2545388308356147 6.127319800558387e-10 0.1587765209243429
0.2468639916387731 0.07354471759152811 -0.1537834326140308
0.2761947657887829 0.08281440544419624 -0.08281440455502682
0.2873126883458219 0.08632160283206414 6.63874059526531e-10
0.2761947655905808 0.0828144053816422 0.08281440527860555
0.2468639915094536 0.07354471755059899 0.1537834328411973
0.2255256100156167 0.1398895980867798 -0.1398895978055666
0.2468639916679879 0.153783432940733 -0.07354471681032365
0.2545388308372732 0.158776520921684 5.839866781672773e-10
0.246863991529156 0.1537834328503925 0.07354471746523752
0.2255256099180168 0.1398895980231902 0.1398895980265036
2 7 0 25
483
484
485
486
487
488
489
490
491
492
493
494
495
496
497
498
499
500
501
502
503
504
505
506
507
-1.000000000001234 -1.00000000000185 -1.5
-0.5000000000024667 -1.00000000000185 -1.5
-3.670397319410768e-12 -1.00000000000185 -1.5
0.499999999997534 -1.00000000000185 -1.5
0.9999999999987672 -1.00000000000185 -1.5
-1.000000000000617 -0.5000000000036997 -1.5
-0.5000000000012337 -0.5000000000036998 -1.5
-1.835198659705384e-12 -0.5000000000037 -1.5
0.4999999999987672 -0.5000000000037 -1.5
0.9999999999993836 -0.5000000000036997 -1.5
-1 -5.505609856903957e-12 -1.5
-0.5000000000000004 -5.505568223540535e-12 -1.5
0 -5.50559597911615e-12 -1.5
0.5000000000000004 -5.505540467964919e-12 -1.5
1 -5.50559597911615e-12 -1.5
-0.999999999999384 0.4999999999963007 -1.5
-0.4999999999987672 0.4999999999963007 -1.5
1.835198659705384e-12 0.4999999999963006 -1.5
0.5000000000012337 0.4999999999963006 -1.5
1.000000000000617 0.4999999999963007 -1.5
-0.9999999999987672 0.9999999999981501 -1.5
-0.4999999999975338 0.9999999999981501 -1.5
3.670369563835152e-12 0.9999999999981501 -1.5
0.5000000000024667 0.9999999999981504 -1.5
1.000000000001234 0.9999999999981501 -1.5
2 8 0 25
508
509
510
511
512
513
514
515
516
517
518
519
520
521
522
523
524
525
526
527
528
529
530
531
532
-1.000000000001234 -1.000000000001851 1.5
-1.000000000000617 -0.5000000000037002 1.5
-1 -5.505373934511226e-12 1.5
-0.9999999999993836 0.4999999999963008 1.5
-0.999999999998767 0.9999999999981506 1.5
-0.5000000000024668 -1.000000000001851 1.5
-0.5000000000012336 -0.5000000000037002 1.5
-0.5000000000000004 -5.505651490267383e-12 1.5
-0.4999999999987672 0.4999999999963006 1.5
-0.4999999999975339 0.9999999999981504 1.5
-3.670397319417559e-12 -1.000000000001851 1.5
-1.835198659718964e-12 -0.5000000000037002 1.5
-2.020776387072904e-23 -5.505595979116151e-12 1.5
1.835198659691806e-12 0.4999999999963007 1.5
3.670397319403979e-12 0.9999999999981504 1.5
0.499999999997534 -1.000000000001851 1.5
0.4999999999987672 -0.5000000000037002 1.5
0.5000000000000004 -5.505568223540536e-12 1.5
0.5000000000012337 0.4999999999963007 1.5
0.5000000000024668 0.9999999999981503 1.5
0.9999999999987672 -1.000000000001851 1.5
0.9999999999993838 -0.5000000000037002 1.5
1 -5.505429445662458e-12 1.5
1.000000000000618 0.4999999999963008 1.5
1.000000000001234 0.9999999999981506 1.5
2 9 0 25
533
534
535
536
537
538
539
540
541
542
543
544
545
546
547
548
549
550
551
552
553
554
555
556
557
-1.000000000001851 -1.5 -1.000000000001851
-1.000000000001851 -1.5 -0.5000000000037004
-1.000000000001851 -1.5 -5.505484956813689e-12
-1.00000000000185 -1.5 0.4999999999963006
-1.000000000001851 -1.5 0.9999999999981506
-0.5000000000037004 -1.5 -1.000000000001851
-0.5000000000037003 -1.5 -0.5000000000037002
-0.5000000000037002 -1.5 -5.50554046796492e-12
-0.5000000000037003 -1.5 0.4999999999963007
-0.5000000000037002 -1.5 0.9999999999981501
-5.505595979116151e-12 -1.5 -1.00000000000185
-5.50554046796492e-12 -1.5 -0.5000000000037002
-5.505595979116151e-12 -1.5 -5.505595979116151e-12
-5.505595979116151e-12 -1.5 0.4999999999963007
-5.505595979116151e-12 -1.5 0.9999999999981506
0.4999999999963006 -1.5 -1.00000000000185
0.4999999999963006 -1.5 -0.5000000000037002
0.4999999999963007 -1.5 -5.505595979116151e-12
0.4999999999963005 -1.5 0.4999999999963006
0.4999999999963007 -1.5 0.9999999999981504
0.9999999999981505 -1.5 -1.000000000001851
0.9999999999981504 -1.5 -0.5000000000037002
0.9999999999981505 -1.5 -5.505568223540536e-12
0.9999999999981504 -1.5 0.4999999999963007
0.9999999999981506 -1.5 0.9999999999981506
2 10 0 25
558
559
560
561
562
563
564
565
566
567
568
569
570
571
572
573
574
575
576
577
578
579
580
581
582
1.000000000001851 1.5 -1.000000000001851
1.000000000001851 1.5 -0.5000000000037004
1.000000000001851 1.5 -5.505484956813689e-12
1.00000000000185 1.5 0.4999999999963006
1.000000000001851 1.5 0.9999999999981506
0.5000000000037004 1.5 -1.000000000001851
0.5000000000037003 1.5 -0.5000000000037002
0.5000000000037002 1.5 -5.50554046796492e-12
0.5000000000037003 1.5 0.4999999999963007
0.5000000000037002 1.5 0.9999999999981501
5.505595979116151e-12 1.5 -1.00000000000185
5.50554046796492e-12 1.5 -0.5000000000037002
5.505595979116151e-12 1.5 -5.505595979116151e-12
5.505595979116151e-12 1.5 0.4999999999963007
5.505595979116151e-12 1.5 0.9999999999981506
-0.4999999999963006 1.5 -1.00000000000185
-0.4999999999963006 1.5 -0.5000000000037002
-0.4999999999963007 1.5 -5.505595979116151e-12
-0.4999999999963005 1.5 0.4999999999963006
-0.4999999999963007 1.5 0.9999999999981504
-0.9999999999981505 1.5 -1.000000000001851
-0.9999999999981504 1.5 -0.5000000000037002
-0.9999999999981505 1.5 -5.505568223540536e-12
-0.9999999999981504 1.5 0.4999999999963007
-0.9999999999981506 1.5 0.9999999999981506
2 11 0 25
583
584
585
586
587
588
589
590
591
592
593
594
595
596
597
598
599
600
601
602
603
604
605
606
607
-1.5 0.9999999999981506 -1.000000000001851
-1.5 0.9999999999981504 -0.5000000000037002
-1.5 0.9999999999981504 -5.505595979116151e-12
-1.5 0.9999999999981504 0.4999999999963007
-1.5 0.9999999999981506 0.9999999999981506
-1.5 0.4999999999963007 -1.000000000001851
-1.5 0.4999999999963007 -0.5000000000037004
-1.5 0.4999999999963007 -5.50554046796492e-12
-1.5 0.4999999999963007 0.4999999999963007
-1.5 0.4999999999963008 0.9999999999981504
-1.5 -5.505595979116151e-12 -1.00000000000185
-1.5 -5.50554046796492e-12 -0.5000000000037002
-1.5 -5.505595979116151e-12 -5.505595979116151e-12
-1.5 -5.505595979116151e-12 0.4999999999963007
-1.5 -5.505595979116151e-12 0.9999999999981506
-1.5 -0.5000000000037 -1.000000000001851
-1.5 -0.5000000000036999 -0.5000000000037002
-1.5 -0.5000000000037002 -5.505568223540536e-12
-1.5 -0.5000000000037 0.4999999999963006
-1.5 -0.5000000000037 0.9999999999981505
-1.5 -1.000000000001851 -1.000000000001851
-1.5 -1.000000000001851 -0.5000000000037004
-1.5 -1.00000000000185 -5.505623734691767e-12
-1.5 -1.00000000000185 0.4999999999963007
-1.5 -1.000000000001851 0.9999999999981505
2 12 0 25
608
609
610
611
612
613
614
615
616
617
618
619
620
621
622
623
624
625
626
627
628
629
630
631
632
1.5 -1.000000000001851 -1.000000000001851
1.5 -1.000000000001851 -0.5000000000037004
1.5 -1.000000000001851 -5.505484956813689e-12
1.5 -1.00000000000185 0.4999999999963006
1.5 -1.000000000001851 0.9999999999981506
1.5 -0.5000000000037004 -1.000000000001851
1.5 -0.5000000000037003 -0.5000000000037002
1.5 -0.5000000000037002 -5.50554046796492e-12
1.5 -0.5000000000037003 0.4999999999963007
1.5 -0.5000000000037002 0.9999999999981501
1.5 -5.505595979116151e-12 -1.00000000000185
1.5 -5.50554046796492e-12 -0.5000000000037002
1.5 -5.505595979116151e-12 -5.505595979116151e-12
1.5 -5.505595979116151e-12 0.4999999999963007
1.5 -5.505595979116151e-12 0.9999999999981506
1.5 0.4999999999963006 -1.00000000000185
1.5 0.4999999999963006 -0.5000000000037002
1.5 0.4999999999963007 -5.505595979116151e-12
1.5 0.4999999999963005 0.4999999999963006
1.5 0.4999999999963007 0.9999999999981504
1.5 0.9999999999981505 -1.000000000001851
1.5 0.9999999999981504 -0.5000000000037002
1.5 0.9999999999981505 -5.505568223540536e-12
1.5 0.9999999999981504 0.4999999999963007
1.5 0.9999999999981506 0.9999999999981506
2 13 0 70
633
634
635
636
637
638
639
640
641
642
643
644
645
646
647
648
649
650
651
652
653
654
655
656
657
658
659
660
661
662
663
664
665
666
667
668
669
670
671
672
673
674
675
676
677
678
679
680
681
682
683
684
685
686
687
688
689
690
691
692
693
694
695
696
697
698
699
700
701
702
-0.1520929070939166 -0.2426037542074461 -0.2426037542074461
-0.1871088018618968 -0.2945302624844373 -0.2945302624844373
-0.2249259678679087 -0.3506108909082101 -0.3506108909082101
-0.265768506899881 -0.4111779692213002 -0.4111779692213002
-0.3098784493956533 -0.4765904142971459 -0.4765904142971459
-0.357517187538466 -0.5472358553361859 -0.5472358553361859
-0.4089670247273408 -0.6235329316390579 -0.6235329316390579
-0.4645328483814499 -0.7059337732768184 -0.7059337732768184
-0.5245439377536374 -0.794926681971771 -0.794926681971771
-0.5893559144470168 -0.8910390235985286 -0.8910390235985286
-0.6593528491608369 -0.994840352363857 -0.994840352363857
-0.734949538768384 -1.106945787578875 -1.106945787578875
-0.8165939637930566 -1.228019657951086 -1.228019657951086
-0.9047699429581855 -1.358779438125131 -1.358779438125131
-0.07728097036629614 -0.2552787275434097 -0.2552787275434097
-0.09473793602516814 -0.3066817993061617 -0.3066817993061617
-0.1135914587718687 -0.3621971162997573 -0.3621971162997573
-0.1339532632187898 -0.4221536582721395 -0.4221536582721395
-0.1559440122001901 -0.486906724095011 -0.486906724095011
-0.1796940212334643 -0.5568400355372483 -0.5568400355372483
-0.2053440309984285 -0.6323680118757782 -0.6323680118757782
-0.2330460413040434 -0.7139382255598171 -0.7139382255598171
-0.2629642123631567 -0.8020340560675248 -0.8020340560675248
-0.2952758372110271 -0.8971775532496937 -0.8971775532496937
-0.3301723920110398 -0.9999325300168171 -0.9999325300168171
-0.3678606712784572 -1.110907905072301 -1.110907905072301
-0.4085640130406352 -1.230761310468814 -1.230761310468814
-0.4525236222471973 -1.360202988467401 -1.360202988467401
6.125251332086474e-10 -0.2595636260022747 -0.2595636260022747
7.189975800311213e-10 -0.3107897449438046 -0.3107897449438046
8.212151795164176e-10 -0.3661139528920669 -0.3661139528920669
9.167124874287599e-10 -0.4258640970966022 -0.4258640970966022
1.002472452496042e-09 -0.490394253328272 -0.490394253328272
1.074824626708722e-09 -0.5600868224105254 -0.5600868224105254
1.129324272035886e-09 -0.6353547970000251 -0.6353547970000251
1.160608353598808e-09 -0.7166442087973667 -0.7166442087973667
1.162232514789164e-09 -0.8044367732679476 -0.8044367732679476
1.126470437021768e-09 -0.8992527431287165 -0.8992527431287165
1.044089697205512e-09 -1.0016539903888 -1.0016539903888
9.040791679345369e-10 -1.112247337575497 -1.112247337575497
6.93334794421728e-10 -1.231688152871771 -1.231688152871771
3.962931352606418e-10 -1.360684233560593 -1.360684233560593
0.07728097116115733 -0.2552787274546243 -0.2552787274546243
0.09473793696148829 -0.306681799224563 -0.306681799224563
0.1135914598440704 -0.3621971162255795 -0.3621971162255795
0.1339532644180379 -0.4221536582055792 -0.4221536582055792
0.1559440135136642 -0.486906724036214 -0.486906724036214
0.179694022643493 -0.5568400354862951 -0.5568400354862951
0.2053440324814663 -0.632368011832666 -0.632368011832666
0.233046042829458 -0.7139382255244376 -0.7139382255244376
0.2629642138917951 -0.8020340560396391 -0.8020340560396391
0.2952758386935259 -0.8971775532289006 -0.8971775532289006
0.3301723933858288 -0.9999325300025175 -0.9999325300025175
0.3678606724694107 -1.110907905063653 -1.110907905063653
0.408564013954302 -1.230761310464681 -1.230761310464681
0.4525236227695484 -1.360202988466294 -1.360202988466294
0.1520929074255331 -0.242603754131252 -0.242603754131252
0.1871088022568653 -0.2945302624144112 -0.2945302624144112
0.2249259683238274 -0.3506108908445531 -0.3506108908445531
0.2657685074129124 -0.4111779691641813 -0.4111779691641813
0.3098784499602033 -0.4765904142466897 -0.4765904142466897
0.3575171881468016 -0.5472358552924619 -0.5472358552924619
0.4089670253691382 -0.623532931602063 -0.623532931602063
0.4645328490432581 -0.7059337732464602 -0.7059337732464602
0.5245439384182455 -0.7949266819478438 -0.7949266819478438
0.5893559150927083 -0.8910390235806882 -0.8910390235806882
0.6593528497605051 -0.994840352351589 -0.994840352351589
0.7349495392884958 -1.106945787571457 -1.106945787571457
0.8165939641924295 -1.228019657947543 -1.228019657947543
0.9047699431865472 -1.358779438124182 -1.358779438124182
2 14 0 70
703
704
705
706
707
708
709
710
711
712
713
714
715
716
717
718
719
720
721
722
723
724
725
726
727
728
729
730
731
732
733
734
735
736
737
738
739
740
741
742
743
744
745
746
747
748
749
750
751
752
753
754
755
756
757
758
759
760
761
762
763
764
765
766
767
768
769
770
771
772
0.2426037542074461 -0.1520929070939166 -0.2426037542074461
0.2945302624844373 -0.1871088018618968 -0.2945302624844373
0.3506108909082101 -0.2249259678679087 -0.3506108909082101
0.4111779692213002 -0.265768506899881 -0.4111779692213002
0.4765904142971459 -0.3098784493956533 -0.4765904142971459
0.5472358553361859 -0.357517187538466 -0.5472358553361859
0.6235329316390579 -0.4089670247273408 -0.6235329316390579
0.7059337732768184 -0.4645328483814499 -0.7059337732768184
0.794926681971771 -0.5245439377536374 -0.794926681971771
0.8910390235985286 -0.5893559144470168 -0.8910390235985286
0.994840352363857 -0.6593528491608369 -0.994840352363857
1.106945787578875 -0.734949538768384 -1.106945787578875
1.228019657951086 -0.8165939637930566 -1.228019657951086
1.358779438125131 -0.9047699429581855 -1.358779438125131
0.2552787275434097 -0.07728097036629614 -0.2552787275434097
0.3066817993061617 -0.09473793602516814 -0.3066817993061617
0.3621971162997573 -0.1135914587718687 -0.3621971162997573
0.4221536582721395 -0.1339532632187898 -0.4221536582721395
0.486906724095011 -0.1559440122001901 -0.486906724095011
0.5568400355372483 -0.1796940212334643 -0.5568400355372483
0.6323680118757782 -0.2053440309984285 -0.6323680118757782
0.7139382255598171 -0.2330460413040434 -0.7139382255598171
0.8020340560675248 -0.2629642123631567 -0.8020340560675248
0.8971775532496937 -0.2952758372110271 -0.8971775532496937
0.9999325300168171 -0.3301723920110398 -0.9999325300168171
1.110907905072301 -0.3678606712784572 -1.110907905072301
1.230761310468814 -0.4085640130406352 -1.230761310468814
1.360202988467401 -0.4525236222471973 -1.360202988467401
0.2595636260022747 6.125251332086474e-10 -0.2595636260022747
0.3107897449438046 7.189975800311213e-10 -0.3107897449438046
0.3661139528920669 8.212151795164176e-10 -0.3661139528920669
0.4258640970966022 9.167124874287599e-10 -0.4258640970966022
0.490394253328272 1.002472452496042e-09 -0.490394253328272
0.5600868224105254 1.074824626708722e-09 -0.5600868224105254
0.6353547970000251 1.129324272035886e-09 -0.6353547970000251
0.7166442087973667 1.160608353598808e-09 -0.7166442087973667
0.8044367732679476 1.162232514789164e-09 -0.8044367732679476
0.8992527431287165 1.126470437021768e-09 -0.8992527431287165
1.0016539903888 1.044089697205512e-09 -1.0016539903888
1.112247337575497 9.040791679345369e-10 -1.112247337575497
1.231688152871771 6.93334794421728e-10 -1.231688152871771
1.360684233560593 3.962931352606418e-10 -1.360684233560593
0.2552787274546243 0.07728097116115733 -0.2552787274546243
0.306681799224563 0.09473793696148829 -0.306681799224563
0.3621971162255795 0.1135914598440704 -0.3621971162255795
0.4221536582055792 0.1339532644180379 -0.4221536582055792
0.486906724036214 0.1559440135136642 -0.486906724036214
0.5568400354862951 0.179694022643493 -0.5568400354862951
0.632368011832666 0.2053440324814663 -0.632368011832666
0.7139382255244376 0.233046042829458 -0.7139382255244376
0.8020340560396391 0.2629642138917951 -0.8020340560396391
0.8971775532289006 0.2952758386935259 -0.8971775532289006
0.9999325300025175 0.3301723933858288 -0.9999325300025175
1.110907905063653 0.3678606724694107 -1.110907905063653
1.230761310464681 0.408564013954302 -1.230761310464681
1.360202988466294 0.4525236227695484 -1.360202988466294
0.242603754131252 0.1520929074255331 -0.242603754131252
0.2945302624144112 0.1871088022568653 -0.2945302624144112
0.3506108908445531 0.2249259683238274 -0.3506108908445531
0.4111779691641813 0.2657685074129124 -0.4111779691641813
0.4765904142466897 0.3098784499602033 -0.4765904142466897
0.5472358552924619 0.3575171881468016 -0.5472358552924619
0.623532931602063 0.4089670253691382 -0.623532931602063
0.7059337732464602 0.4645328490432581 -0.7059337732464602
0.7949266819478438 0.5245439384182455 -0.7949266819478438
0.8910390235806882 0.5893559150927083 -0.8910390235806882
0.994840352351589 0.6593528497605051 -0.994840352351589
1.106945787571457 0.7349495392884958 -1.106945787571457
1.228019657947543 0.8165939641924295 -1.228019657947543
1.358779438124182 0.9047699431865472 -1.358779438124182
2 15 0 70
773
774
775
776
777
778
779
780
781
782
783
784
785
786
787
788
789
790
791
792
793
794
795
796
797
798
799
800
801
802
803
804
805
806
807
808
809
810
811
812
813
814
815
816
817
818
819
820
821
822
823
824
825
826
827
828
829
830
831
832
833
834
835
836
837
838
839
840
841
842
0.1520929070939166 0.2426037542074461 -0.2426037542074461
0.1871088018618968 0.2945302624844373 -0.2945302624844373
0.2249259678679087 0.3506108909082101 -0.3506108909082101
0.265768506899881 0.4111779692213002 -0.4111779692213002
0.3098784493956533 0.4765904142971459 -0.4765904142971459
0.357517187538466 0.5472358553361859 -0.5472358553361859
0.4089670247273408 0.6235329316390579 -0.6235329316390579
0.4645328483814499 0.7059337732768184 -0.7059337732768184
0.5245439377536374 0.794926681971771 -0.794926681971771
0.5893559144470168 0.8910390235985286 -0.8910390235985286
0.6593528491608369 0.994840352363857 -0.994840352363857
0.734949538768384 1.106945787578875 -1.106945787578875
0.8165939637930566 1.228019657951086 -1.228019657951086
0.9047699429581855 1.358779438125131 -1.358779438125131
0.07728097036629614 0.2552787275434097 -0.2552787275434097
0.09473793602516814 0.3066817993061617 -0.3066817993061617
0.1135914587718687 0.3621971162997573 -0.3621971162997573
0.1339532632187898 0.4221536582721395 -0.4221536582721395
0.1559440122001901 0.486906724095011 -0.486906724095011
0.1796940212334643 0.5568400355372483 -0.5568400355372483
0.2053440309984285 0.6323680118757782 -0.6323680118757782
0.2330460413040434 0.7139382255598171 -0.7139382255598171
0.2629642123631567 0.8020340560675248 -0.8020340560675248
0.2952758372110271 0.8971775532496937 -0.8971775532496937
0.3301723920110398 0.9999325300168171 -0.9999325300168171
0.3678606712784572 1.110907905072301 -1.110907905072301
0.4085640130406352 1.230761310468814 -1.230761310468814
0.4525236222471973 1.360202988467401 -1.360202988467401
-6.125251332086474e-10 0.2595636260022747 -0.2595636260022747
-7.189975800311213e-10 0.3107897449438046 -0.3107897449438046
-8.212151795164176e-10 0.3661139528920669 -0.3661139528920669
-9.167124874287599e-10 0.4258640970966022 -0.4258640970966022
-1.002472452496042e-09 0.490394253328272 -0.490394253328272
-1.074824626708722e-09 0.5600868224105254 -0.5600868224105254
-1.129324272035886e-09 0.6353547970000251 -0.6353547970000251
-1.160608353598808e-09 0.7166442087973667 -0.7166442087973667
-1.162232514789164e-09 0.8044367732679476 -0.8044367732679476
-1.126470437021768e-09 0.8992527431287165 -0.8992527431287165
-1.044089697205512e-09 1.0016539903888 -1.0016539903888
-9.040791679345369e-10 1.112247337575497 -1.112247337575497
-6.93334794421728e-10 1.231688152871771 -1.231688152871771
-3.962931352606418e-10 1.360684233560593 -1.360684233560593
-0.07728097116115733 0.2552787274546243 -0.2552787274546243
-0.09473793696148829 0.306681799224563 -0.306681799224563
-0.1135914598440704 0.3621971162255795 -0.3621971162255795
-0.1339532644180379 0.4221536582055792 -0.4221536582055792
-0.1559440135136642 0.486906724036214 -0.486906724036214
-0.179694022643493 0.5568400354862951 -0.5568400354862951
-0.2053440324814663 0.632368011832666 -0.632368011832666
-0.233046042829458 0.7139382255244376 -0.7139382255244376
-0.2629642138917951 0.8020340560396391 -0.8020340560396391
-0.2952758386935259 0.8971775532289006 -0.8971775532289006
-0.3301723933858288 0.9999325300025175 -0.9999325300025175
-0.3678606724694107 1.110907905063653 -1.110907905063653
-0.408564013954302 1.230761310464681 -1.230761310464681
-0.4525236227695484 1.360202988466294 -1.360202988466294
-0.1520929074255331 0.242603754131252 -0.242603754131252
-0.1871088022568653 0.2945302624144112 -0.2945302624144112
-0.2249259683238274 0.3506108908445531 -0.3506108908445531
-0.2657685074129124 0.4111779691641813 -0.4111779691641813
-0.3098784499602033 0.4765904142466897 -0.4765904142466897
-0.3575171881468016 0.5472358552924619 -0.5472358552924619
-0.4089670253691382 0.623532931602063 -0.623532931602063
-0.4645328490432581 0.7059337732464602 -0.7059337732464602
-0.5245439384182455 0.7949266819478438 -0.7949266819478438
-0.5893559150927083 0.8910390235806882 -0.8910390235806882
-0.6593528497605051 0.994840352351589 -0.994840352351589
-0.7349495392884958 1.106945787571457 -1.106945787571457
-0.8165939641924295 1.228019657947543 -1.228019657947543
-0.9047699431865472 1.358779438124182 -1.358779438124182
2 16 0 70
843
844
845
846
847
848
849
850
851
852
853
854
855
856
857
858
859
860
861
862
863
864
865
866
867
868
869
870
871
872
873
874
875
876
877
878
879
880
881
882
883
884
885
886
887
888
889
890
891
892
893
894
895
896
897
898
899
900
901
902
903
904
905
906
907
908
909
910
911
912
-0.2426037542074461 -0.1520929070939166 -0.2426037542074461
-0.2945302624844373 -0.1871088018618968 -0.2945302624844373
-0.3506108909082101 -0.2249259678679087 -0.3506108909082101
-0.4111779692213002 -0.265768506899881 -0.4111779692213002
-0.4765904142971459 -0.3098784493956533 -0.4765904142971459
-0.5472358553361859 -0.357517187538466 -0.5472358553361859
-0.6235329316390579 -0.4089670247273408 -0.6235329316390579
-0.7059337732768184 -0.4645328483814499 -0.7059337732768184
-0.794926681971771 -0.5245439377536374 -0.794926681971771
-0.8910390235985286 -0.5893559144470168 -0.8910390235985286
-0.994840352363857 -0.6593528491608369 -0.994840352363857
-1.106945787578875 -0.734949538768384 -1.106945787578875
-1.228019657951086 -0.8165939637930566 -1.228019657951086
-1.358779438125131 -0.9047699429581855 -1.358779438125131
-0.2552787275434097 -0.07728097036629614 -0.2552787275434097
-0.3066817993061617 -0.09473793602516814 -0.3066817993061617
-0.3621971162997573 -0.1135914587718687 -0.3621971162997573
-0.4221536582721395 -0.1339532632187898 -0.4221536582721395
-0.486906724095011 -0.1559440122001901 -0.486906724095011
-0.5568400355372483 -0.1796940212334643 -0.5568400355372483
-0.6323680118757782 -0.2053440309984285 -0.6323680118757782
-0.7139382255598171 -0.2330460413040434 -0.7139382255598171
-0.8020340560675248 -0.2629642123631567 -0.8020340560675248
-0.8971775532496937 -0.2952758372110271 -0.8971775532496937
-0.9999325300168171 -0.3301723920110398 -0.9999325300168171
-1.110907905072301 -0.3678606712784572 -1.110907905072301
-1.230761310468814 -0.4085640130406352 -1.230761310468814
-1.360202988467401 -0.4525236222471973 -1.360202988467401
-0.2595636260022747 6.125251332086474e-10 -0.2595636260022747
-0.3107897449438046 7.189975800311213e-10 -0.3107897449438046
-0.3661139528920669 8.212151795164176e-10 -0.3661139528920669
-0.4258640970966022 9.167124874287599e-10 -0.4258640970966022
-0.490394253328272 1.002472452496042e-09 -0.490394253328272
-0.5600868224105254 1.074824626708722e-09 -0.5600868224105254
-0.6353547970000251 1.129324272035886e-09 -0.6353547970000251
-0.7166442087973667 1.160608353598808e-09 -0.7166442087973667
-0.8044367732679476 1.162232514789164e-09 -0.8044367732679476
-0.8992527431287165 1.126470437021768e-09 -0.8992527431287165
-1.0016539903888 1.044089697205512e-09 -1.0016539903888
-1.112247337575497 9.040791679345369e-10 -1.112247337575497
-1.231688152871771 6.93334794421728e-10 -1.231688152871771
-1.360684233560593 3.962931352606418e-10 -1.360684233560593
-0.2552787274546243 0.07728097116115733 -0.2552787274546243
-0.306681799224563 0.09473793696148829 -0.306681799224563
-0.3621971162255795 0.1135914598440704 -0.3621971162255795
-0.4221536582055792 0.1339532644180379 -0.4221536582055792
-0.486906724036214 0.1559440135136642 -0.486906724036214
-0.5568400354862951 0.179694022643493 -0.5568400354862951
-0.632368011832666 0.2053440324814663 -0.632368011832666
-0.7139382255244376 0.233046042829458 -0.7139382255244376
-0.8020340560396391 0.2629642138917951 -0.8020340560396391
-0.8971775532289006 0.2952758386935259 -0.8971775532289006
-0.9999325300025175 0.3301723933858288 -0.9999325300025175
-1.110907905063653 0.3678606724694107 -1.110907905063653
-1.230761310464681 0.408564013954302 -1.230761310464681
-1.360202988466294 0.4525236227695484 -1.360202988466294
-0.242603754131252 0.1520929074255331 -0.242603754131252
-0.2945302624144112 0.1871088022568653 -0.2945302624144112
-0.3506108908445531 0.2249259683238274 -0.3506108908445531
-0.4111779691641813 0.2657685074129124 -0.4111779691641813
-0.4765904142466897 0.3098784499602033 -0.4765904142466897
-0.5472358552924619 0.3575171881468016 -0.5472358552924619
-0.623532931602063 0.4089670253691382 -0.623532931602063
-0.7059337732464602 0.4645328490432581 -0.7059337732464602
-0.7949266819478438 0.5245439384182455 -0.7949266819478438
-0.8910390235806882 0.5893559150927083 -0.8910390235806882
-0.994840352351589 0.6593528497605051 -0.994840352351589
-1.106945787571457 0.7349495392884958 -1.106945787571457
-1.228019657947543 0.8165939641924295 -1.228019657947543
-1.358779438124182 0.9047699431865472 -1.358779438124182
2 17 0 70
913
914
915
916
917
918
919
920
921
922
923
924
925
926
927
928
929
930
931
932
933
934
935
936
937
938
939
940
941
942
943
944
945
946
947
948
949
950
951
952
953
954
955
956
957
958
959
960
961
962
963
964
965
966
967
968
969
970
971
972
973
974
975
976
977
978
979
980
981
982
-0.1520929070939166 -0.2426037542074461 0.2426037542074461
-0.1871088018618968 -0.2945302624844373 0.2945302624844373
-0.2249259678679087 -0.3506108909082101 0.3506108909082101
-0.265768506899881 -0.4111779692213002 0.4111779692213002
-0.3098784493956533 -0.4765904142971459 0.4765904142971459
-0.357517187538466 -0.5472358553361859 0.5472358553361859
-0.4089670247273408 -0.6235329316390579 0.6235329316390579
-0.4645328483814499 -0.7059337732768184 0.7059337732768184
-0.5245439377536374 -0.794926681971771 0.794926681971771
-0.5893559144470168 -0.8910390235985286 0.8910390235985286
-0.6593528491608369 -0.994840352363857 0.994840352363857
-0.734949538768384 -1.106945787578875 1.106945787578875
-0.8165939637930566 -1.228019657951086 1.228019657951086
-0.9047699429581855 -1.358779438125131 1.358779438125131
-0.07728097036629614 -0.2552787275434097 0.2552787275434097
-0.09473793602516814 -0.3066817993061617 0.3066817993061617
-0.1135914587718687 -0.3621971162997573 0.3621971162997573
-0.1339532632187898 -0.4221536582721395 0.4221536582721395
-0.1559440122001901 -0.486906724095011 0.486906724095011
-0.1796940212334643 -0.5568400355372483 0.5568400355372483
-0.2053440309984285 -0.6323680118757782 0.6323680118757782
-0.2330460413040434 -0.7139382255598171 0.7139382255598171
-0.2629642123631567 -0.8020340560675248 0.8020340560675248
-0.2952758372110271 -0.8971775532496937 0.8971775532496937
-0.3301723920110398 -0.9999325300168171 0.9999325300168171
-0.3678606712784572 -1.110907905072301 1.110907905072301
-0.4085640130406352 -1.230761310468814 1.230761310468814
-0.4525236222471973 -1.360202988467401 1.360202988467401
6.125251332086474e-10 -0.2595636260022747 0.2595636260022747
7.189975800311213e-10 -0.3107897449438046 0.3107897449438046
8.212151795164176e-10 -0.3661139528920669 0.3661139528920669
9.167124874287599e-10 -0.4258640970966022 0.4258640970966022
1.002472452496042e-09 -0.490394253328272 0.490394253328272
1.074824626708722e-09 -0.5600868224105254 0.5600868224105254
1.129324272035886e-09 -0.6353547970000251 0.6353547970000251
1.160608353598808e-09 -0.7166442087973667 0.7166442087973667
1.162232514789164e-09 -0.8044367732679476 0.8044367732679476
1.126470437021768e-09 -0.8992527431287165 0.8992527431287165
1.044089697205512e-09 -1.0016539903888 1.0016539903888
9.040791679345369e-10 -1.112247337575497 1.112247337575497
6.93334794421728e-10 -1.231688152871771 1.231688152871771
3.962931352606418e-10 -1.360684233560593 1.360684233560593
0.07728097116115733 -0.2552787274546243 0.2552787274546243
0.09473793696148829 -0.306681799224563 0.306681799224563
0.1135914598440704 -0.3621971162255795 0.3621971162255795
0.1339532644180379 -0.4221536582055792 0.4221536582055792
0.1559440135136642 -0.486906724036214 0.486906724036214
0.179694022643493 -0.5568400354862951 0.5568400354862951
0.2053440324814663 -0.632368011832666 0.632368011832666
0.233046042829458 -0.7139382255244376 0.7139382255244376
0.2629642138917951 -0.8020340560396391 0.8020340560396391
0.2952758386935259 -0.8971775532289006 0.8971775532289006
0.3301723933858288 -0.9999325300025175 0.9999325300025175
0.3678606724694107 -1.110907905063653 1.110907905063653
0.408564013954302 -1.230761310464681 1.230761310464681
0.4525236227695484 -1.360202988466294 1.360202988466294
0.1520929074255331 -0.242603754131252 0.242603754131252
0.1871088022568653 -0.2945302624144112 0.2945302624144112
0.2249259683238274 -0.3506108908445531 0.3506108908445531
0.2657685074129124 -0.4111779691641813 0.4111779691641813
0.3098784499602033 -0.4765904142466897 0.4765904142466897
0.3575171881468016 -0.5472358552924619 0.5472358552924619
0.4089670253691382 -0.623532931602063 0.623532931602063
0.4645328490432581 -0.7059337732464602 0.7059337732464602
0.5245439384182455 -0.7949266819478438 0.7949266819478438
0.5893559150927083 -0.8910390235806882 0.8910390235806882
0.6593528497605051 -0.994840352351589 0.994840352351589
0.7349495392884958 -1.106945787571457 1.106945787571457
0.8165939641924295 -1.228019657947543 1.228019657947543
0.9047699431865472 -1.358779438124182 1.358779438124182
2 18 0 70
983
984
985
986
987
988
989
990
991
992
993
994
995
996
997
998
999
1000
1001
1002
1003
1004
1005
1006
1007
1008
1009
1010
1011
1012
1013
1014
1015
1016
1017
1018
1019
1020
1021
1022
1023
1024
1025
1026
1027
1028
1029
1030
1031
1032
1033
1034
1035
1036
1037
1038
1039
1040
1041
1042
1043
1044
1045
1046
1047
1048
1049
1050
1051
1052
0.2426037542074461 -0.1520929070939166 0.2426037542074461
0.2945302624844373 -0.1871088018618968 0.2945302624844373
0.3506108909082101 -0.2249259678679087 0.3506108909082101
0.4111779692213002 -0.265768506899881 0.4111779692213002
0.4765904142971459 -0.3098784493956533 0.4765904142971459
0.5472358553361859 -0.357517187538466 0.5472358553361859
0.6235329316390579 -0.4089670247273408 0.6235329316390579
0.7059337732768184 -0.4645328483814499 0.7059337732768184
0.794926681971771 -0.5245439377536374 0.794926681971771
0.8910390235985286 -0.5893559144470168 0.8910390235985286
0.994840352363857 -0.6593528491608369 0.994840352363857
1.106945787578875 -0.734949538768384 1.106945787578875
1.228019657951086 -0.8165939637930566 1.228019657951086
1.358779438125131 -0.9047699429581855 1.358779438125131
0.2552787275434097 -0.07728097036629614 0.2552787275434097
0.3066817993061617 -0.09473793602516814 0.3066817993061617
0.3621971162997573 -0.1135914587718687 0.3621971162997573
0.4221536582721395 -0.1339532632187898 0.4221536582721395
0.486906724095011 -0.1559440122001901 0.486906724095011
0.5568400355372483 -0.1796940212334643 0.5568400355372483
0.6323680118757782 -0.2053440309984285 0.6323680118757782
0.7139382255598171 -0.2330460413040434 0.7139382255598171
0.8020340560675248 -0.2629642123631567 0.8020340560675248
0.8971775532496937 -0.2952758372110271 0.8971775532496937
0.9999325300168171 -0.3301723920110398 0.9999325300168171
1.110907905072301 -0.3678606712784572 1.110907905072301
1.230761310468814 -0.4085640130406352 1.230761310468814
1.360202988467401 -0.4525236222471973 1.360202988467401
0.2595636260022747 6.125251332086474e-10 0.2595636260022747
0.3107897449438046 7.189975800311213e-10 0.3107897449438046
0.3661139528920669 8.212151795164176e-10 0.3661139528920669
0.4258640970966022 9.167124874287599e-10 0.4258640970966022
0.490394253328272 1.002472452496042e-09 0.490394253328272
0.5600868224105254 1.074824626708722e-09 0.5600868224105254
0.6353547970000251 1.129324272035886e-09 0.6353547970000251
0.7166442087973667 1.160608353598808e-09 0.7166442087973667
0.8044367732679476 1.162232514789164e-09 0.8044367732679476
0.8992527431287165 1.126470437021768e-09 0.8992527431287165
1.0016539903888 1.044089697205512e-09 1.0016539903888
1.112247337575497 9.040791679345369e-10 1.112247337575497
1.231688152871771 6.93334794421728e-10 1.231688152871771
1.360684233560593 3.962931352606418e-10 1.360684233560593
0.2552787274546243 0.07728097116115733 0.2552787274546243
0.306681799224563 0.09473793696148829 0.306681799224563
0.3621971162255795 0.1135914598440704 0.3621971162255795
0.4221536582055792 0.1339532644180379 0.4221536582055792
0.486906724036214 0.1559440135136642 0.486906724036214
0.5568400354862951 0.179694022643493 0.5568400354862951
0.632368011832666 0.2053440324814663 0.632368011832666
0.7139382255244376 0.233046042829458 0.7139382255244376
0.8020340560396391 0.2629642138917951 0.8020340560396391
0.8971775532289006 0.2952758386935259 0.8971775532289006
0.9999325300025175 0.3301723933858288 0.9999325300025175
1.110907905063653 0.3678606724694107 1.110907905063653
1.230761310464681 0.408564013954302 1.230761310464681
1.360202988466294 0.4525236227695484 1.360202988466294
0.242603754131252 0.1520929074255331 0.242603754131252
0.2945302624144112 0.1871088022568653 0.2945302624144112
0.3506108908445531 0.2249259683238274 0.3506108908445531
0.4111779691641813 0.2657685074129124 0.4111779691641813
0.4765904142466897 0.3098784499602033 0.4765904142466897
0.5472358552924619 0.3575171881468016 0.5472358552924619
0.623532931602063 0.4089670253691382 0.623532931602063
0.7059337732464602 0.4645328490432581 0.7059337732464602
0.7949266819478438 0.5245439384182455 0.7949266819478438
0.8910390235806882 0.5893559150927083 0.8910390235806882
0.994840352351589 0.6593528497605051 0.994840352351589
1.106945787571457 0.7349495392884958 1.106945787571457
1.228019657947543 0.8165939641924295 1.228019657947543
1.358779438124182 0.9047699431865472 1.358779438124182
2 19 0 70
1053
1054
1055
1056
1057
1058
1059
1060
1061
1062
1063
1064
1065
1066
1067
1068
1069
1070
1071
1072
1073
1074
1075
1076
1077
1078
1079
1080
1081
1082
1083
1084
1085
1086
1087
1088
1089
1090
1091
1092
1093
1094
1095
1096
1097
1098
1099
1100
1101
1102
1103
1104
1105
1106
1107
1108
1109
1110
1111
1112
1113
1114
1115
1116
1117
1118
1119
1120
1121
1122
0.1520929070939166 0.2426037542074461 0.2426037542074461
0.1871088018618968 0.2945302624844373 0.2945302624844373
0.2249259678679087 0.3506108909082101 0.3506108909082101
0.265768506899881 0.4111779692213002 0.4111779692213002
0.3098784493956533 0.4765904142971459 0.4765904142971459
0.357517187538466 0.5472358553361859 0.5472358553361859
0.4089670247273408 0.6235329316390579 0.6235329316390579
0.4645328483814499 0.7059337732768184 0.7059337732768184
0.5245439377536374 0.794926681971771 0.794926681971771
0.5893559144470168 0.8910390235985286 0.8910390235985286
0.6593528491608369 0.994840352363857 0.994840352363857
0.734949538768384 1.106945787578875 1.106945787578875
0.8165939637930566 1.228019657951086 1.228019657951086
0.9047699429581855 1.358779438125131 1.358779438125131
0.07728097036629614 0.2552787275434097 0.2552787275434097
0.09473793602516814 0.3066817993061617 0.3066817993061617
0.1135914587718687 0.3621971162997573 0.3621971162997573
0.1339532632187898 0.4221536582721395 0.4221536582721395
0.1559440122001901 0.486906724095011 0.486906724095011
0.1796940212334643 0.5568400355372483 0.5568400355372483
0.2053440309984285 0.6323680118757782 0.6323680118757782
0.2330460413040434 0.7139382255598171 0.7139382255598171
0.2629642123631567 0.8020340560675248 0.8020340560675248
0.2952758372110271 0.8971775532496937 0.8971775532496937
0.3301723920110398 0.9999325300168171 0.9999325300168171
0.3678606712784572 1.110907905072301 1.110907905072301
0.4085640130406352 1.230761310468814 1.230761310468814
0.4525236222471973 1.360202988467401 1.360202988467401
-6.125251332086474e-10 0.2595636260022747 0.2595636260022747
-7.189975800311213e-10 0.3107897449438046 0.3107897449438046
-8.212151795164176e-10 0.3661139528920669 0.3661139528920669
-9.167124874287599e-10 0.4258640970966022 0.4258640970966022
-1.002472452496042e-09 0.490394253328272 0.490394253328272
-1.074824626708722e-09 0.5600868224105254 0.5600868224105254
-1.129324272035886e-09 0.6353547970000251 0.6353547970000251
-1.160608353598808e-09 0.7166442087973667 0.7166442087973667
-1.162232514789164e-09 0.8044367732679476 0.8044367732679476
-1.126470437021768e-09 0.8992527431287165 0.8992527431287165
-1.044089697205512e-09 1.0016539903888 1.0016539903888
-9.040791679345369e-10 1.112247337575497 1.112247337575497
-6.93334794421728e-10 1.231688152871771 1.231688152871771
-3.962931352606418e-10 1.360684233560593 1.360684233560593
-0.07728097116115733 0.2552787274546243 0.2552787274546243
-0.09473793696148829 0.306681799224563 0.306681799224563
-0.1135914598440704 0.3621971162255795 0.3621971162255795
-0.1339532644180379 0.4221536582055792 0.4221536582055792
-0.1559440135136642 0.486906724036214 0.486906724036214
-0.179694022643493 0.5568400354862951 0.5568400354862951
-0.2053440324814663 0.632368011832666 0.632368011832666
-0.233046042829458 0.7139382255244376 0.7139382255244376
-0.2629642138917951 0.8020340560396391 0.8020340560396391
-0.2952758386935259 0.8971775532289006 0.8971775532289006
-0.3301723933858288 0.9999325300025175 0.9999325300025175
-0.3678606724694107 1.110907905063653 1.110907905063653
-0.408564013954302 1.230761310464681 1.230761310464681
-0.4525236227695484 1.360202988466294 1.360202988466294
-0.1520929074255331 0.242603754131252 0.242603754131252
-0.1871088022568653 0.2945302624144112 0.2945302624144112
-0.2249259683238274 0.3506108908445531 0.3506108908445531
-0.2657685074129124 0.4111779691641813 0.4111779691641813
-0.3098784499602033 0.4765904142466897 0.4765904142466897
-0.3575171881468016 0.5472358552924619 0.5472358552924619
-0.4089670253691382 0.623532931602063 0.623532931602063
-0.4645328490432581 0.7059337732464602 0.7059337732464602
-0.5245439384182455 0.7949266819478438 0.7949266819478438
-0.5893559150927083 0.8910390235806882 0.8910390235806882
-0.6593528497605051 0.994840352351589 0.994840352351589
-0.7349495392884958 1.106945787571457 1.106945787571457
-0.8165939641924295 1.228019657947543 1.228019657947543
-0.9047699431865472 1.358779438124182 1.358779438124182
2 20 0 70
1123
1124
1125
1126
1127
1128
1129
1130
1131
1132
1133
1134
1135
1136
1137
1138
1139
1140
1141
1142
1143
1144
1145
1146
1147
1148
1149
1150
1151
1152
1153
1154
1155
1156
1157
1158
1159
1160
1161
1162
1163
1164
1165
1166
1167
1168
1169
1170
1171
1172
1173
1174
1175
1176
1177
1178
1179
1180
1181
1182
1183
1184
1185
1186
1187
1188
1189
1190
1191
1192
-0.2426037542074461 -0.1520929070939166 0.2426037542074461
-0.2945302624844373 -0.1871088018618968 0.2945302624844373
-0.3506108909082101 -0.2249259678679087 0.3506108909082101
-0.4111779692213002 -0.265768506899881 0.4111779692213002
-0.4765904142971459 -0.3098784493956533 0.4765904142971459
-0.5472358553361859 -0.357517187538466 0.5472358553361859
-0.6235329316390579 -0.4089670247273408 0.6235329316390579
-0.7059337732768184 -0.4645328483814499 0.7059337732768184
-0.794926681971771 -0.5245439377536374 0.794926681971771
-0.8910390235985286 -0.5893559144470168 0.8910390235985286
-0.994840352363857 -0.6593528491608369 0.994840352363857
-1.106945787578875 -0.734949538768384 1.106945787578875
-1.228019657951086 -0.8165939637930566 1.228019657951086
-1.358779438125131 -0.9047699429581855 1.358779438125131
-0.2552787275434097 -0.07728097036629614 0.2552787275434097
-0.3066817993061617 -0.09473793602516814 0.3066817993061617
-0.3621971162997573 -0.1135914587718687 0.3621971162997573
-0.4221536582721395 -0.1339532632187898 0.4221536582721395
-0.486906724095011 -0.1559440122001901 0.486906724095011
-0.5568400355372483 -0.1796940212334643 0.5568400355372483
-0.6323680118757782 -0.2053440309984285 0.6323680118757782
-0.7139382255598171 -0.2330460413040434 0.7139382255598171
-0.8020340560675248 -0.2629642123631567 0.8020340560675248
-0.8971775532496937 -0.2952758372110271 0.8971775532496937
-0.9999325300168171 -0.3301723920110398 0.9999325300168171
-1.110907905072301 -0.3678606712784572 1.110907905072301
-1.230761310468814 -0.4085640130406352 1.230761310468814
-1.360202988467401 -0.4525236222471973 1.360202988467401
-0.2595636260022747 6.125251332086474e-10 0.2595636260022747
-0.3107897449438046 7.189975800311213e-10 0.3107897449438046
-0.3661139528920669 8.212151795164176e-10 0.3661139528920669
-0.4258640970966022 9.167124874287599e-10 0.4258640970966022
-0.490394253328272 1.002472452496042e-09 0.490394253328272
-0.5600868224105254 1.074824626708722e-09 0.5600868224105254
-0.6353547970000251 1.129324272035886e-09 0.6353547970000251
-0.7166442087973667 1.160608353598808e-09 0.7166442087973667
-0.8044367732679476 1.162232514789164e-09 0.8044367732679476
-0.8992527431287165 1.126470437021768e-09 0.8992527431287165
-1.0016539903888 1.044089697205512e-09 1.0016539903888
-1.112247337575497 9.040791679345369e-10 1.112247337575497
-1.231688152871771 6.93334794421728e-10 1.231688152871771
-1.360684233560593 3.962931352606418e-10 1.360684233560593
-0.2552787274546243 0.07728097116115733 0.2552787274546243
-0.306681799224563 0.09473793696148829 0.306681799224563
-0.3621971162255795 0.1135914598440704 0.3621971162255795
-0.4221536582055792 0.1339532644180379 0.4221536582055792
-0.486906724036214 0.1559440135136642 0.486906724036214
-0.5568400354862951 0.179694022643493 0.5568400354862951
-0.632368011832666 0.2053440324814663 0.632368011832666
-0.7139382255244376 0.233046042829458 0.7139382255244376
-0.8020340560396391 0.2629642138917951 0.8020340560396391
-0.8971775532289006 0.2952758386935259 0.8971775532289006
-0.9999325300025175 0.3301723933858288 0.9999325300025175
-1.110907905063653 0.3678606724694107 1.110907905063653
-1.230761310464681 0.408564013954302 1.230761310464681
-1.360202988466294 0.4525236227695484 1.360202988466294
-0.242603754131252 0.1520929074255331 0.242603754131252
-0.2945302624144112 0.1871088022568653 0.2945302624144112
-0.3506108908445531 0.2249259683238274 0.3506108908445531
-0.4111779691641813 0.2657685074129124 0.4111779691641813
-0.4765904142466897 0.3098784499602033 0.4765904142466897
-0.5472358552924619 0.3575171881468016 0.5472358552924619
-0.623532931602063 0.4089670253691382 0.623532931602063
-0.7059337732464602 0.4645328490432581 0.7059337732464602
-0.7949266819478438 0.5245439384182455 0.7949266819478438
-0.8910390235806882 0.5893559150927083 0.8910390235806882
-0.994840352351589 0.6593528497605051 0.994840352351589
-1.106945787571457 0.7349495392884958 1.106945787571457
-1.228019657947543 0.8165939641924295 1.228019657947543
-1.358779438124182 0.9047699431865472 1.358779438124182
2 21 0 70
1193
1194
1195
1196
1197
1198
1199
1200
1201
1202
1203
1204
1205
1206
1207
1208
1209
1210
1211
1212
1213
1214
1215
1216
1217
1218
1219
1220
1221
1222
1223
1224
1225
1226
1227
1228
1229
1230
1231
1232
1233
1234
1235
1236
1237
1238
1239
1240
1241
1242
1243
1244
1245
1246
1247
1248
1249
1250
1251
1252
1253
1254
1255
1256
1257
1258
1259
1260
1261
1262
-0.2426037541889503 -0.2426037541889503 -0.1520929071744147
-0.2945302624674376 -0.2945302624674376 -0.1871088019577799
-0.3506108908927553 -0.3506108908927553 -0.2249259679785974
-0.4111779692074316 -0.4111779692074316 -0.2657685070244479
-0.4765904142848935 -0.4765904142848935 -0.3098784495327457
-0.5472358553255665 -0.5472358553255665 -0.3575171876862129
-0.6235329316300713 -0.6235329316300713 -0.4089670248832438
-0.7059337732694423 -0.7059337732694423 -0.4645328485422526
-0.7949266819659555 -0.7949266819659555 -0.5245439379151727
-0.8910390235941903 -0.8910390235941903 -0.5893559146040266
-0.9948403523608719 -0.9948403523608719 -0.6593528493067562
-1.106945787577069 -1.106945787577069 -0.7349495388950907
-1.228019657950222 -1.228019657950222 -0.8165939638905759
-1.358779438124898 -1.358779438124898 -0.90476994301434
-0.2552787275404555 -0.2552787275404555 -0.07728097039274393
-0.3066817993034466 -0.3066817993034466 -0.09473793605632452
-0.3621971162972887 -0.3621971162972887 -0.1135914588075493
-0.4221536582699242 -0.4221536582699242 -0.1339532632587016
-0.4869067240930539 -0.4869067240930539 -0.1559440122439081
-0.5568400355355521 -0.5568400355355521 -0.1796940212804019
-0.6323680118743429 -0.6323680118743429 -0.2053440310478046
-0.7139382255586388 -0.7139382255586388 -0.2330460413548414
-0.8020340560665959 -0.8020340560665959 -0.2629642124140763
-0.8971775532490007 -0.8971775532490007 -0.2952758372604301
-0.9999325300163406 -0.9999325300163406 -0.3301723920568808
-1.110907905072012 -1.110907905072012 -0.3678606713182088
-1.230761310468675 -1.230761310468675 -0.4085640130711934
-1.360202988467364 -1.360202988467364 -0.4525236222647758
-0.2595636260022747 -0.2595636260022747 5.837879865493272e-10
-0.3107897449438046 -0.3107897449438046 6.852632022533086e-10
-0.3661139528920669 -0.3661139528920669 7.826822317029519e-10
-0.4258640970966022 -0.4258640970966022 8.736947591392483e-10
-0.490394253328272 -0.490394253328272 9.554257088947105e-10
-0.5600868224105254 -0.5600868224105254 1.024375930571682e-09
-0.6353547970000251 -0.6353547970000251 1.076308907638066e-09
-0.7166442087973667 -0.7166442087973667 1.106113403409839e-09
-0.8044367732679476 -0.8044367732679476 1.107645611074704e-09
-0.8992527431287165 -0.8992527431287165 1.073542428384409e-09
-1.0016539903888 -1.0016539903888 9.950031814099079e-10
-1.112247337575497 -1.112247337575497 8.61532712034092e-10
-1.231688152871771 -1.231688152871771 6.6064138255666e-10
-1.360684233560593 -1.360684233560593 3.774926218715543e-10
-0.2552787274645709 -0.2552787274645709 0.07728097107210902
-0.3066817992337051 -0.3066817992337051 0.09473793685658596
-0.3621971162338907 -0.3621971162338907 0.1135914597239354
-0.4221536582130375 -0.4221536582130375 0.1339532642836566
-0.4869067240428032 -0.4869067240428032 0.155944013366468
-0.5568400354920059 -0.5568400354920059 0.1796940224854556
-0.632368011837499 -0.632368011837499 0.2053440323152189
-0.7139382255284046 -0.7139382255284046 0.233046042658424
-0.8020340560427666 -0.8020340560427666 0.2629642137203508
-0.8971775532312336 -0.8971775532312336 0.29527583852719
-0.9999325300041229 -0.9999325300041229 0.3301723932314843
-1.110907905064624 -1.110907905064624 0.3678606723355693
-1.230761310465146 -1.230761310465146 0.4085640138514135
-1.360202988466419 -1.360202988466419 0.4525236227103632
-0.2426037541305719 -0.2426037541305719 0.1520929074284923
-0.2945302624137863 -0.2945302624137863 0.18710880226039
-0.3506108908439852 -0.3506108908439852 0.2249259683278964
-0.4111779691636716 -0.4111779691636716 0.2657685074174915
-0.4765904142462393 -0.4765904142462393 0.3098784499652427
-0.5472358552920715 -0.5472358552920715 0.3575171881522328
-0.6235329316017326 -0.6235329316017326 0.4089670253748688
-0.7059337732461888 -0.7059337732461888 0.4645328490491689
-0.7949266819476302 -0.7949266819476302 0.5245439384241837
-0.8910390235805288 -0.8910390235805288 0.5893559150984798
-0.9948403523514793 -0.9948403523514793 0.6593528497658687
-1.106945787571391 -1.106945787571391 0.7349495392931538
-1.228019657947511 -1.228019657947511 0.8165939641960138
-1.358779438124174 -1.358779438124174 0.9047699431886113
2 22 0 70
1263
1264
1265
1266
1267
1268
1269
1270
1271
1272
1273
1274
1275
1276
1277
1278
1279
1280
1281
1282
1283
1284
1285
1286
1287
1288
1289
1290
1291
1292
1293
1294
1295
1296
1297
1298
1299
1300
1301
1302
1303
1304
1305
1306
1307
1308
1309
1310
1311
1312
1313
1314
1315
1316
1317
1318
1319
1320
1321
1322
1323
1324
1325
1326
1327
1328
1329
1330
1331
1332
0.2426037541889503 -0.2426037541889503 -0.1520929071744147
0.2945302624674376 -0.2945302624674376 -0.1871088019577799
0.3506108908927553 -0.3506108908927553 -0.2249259679785974
0.4111779692074316 -0.4111779692074316 -0.2657685070244479
0.4765904142848935 -0.4765904142848935 -0.3098784495327457
0.5472358553255665 -0.5472358553255665 -0.3575171876862129
0.6235329316300713 -0.6235329316300713 -0.4089670248832438
0.7059337732694423 -0.7059337732694423 -0.4645328485422526
0.7949266819659555 -0.7949266819659555 -0.5245439379151727
0.8910390235941903 -0.8910390235941903 -0.5893559146040266
0.9948403523608719 -0.9948403523608719 -0.6593528493067562
1.106945787577069 -1.106945787577069 -0.7349495388950907
1.228019657950222 -1.228019657950222 -0.8165939638905759
1.358779438124898 -1.358779438124898 -0.90476994301434
0.2552787275404555 -0.2552787275404555 -0.07728097039274393
0.3066817993034466 -0.3066817993034466 -0.09473793605632452
0.3621971162972887 -0.3621971162972887 -0.1135914588075493
0.4221536582699242 -0.4221536582699242 -0.1339532632587016
0.4869067240930539 -0.4869067240930539 -0.1559440122439081
0.5568400355355521 -0.5568400355355521 -0.1796940212804019
0.6323680118743429 -0.6323680118743429 -0.2053440310478046
0.7139382255586388 -0.7139382255586388 -0.2330460413548414
0.8020340560665959 -0.8020340560665959 -0.2629642124140763
0.8971775532490007 -0.8971775532490007 -0.2952758372604301
0.9999325300163406 -0.9999325300163406 -0.3301723920568808
1.110907905072012 -1.110907905072012 -0.3678606713182088
1.230761310468675 -1.230761310468675 -0.4085640130711934
1.360202988467364 -1.360202988467364 -0.4525236222647758
0.2595636260022747 -0.2595636260022747 5.837879865493272e-10
0.3107897449438046 -0.3107897449438046 6.852632022533086e-10
0.3661139528920669 -0.3661139528920669 7.826822317029519e-10
0.4258640970966022 -0.4258640970966022 8.736947591392483e-10
0.490394253328272 -0.490394253328272 9.554257088947105e-10
0.5600868224105254 -0.5600868224105254 1.024375930571682e-09
0.6353547970000251 -0.6353547970000251 1.076308907638066e-09
0.7166442087973667 -0.7166442087973667 1.106113403409839e-09
0.8044367732679476 -0.8044367732679476 1.107645611074704e-09
0.8992527431287165 -0.8992527431287165 1.073542428384409e-09
1.0016539903888 -1.0016539903888 9.950031814099079e-10
1.112247337575497 -1.112247337575497 8.61532712034092e-10
1.231688152871771 -1.231688152871771 6.6064138255666e-10
1.360684233560593 -1.360684233560593 3.774926218715543e-10
0.2552787274645709 -0.2552787274645709 0.07728097107210902
0.3066817992337051 -0.3066817992337051 0.09473793685658596
0.3621971162338907 -0.3621971162338907 0.1135914597239354
0.4221536582130375 -0.4221536582130375 0.1339532642836566
0.4869067240428032 -0.4869067240428032 0.155944013366468
0.5568400354920059 -0.5568400354920059 0.1796940224854556
0.632368011837499 -0.632368011837499 0.2053440323152189
0.7139382255284046 -0.7139382255284046 0.233046042658424
0.8020340560427666 -0.8020340560427666 0.2629642137203508
0.8971775532312336 -0.8971775532312336 0.29527583852719
0.9999325300041229 -0.9999325300041229 0.3301723932314843
1.110907905064624 -1.110907905064624 0.3678606723355693
1.230761310465146 -1.230761310465146 0.4085640138514135
1.360202988466419 -1.360202988466419 0.4525236227103632
0.2426037541305719 -0.2426037541305719 0.1520929074284923
0.2945302624137863 -0.2945302624137863 0.18710880226039
0.3506108908439852 -0.3506108908439852 0.2249259683278964
0.4111779691636716 -0.4111779691636716 0.2657685074174915
0.4765904142462393 -0.4765904142462393 0.3098784499652427
0.5472358552920715 -0.5472358552920715 0.3575171881522328
0.6235329316017326 -0.6235329316017326 0.4089670253748688
0.7059337732461888 -0.7059337732461888 0.4645328490491689
0.7949266819476302 -0.7949266819476302 0.5245439384241837
0.8910390235805288 -0.8910390235805288 0.5893559150984798
0.9948403523514793 -0.9948403523514793 0.6593528497658687
1.106945787571391 -1.106945787571391 0.7349495392931538
1.228019657947511 -1.228019657947511 0.8165939641960138
1.358779438124174 -1.358779438124174 0.9047699431886113
2 23 0 70
1333
1334
1335
1336
1337
1338
1339
1340
1341
1342
1343
1344
1345
1346
1347
1348
1349
1350
1351
1352
1353
1354
1355
1356
1357
1358
1359
1360
1361
1362
1363
1364
1365
1366
1367
1368
1369
1370
1371
1372
1373
1374
1375
1376
1377
1378
1379
1380
1381
1382
1383
1384
1385
1386
1387
1388
1389
1390
1391
1392
1393
1394
1395
1396
1397
1398
1399
1400
1401
1402
0.2426037541889503 0.2426037541889503 -0.1520929071744147
0.2945302624674376 0.2945302624674376 -0.1871088019577799
0.3506108908927553 0.3506108908927553 -0.2249259679785974
0.4111779692074316 0.4111779692074316 -0.2657685070244479
0.4765904142848935 0.4765904142848935 -0.3098784495327457
0.5472358553255665 0.5472358553255665 -0.3575171876862129
0.6235329316300713 0.6235329316300713 -0.4089670248832438
0.7059337732694423 0.7059337732694423 -0.4645328485422526
0.7949266819659555 0.7949266819659555 -0.5245439379151727
0.8910390235941903 0.8910390235941903 -0.5893559146040266
0.9948403523608719 0.9948403523608719 -0.6593528493067562
1.106945787577069 1.106945787577069 -0.7349495388950907
1.228019657950222 1.228019657950222 -0.8165939638905759
1.358779438124898 1.358779438124898 -0.90476994301434
0.2552787275404555 0.2552787275404555 -0.07728097039274393
0.3066817993034466 0.3066817993034466 -0.09473793605632452
0.3621971162972887 0.3621971162972887 -0.1135914588075493
0.4221536582699242 0.4221536582699242 -0.1339532632587016
0.4869067240930539 0.4869067240930539 -0.1559440122439081
0.5568400355355521 0.5568400355355521 -0.1796940212804019
0.6323680118743429 0.6323680118743429 -0.2053440310478046
0.7139382255586388 0.7139382255586388 -0.2330460413548414
0.8020340560665959 0.8020340560665959 -0.2629642124140763
0.8971775532490007 0.8971775532490007 -0.2952758372604301
0.9999325300163406 0.9999325300163406 -0.3301723920568808
1.110907905072012 1.110907905072012 -0.3678606713182088
1.230761310468675 1.230761310468675 -0.4085640130711934
1.360202988467364 1.360202988467364 -0.4525236222647758
0.2595636260022747 0.2595636260022747 5.837879865493272e-10
0.3107897449438046 0.3107897449438046 6.852632022533086e-10
0.3661139528920669 0.3661139528920669 7.826822317029519e-10
0.4258640970966022 0.4258640970966022 8.736947591392483e-10
0.490394253328272 0.490394253328272 9.554257088947105e-10
0.5600868224105254 0.5600868224105254 1.024375930571682e-09
0.6353547970000251 0.6353547970000251 1.076308907638066e-09
0.7166442087973667 0.7166442087973667 1.106113403409839e-09
0.8044367732679476 0.8044367732679476 1.107645611074704e-09
0.8992527431287165 0.8992527431287165 1.073542428384409e-09
1.0016539903888 1.0016539903888 9.950031814099079e-10
1.112247337575497 1.112247337575497 8.61532712034092e-10
1.231688152871771 1.231688152871771 6.6064138255666e-10
1.360684233560593 1.360684233560593 3.774926218715543e-10
0.2552787274645709 0.2552787274645709 0.07728097107210902
0.3066817992337051 0.3066817992337051 0.09473793685658596
0.3621971162338907 0.3621971162338907 0.1135914597239354
0.4221536582130375 0.4221536582130375 0.1339532642836566
0.4869067240428032 0.4869067240428032 0.155944013366468
0.5568400354920059 0.5568400354920059 0.1796940224854556
0.632368011837499 0.632368011837499 0.2053440323152189
0.7139382255284046 0.7139382255284046 0.233046042658424
0.8020340560427666 0.8020340560427666 0.2629642137203508
0.8971775532312336 0.8971775532312336 0.29527583852719
0.9999325300041229 0.9999325300041229 0.3301723932314843
1.110907905064624 1.110907905064624 0.3678606723355693
1.230761310465146 1.230761310465146 0.4085640138514135
1.360202988466419 1.360202988466419 0.4525236227103632
0.2426037541305719 0.2426037541305719 0.1520929074284923
0.2945302624137863 0.2945302624137863 0.18710880226039
0.3506108908439852 0.3506108908439852 0.2249259683278964
0.4111779691636716 0.4111779691636716 0.2657685074174915
0.4765904142462393 0.4765904142462393 0.3098784499652427
0.5472358552920715 0.5472358552920715 0.3575171881522328
0.6235329316017326 0.6235329316017326 0.4089670253748688
0.7059337732461888 0.7059337732461888 0.4645328490491689
0.7949266819476302 0.7949266819476302 0.5245439384241837
0.8910390235805288 0.8910390235805288 0.5893559150984798
0.9948403523514793 0.9948403523514793 0.6593528497658687
1.106945787571391 1.106945787571391 0.7349495392931538
1.228019657947511 1.228019657947511 0.8165939641960138
1.358779438124174 1.358779438124174 0.9047699431886113
2 24 0 70
1403
1404
1405
1406
1407
1408
1409
1410
1411
1412
1413
1414
1415
1416
1417
1418
1419
1420
1421
1422
1423
1424
1425
1426
1427
1428
1429
1430
1431
1432
1433
1434
1435
1436
1437
1438
1439
1440
1441
1442
1443
1444
1445
1446
1447
1448
1449
1450
1451
1452
1453
1454
1455
1456
1457
1458
1459
1460
1461
1462
1463
1464
1465
1466
1467
1468
1469
1470
1471
1472
-0.2426037541889503 0.2426037541889503 -0.1520929071744147
-0.2945302624674376 0.2945302624674376 -0.1871088019577799
-0.3506108908927553 0.3506108908927553 -0.2249259679785974
-0.4111779692074316 0.4111779692074316 -0.2657685070244479
-0.4765904142848935 0.4765904142848935 -0.3098784495327457
-0.5472358553255665 0.5472358553255665 -0.3575171876862129
-0.6235329316300713 0.6235329316300713 -0.4089670248832438
-0.7059337732694423 0.7059337732694423 -0.4645328485422526
-0.7949266819659555 0.7949266819659555 -0.5245439379151727
-0.8910390235941903 0.8910390235941903 -0.5893559146040266
-0.9948403523608719 0.9948403523608719 -0.6593528493067562
-1.106945787577069 1.106945787577069 -0.7349495388950907
-1.228019657950222 1.228019657950222 -0.8165939638905759
-1.358779438124898 1.358779438124898 -0.90476994301434
-0.2552787275404555 0.2552787275404555 -0.07728097039274393
-0.3066817993034466 0.3066817993034466 -0.09473793605632452
-0.3621971162972887 0.3621971162972887 -0.1135914588075493
-0.4221536582699242 0.4221536582699242 -0.1339532632587016
-0.4869067240930539 0.4869067240930539 -0.1559440122439081
-0.5568400355355521 0.5568400355355521 -0.1796940212804019
-0.6323680118743429 0.6323680118743429 -0.2053440310478046
-0.7139382255586388 0.7139382255586388 -0.2330460413548414
-0.8020340560665959 0.8020340560665959 -0.2629642124140763
-0.8971775532490007 0.8971775532490007 -0.2952758372604301
-0.9999325300163406 0.9999325300163406 -0.3301723920568808
-1.110907905072012 1.110907905072012 -0.3678606713182088
-1.230761310468675 1.230761310468675 -0.4085640130711934
-1.360202988467364 1.360202988467364 -0.4525236222647758
-0.2595636260022747 0.2595636260022747 5.837879865493272e-10
-0.3107897449438046 0.3107897449438046 6.852632022533086e-10
-0.3661139528920669 0.3661139528920669 7.826822317029519e-10
-0.4258640970966022 0.4258640970966022 8.736947591392483e-10
-0.490394253328272 0.490394253328272 9.554257088947105e-10
-0.5600868224105254 0.5600868224105254 1.024375930571682e-09
-0.6353547970000251 0.6353547970000251 1.076308907638066e-09
-0.7166442087973667 0.7166442087973667 1.106113403409839e-09
-0.8044367732679476 0.8044367732679476 1.107645611074704e-09
-0.8992527431287165 0.8992527431287165 1.073542428384409e-09
-1.0016539903888 1.0016539903888 9.950031814099079e-10
-1.112247337575497 1.112247337575497 8.61532712034092e-10
-1.231688152871771 1.231688152871771 6.6064138255666e-10
-1.360684233560593 1.360684233560593 3.774926218715543e-10
-0.2552787274645709 0.2552787274645709 0.07728097107210902
-0.3066817992337051 0.3066817992337051 0.09473793685658596
-0.3621971162338907 0.3621971162338907 0.1135914597239354
-0.4221536582130375 0.4221536582130375 0.1339532642836566
-0.4869067240428032 0.4869067240428032 0.155944013366468
-0.5568400354920059 0.5568400354920059 0.1796940224854556
-0.632368011837499 0.632368011837499 0.2053440323152189
-0.7139382255284046 0.7139382255284046 0.233046042658424
-0.8020340560427666 0.8020340560427666 0.2629642137203508
-0.8971775532312336 0.8971775532312336 0.29527583852719
-0.9999325300041229 0.9999325300041229 0.3301723932314843
-1.110907905064624 1.110907905064624 0.3678606723355693
-1.230761310465146 1.230761310465146 0.4085640138514135
-1.360202988466419 1.360202988466419 0.4525236227103632
-0.2426037541305719 0.2426037541305719 0.1520929074284923
-0.2945302624137863 0.2945302624137863 0.18710880226039
-0.3506108908439852 0.3506108908439852 0.2249259683278964
-0.4111779691636716 0.4111779691636716 0.2657685074174915
-0.4765904142462393 0.4765904142462393 0.3098784499652427
-0.5472358552920715 0.5472358552920715 0.3575171881522328
-0.6235329316017326 0.6235329316017326 0.4089670253748688
-0.7059337732461888 0.7059337732461888 0.4645328490491689
-0.7949266819476302 0.7949266819476302 0.5245439384241837
-0.8910390235805288 0.8910390235805288 0.5893559150984798
-0.9948403523514793 0.9948403523514793 0.6593528497658687
-1.106945787571391 1.106945787571391 0.7349495392931538
-1.228019657947511 1.228019657947511 0.8165939641960138
-1.358779438124174 1.358779438124174 0.9047699431886113
2 25 0 25
1473
1474
1475
1476
1477
1478
1479
1480
1481
1482
1483
1484
1485
1486
1487
1488
1489
1490
1491
1492
1493
1494
1495
1496
1497
-1.166666666666942 -1.166666666666942 -1.75
-0.5833333333338825 -1.166666666666941 -1.75
-5.200284647344233e-13 -1.166666666666941 -1.75
0.5833333333338819 -1.166666666666941 -1.75
1.166666666666941 -1.166666666666942 -1.75
-1.166666666666941 -0.5833333333338828 -1.75
-0.5833333333338826 -0.5833333333338826 -1.75
-2.601252546696742e-13 -0.5833333333338826 -1.75
0.5833333333338823 -0.5833333333338826 -1.75
1.166666666666941 -0.5833333333338828 -1.75
-1.166666666666941 -7.802369861309444e-13 -1.75
-0.5833333333338824 -7.803202528577911e-13 -1.75
5.551115123125783e-17 -7.803202528577913e-13 -1.75
0.5833333333338825 -7.803757640090225e-13 -1.75
1.166666666666941 -7.8026474170656e-13 -1.75
-1.166666666666941 0.5833333333338819 -1.75
-0.5833333333338822 0.5833333333338822 -1.75
2.601807658209054e-13 0.5833333333338819 -1.75
0.5833333333338825 0.583333333333882 -1.75
1.166666666666941 0.583333333333882 -1.75
-1.166666666666941 1.166666666666941 -1.75
-0.5833333333338822 1.166666666666941 -1.75
5.201117314612702e-13 1.166666666666941 -1.75
0.5833333333338824 1.166666666666941 -1.75
1.166666666666941 1.166666666666941 -1.75
2 26 0 25
1498
1499
1500
1501
1502
1503
1504
1505
1506
1507
1508
1509
1510
1511
1512
1513
1514
1515
1516
1517
1518
1519
1520
1521
1522
-1.166666666666941 -1.166666666666941 1.75
-1.166666666666941 -0.5833333333338824 1.75
-1.166666666666941 -7.8026474170656e-13 1.75
-1.166666666666941 0.5833333333338819 1.75
-1.166666666666941 1.166666666666941 1.75
-0.5833333333338825 -1.166666666666941 1.75
-0.5833333333338825 -0.5833333333338826 1.75
-0.5833333333338822 -7.8026474170656e-13 1.75
-0.5833333333338822 0.583333333333882 1.75
-0.5833333333338818 1.166666666666941 1.75
-5.201487388955469e-13 -1.166666666666941 1.75
-2.600327360845336e-13 -0.5833333333338824 1.75
5.551115088340172e-17 -7.803202528577913e-13 1.75
2.601992695382271e-13 0.583333333333882 1.75
5.201764944711621e-13 1.166666666666941 1.75
0.5833333333338819 -1.166666666666941 1.75
0.5833333333338824 -0.5833333333338824 1.75
0.5833333333338826 -7.8026474170656e-13 1.75
0.5833333333338825 0.583333333333882 1.75
0.5833333333338824 1.166666666666941 1.75
1.166666666666941 -1.166666666666941 1.75
1.166666666666941 -0.5833333333338825 1.75
1.166666666666941 -7.8026474170656e-13 1.75
1.166666666666941 0.5833333333338819 1.75
1.166666666666941 1.166666666666941 1.75
2 27 0 25
1523
1524
1525
1526
1527
1528
1529
1530
1531
1532
1533
1534
1535
1536
1537
1538
1539
1540
1541
1542
1543
1544
1545
1546
1547
-1.166666666666941 -1.75 -1.166666666666941
-1.166666666666941 -1.75 -0.5833333333338826
-1.166666666666941 -1.75 -7.8026474170656e-13
-1.166666666666941 -1.75 0.5833333333338819
-1.166666666666942 -1.75 1.166666666666941
-0.5833333333338826 -1.75 -1.166666666666941
-0.5833333333338826 -1.75 -0.5833333333338825
-0.5833333333338828 -1.75 -7.8026474170656e-13
-0.5833333333338824 -1.75 0.5833333333338819
-0.5833333333338826 -1.75 1.166666666666941
-7.802647417065598e-13 -1.75 -1.166666666666941
-7.803202528577913e-13 -1.75 -0.5833333333338824
-7.8026474170656e-13 -1.75 -7.8026474170656e-13
-7.80486786311485e-13 -1.75 0.5833333333338819
-7.8026474170656e-13 -1.75 1.166666666666941
0.583333333333882 -1.75 -1.166666666666941
0.5833333333338819 -1.75 -0.5833333333338824
0.583333333333882 -1.75 -7.803757640090225e-13
0.583333333333882 -1.75 0.5833333333338819
0.5833333333338819 -1.75 1.166666666666941
1.166666666666941 -1.75 -1.166666666666941
1.166666666666941 -1.75 -0.5833333333338826
1.166666666666941 -1.75 -7.802369861309444e-13
1.166666666666941 -1.75 0.5833333333338819
1.166666666666941 -1.75 1.166666666666941
2 28 0 25
1548
1549
1550
1551
1552
1553
1554
1555
1556
1557
1558
1559
1560
1561
1562
1563
1564
1565
1566
1567
1568
1569
1570
1571
1572
1.166666666666941 1.75 -1.166666666666941
1.166666666666941 1.75 -0.5833333333338826
1.166666666666941 1.75 -7.8026474170656e-13
1.166666666666941 1.75 0.5833333333338819
1.166666666666942 1.75 1.166666666666941
0.5833333333338826 1.75 -1.166666666666941
0.5833333333338826 1.75 -0.5833333333338825
0.5833333333338828 1.75 -7.8026474170656e-13
0.5833333333338824 1.75 0.5833333333338819
0.5833333333338826 1.75 1.166666666666941
7.802647417065598e-13 1.75 -1.166666666666941
7.803202528577913e-13 1.75 -0.5833333333338824
7.8026474170656e-13 1.75 -7.8026474170656e-13
7.80486786311485e-13 1.75 0.5833333333338819
7.8026474170656e-13 1.75 1.166666666666941
-0.583333333333882 1.75 -1.166666666666941
-0.5833333333338819 1.75 -0.5833333333338824
-0.583333333333882 1.75 -7.803757640090225e-13
-0.583333333333882 1.75 0.5833333333338819
-0.5833333333338819 1.75 1.166666666666941
-1.166666666666941 1.75 -1.166666666666941
-1.166666666666941 1.75 -0.5833333333338826
-1.166666666666941 1.75 -7.802369861309444e-13
-1.166666666666941 1.75 0.5833333333338819
-1.166666666666941 1.75 1.166666666666941
2 29 0 25
1573
1574
1575
1576
1577
1578
1579
1580
1581
1582
1583
1584
1585
1586
1587
1588
1589
1590
1591
1592
1593
1594
1595
1596
1597
-1.75 1.166666666666941 -1.166666666666941
-1.75 1.16666666666694 -0.5833333333338826
-1.75 1.16666666666694 -7.8026474170656e-13
-1.75 1.166666666666941 0.5833333333338819
-1.75 1.166666666666941 1.166666666666941
-1.75 0.5833333333338819 -1.166666666666941
-1.75 0.5833333333338819 -0.5833333333338824
-1.75 0.5833333333338819 -7.803757640090225e-13
-1.75 0.5833333333338819 0.5833333333338819
-1.75 0.5833333333338819 1.166666666666941
-1.75 -7.802647417065598e-13 -1.166666666666941
-1.75 -7.803202528577913e-13 -0.5833333333338825
-1.75 -7.8026474170656e-13 -7.8026474170656e-13
-1.75 -7.80486786311485e-13 0.5833333333338819
-1.75 -7.8026474170656e-13 1.166666666666941
-1.75 -0.5833333333338826 -1.166666666666941
-1.75 -0.5833333333338826 -0.5833333333338825
-1.75 -0.5833333333338827 -7.8026474170656e-13
-1.75 -0.5833333333338824 0.5833333333338819
-1.75 -0.5833333333338826 1.166666666666941
-1.75 -1.166666666666941 -1.166666666666941
-1.75 -1.166666666666941 -0.5833333333338825
-1.75 -1.166666666666942 -7.801814749797131e-13
-1.75 -1.166666666666942 0.5833333333338819
-1.75 -1.166666666666942 1.166666666666941
2 30 0 25
1598
1599
1600
1601
1602
1603
1604
1605
1606
1607
1608
1609
1610
1611
1612
1613
1614
1615
1616
1617
1618
1619
1620
1621
1622
1.75 -1.166666666666941 -1.166666666666941
1.75 -1.166666666666941 -0.5833333333338826
1.75 -1.166666666666941 -7.8026474170656e-13
1.75 -1.166666666666941 0.5833333333338819
1.75 -1.166666666666942 1.166666666666941
1.75 -0.5833333333338826 -1.166666666666941
1.75 -0.5833333333338826 -0.5833333333338825
1.75 -0.5833333333338828 -7.8026474170656e-13
1.75 -0.5833333333338824 0.5833333333338819
1.75 -0.5833333333338826 1.166666666666941
1.75 -7.802647417065598e-13 -1.166666666666941
1.75 -7.803202528577913e-13 -0.5833333333338824
1.75 -7.8026474170656e-13 -7.8026474170656e-13
1.75 -7.80486786311485e-13 0.5833333333338819
1.75 -7.8026474170656e-13 1.166666666666941
1.75 0.583333333333882 -1.166666666666941
1.75 0.5833333333338819 -0.5833333333338824
1.75 0.583333333333882 -7.803757640090225e-13
1.75 0.583333333333882 0.5833333333338819
1.75 0.5833333333338819 1.166666666666941
1.75 1.166666666666941 -1.166666666666941
1.75 1.166666666666941 -0.5833333333338826
1.75 1.166666666666941 -7.802369861309444e-13
1.75 1.166666666666941 0.5833333333338819
1.75 1.166666666666941 1.166666666666941
2 31 0 10
1623
1624
1625
1626
1627
1628
1629
1630
1631
1632
-1.05555555555694 -1.583333333333333 -1.583333333333333
-1.111111111111971 -1.666666666666667 -1.666666666666667
-0.527777777780547 -1.583333333333333 -1.583333333333333
-0.5555555555572748 -1.666666666666667 -1.666666666666667
-4.109879103708636e-12 -1.583333333333333 -1.583333333333333
-2.53471318008754e-12 -1.666666666666667 -1.666666666666667
0.5277777777753406 -1.583333333333333 -1.583333333333333
0.5555555555545338 -1.666666666666667 -1.666666666666667
1.055555555554337 -1.583333333333333 -1.583333333333333
1.1111111111106 -1.666666666666667 -1.666666666666667
2 32 0 10
1633
1634
1635
1636
1637
1638
1639
1640
1641
1642
1.583333333333333 -1.05555555555694 -1.583333333333333
1.666666666666667 -1.111111111111971 -1.666666666666667
1.583333333333333 -0.527777777780547 -1.583333333333333
1.666666666666667 -0.5555555555572748 -1.666666666666667
1.583333333333333 -4.109879103708636e-12 -1.583333333333333
1.666666666666667 -2.53471318008754e-12 -1.666666666666667
1.583333333333333 0.5277777777753406 -1.583333333333333
1.666666666666667 0.5555555555545338 -1.666666666666667
1.583333333333333 1.055555555554337 -1.583333333333333
1.666666666666667 1.1111111111106 -1.666666666666667
2 33 0 10
1643
1644
1645
1646
1647
1648
1649
1650
1651
1652
1.05555555555694 1.583333333333333 -1.583333333333333
1.111111111111971 1.666666666666667 -1.666666666666667
0.527777777780547 1.583333333333333 -1.583333333333333
0.5555555555572748 1.666666666666667 -1.666666666666667
4.109879103708636e-12 1.583333333333333 -1.583333333333333
2.53471318008754e-12 1.666666666666667 -1.666666666666667
-0.5277777777753406 1.583333333333333 -1.583333333333333
-0.5555555555545338 1.666666666666667 -1.666666666666667
-1.055555555554337 1.583333333333333 -1.583333333333333
-1.1111111111106 1.666666666666667 -1.666666666666667
2 34 0 10
1653
1654
1655
1656
1657
1658
1659
1660
1661
1662
-1.583333333333333 -1.05555555555694 -1.583333333333333
-1.666666666666667 -1.111111111111971 -1.666666666666667
-1.583333333333333 -0.527777777780547 -1.583333333333333
-1.666666666666667 -0.5555555555572748 -1.666666666666667
-1.583333333333333 -4.109879103708636e-12 -1.583333333333333
-1.666666666666667 -2.53471318008754e-12 -1.666666666666667
-1.583333333333333 0.5277777777753406 -1.583333333333333
-1.666666666666667 0.5555555555545338 -1.666666666666667
-1.583333333333333 1.055555555554337 -1.583333333333333
-1.666666666666667 1.1111111111106 -1.666666666666667
2 35 0 10
1663
1664
1665
1666
1667
1668
1669
1670
1671
1672
-1.05555555555694 -1.583333333333333 1.583333333333333
-1.111111111111971 -1.666666666666667 1.666666666666667
-0.527777777780547 -1.583333333333333 1.583333333333333
-0.5555555555572748 -1.666666666666667 1.666666666666667
-4.109879103708636e-12 -1.583333333333333 1.583333333333333
-2.53471318008754e-12 -1.666666666666667 1.666666666666667
0.5277777777753406 -1.583333333333333 1.583333333333333
0.5555555555545338 -1.666666666666667 1.666666666666667
1.055555555554337 -1.583333333333333 1.583333333333333
1.1111111111106 -1.666666666666667 1.666666666666667
2 36 0 10
1673
1674
1675
1676
1677
1678
1679
1680
1681
1682
1.583333333333333 -1.05555555555694 1.583333333333333
1.666666666666667 -1.111111111111971 1.666666666666667
1.583333333333333 -0.527777777780547 1.583333333333333
1.666666666666667 -0.5555555555572748 1.666666666666667
1.583333333333333 -4.109879103708636e-12 1.583333333333333
1.666666666666667 -2.53471318008754e-12 1.666666666666667
1.583333333333333 0.5277777777753406 1.583333333333333
1.666666666666667 0.5555555555545338 1.666666666666667
1.583333333333333 1.055555555554337 1.583333333333333
1.666666666666667 1.1111111111106 1.666666666666667
2 37 0 10
1683
1684
1685
1686
1687
1688
1689
1690
1691
1692
1.05555555555694 1.583333333333333 1.583333333333333
1.111111111111971 1.666666666666667 1.666666666666667
0.527777777780547 1.583333333333333 1.583333333333333
0.5555555555572748 1.666666666666667 1.666666666666667
4.109879103708636e-12 1.583333333333333 1.583333333333333
2.53471318008754e-12 1.666666666666667 1.666666666666667
-0.5277777777753406 1.583333333333333 1.583333333333333
-0.5555555555545338 1.666666666666667 1.666666666666667
-1.055555555554337 1.583333333333333 1.583333333333333
-1.1111111111106 1.666666666666667 1.666666666666667
2 38 0 10
1693
1694
1695
1696
1697
1698
1699
1700
1701
1702
-1.583333333333333 -1.05555555555694 1.583333333333333
-1.666666666666667 -1.111111111111971 1.666666666666667
-1.583333333333333 -0.527777777780547 1.583333333333333
-1.666666666666667 -0.5555555555572748 1.666666666666667
-1.583333333333333 -4.109879103708636e-12 1.583333333333333
-1.666666666666667 -2.53471318008754e-12 1.666666666666667
-1.583333333333333 0.5277777777753406 1.583333333333333
-1.666666666666667 0.5555555555545338 1.666666666666667
-1.583333333333333 1.055555555554337 1.583333333333333
-1.666666666666667 1.1111111111106 1.666666666666667
2 39 0 10
1703
1704
1705
1706
1707
1708
1709
1710
1711
1712
-1.583333333333333 -1.583333333333333 -1.05555555555694
-1.666666666666667 -1.666666666666667 -1.111111111111971
-1.583333333333333 -1.583333333333333 -0.527777777780547
-1.666666666666667 -1.666666666666667 -0.5555555555572748
-1.583333333333333 -1.583333333333333 -4.109879103708636e-12
-1.666666666666667 -1.666666666666667 -2.53471318008754e-12
-1.583333333333333 -1.583333333333333 0.5277777777753406
-1.666666666666667 -1.666666666666667 0.5555555555545338
-1.583333333333333 -1.583333333333333 1.055555555554337
-1.666666666666667 -1.666666666666667 1.1111111111106
2 40 0 10
1713
1714
1715
1716
1717
1718
1719
1720
1721
1722
1.583333333333333 -1.583333333333333 -1.05555555555694
1.666666666666667 -1.666666666666667 -1.111111111111971
1.583333333333333 -1.583333333333333 -0.527777777780547
1.666666666666667 -1.666666666666667 -0.5555555555572748
1.583333333333333 -1.583333333333333 -4.109879103708636e-12
1.666666666666667 -1.666666666666667 -2.53471318008754e-12
1.583333333333333 -1.583333333333333 0.5277777777753406
1.666666666666667 -1.666666666666667 0.5555555555545338
1.583333333333333 -1.583333333333333 1.055555555554337
1.666666666666667 -1.666666666666667 1.1111111111106
2 41 0 10
1723
1724
1725
1726
1727
1728
1729
1730
1731
1732
1.583333333333333 1.583333333333333 -1.05555555555694
1.666666666666667 1.666666666666667 -1.111111111111971
1.583333333333333 1.583333333333333 -0.527777777780547
1.666666666666667 1.666666666666667 -0.5555555555572748
1.583333333333333 1.583333333333333 -4.109879103708636e-12
1.666666666666667 1.666666666666667 -2.53471318008754e-12
1.583333333333333 1.583333333333333 0.5277777777753406
1.666666666666667 1.666666666666667 0.5555555555545338
1.583333333333333 1.583333333333333 1.055555555554337
1.666666666666667 1.666666666666667 1.1111111111106
2 42 0 10
1733
1734
1735
1736
1737
1738
1739
1740
1741
1742
-1.583333333333333 1.583333333333333 -1.05555555555694
-1.666666666666667 1.666666666666667 -1.111111111111971
-1.583333333333333 1.583333333333333 -0.527777777780547
-1.666666666666667 1.666666666666667 -0.5555555555572748
-1.583333333333333 1.583333333333333 -4.109879103708636e-12
-1.666666666666667 1.666666666666667 -2.53471318008754e-12
-1.583333333333333 1.583333333333333 0.5277777777753406
-1.666666666666667 1.666666666666667 0.5555555555545338
-1.583333333333333 1.583333333333333 1.055555555554337
-1.666666666666667 1.666666666666667 1.1111111111106
3 1 0 350
1743
1744
1745
1746
1747
1748
1749
1750
1751
1752
1753
1754
1755
1756
1757
1758
1759
1760
1761
1762
1763
1764
1765
1766
1767
1768
1769
1770
1771
1772
1773
1774
1775
1776
1777
1778
1779
1780
1781
1782
1783
1784
1785
1786
1787
1788
1789
1790
1791
1792
1793
1794
1795
1796
1797
1798
1799
1800
1801
1802
1803
1804
1805
1806
1807
1808
1809
1810
1811
1812
1813
1814
1815
1816
1817
1818
1819
1820
1821
1822
1823
1824
1825
1826
1827
1828
1829
1830
1831
1832
1833
1834
1835
1836
1837
1838
1839
1840
1841
1842
1843
1844
1845
1846
1847
1848
1849
1850
1851
1852
1853
1854
1855
1856
1857
1858
1859
1860
1861
1862
1863
1864
1865
1866
1867
1868
1869
1870
1871
1872
1873
1874
1875
1876
1877
1878
1879
1880
1881
1882
1883
1884
1885
1886
1887
1888
1889
1890
1891
1892
1893
1894
1895
1896
1897
1898
1899
1900
1901
1902
1903
1904
1905
1906
1907
1908
1909
1910
1911
1912
1913
1914
1915
1916
1917
1918
1919
1920
1921
1922
1923
1924
1925
1926
1927
1928
1929
1930
1931
1932
1933
1934
1935
1936
1937
1938
1939
1940
1941
1942
1943
1944
1945
1946
1947
1948
1949
1950
1951
1952
1953
1954
1955
1956
1957
1958
1959
1960
1961
1962
1963
1964
1965
1966
1967
1968
1969
1970
1971
1972
1973
1974
1975
1976
1977
1978
1979
1980
1981
1982
1983
1984
1985
1986
1987
1988
1989
1990
1991
1992
1993
1994
1995
1996
1997
1998
1999
2000
2001
2002
2003
2004
2005
2006
2007
2008
2009
2010
2011
2012
2013
2014
2015
2016
2017
2018
2019
2020
2021
2022
2023
2024
2025
2026
2027
2028
2029
2030
2031
2032
2033
2034
2035
2036
2037
2038
2039
2040
2041
2042
2043
2044
2045
2046
2047
2048
2049
2050
2051
2052
2053
2054
2055
2056
2057
2058
2059
2060
2061
2062
2063
2064
2065
2066
2067
2068
2069
2070
2071
2072
2073
2074
2075
2076
2077
2078
2079
2080
2081
2082
2083
2084
2085
2086
2087
2088
2089
2090
2091
2092
-0.1715670728975663 -0.1715670728250633 -0.2724639224889581
-0.2057787459092783 -0.2057787458264247 -0.3231572997762658
-0.2427273524253707 -0.2427273523326325 -0.3779061467435413
-0.2826318472128662 -0.2826318471109611 -0.4370349010928885
-0.3257287019153555 -0.3257287018053107 -0.500893956276237
-0.3722733052340957 -0.3722733051173129 -0.5698617362230918
-0.422541476811176 -0.4225414766895113 -0.6443469385470861
-0.4768311016140194 -0.4768311014898743 -0.7247909563061913
-0.5354638962282301 -0.5354638961046656 -0.8116704952190043
-0.5987873145760132 -0.5987873144568743 -0.9055003974757975
-0.6671766062756781 -0.6671766061657523 -1.00683669172653
-0.7410370414211154 -0.7410370413263092 -1.116279889662742
-0.8208063116161688 -0.8208063115437221 -1.234478543766334
-0.9069571235564924 -0.9069571235152272 -1.362133090366846
-0.08925087109590184 -0.18494920403057 -0.2930164212562662
-0.1062135175490292 -0.2186082371228378 -0.3428610450174616
-0.1245331755556732 -0.2549599925327223 -0.3966932381849582
-0.1443184060837761 -0.2942198881311298 -0.454832006436829
-0.1656864552243617 -0.3366205757058841 -0.5176218766267663
-0.1887639484217785 -0.3824133185249425 -0.5854349367748977
-0.2136876410790939 -0.4318694807649898 -0.6586730417165836
-0.240605228909816 -0.4852821354948455 -0.7377701943153679
-0.269676223691705 -0.5429678024364336 -0.8231951188595064
-0.3010728981498212 -0.6052683228991063 -0.9154540375942675
-0.3349813065212716 -0.6725528848893663 -1.015093669644331
-0.3716023876334048 -0.7452202119522873 -1.122704472401391
-0.4111531553717798 -0.8237009254206926 -1.238924139705935
-0.4538679846159995 -0.9084600961015057 -1.364441380560653
4.782965828953323e-10 -0.1897583988651114 -0.3004085996267821
5.463896349255926e-10 -0.2232188273456557 -0.3499479496835539
6.114150019609355e-10 -0.2593560897766805 -0.4034504472531905
6.717107148279666e-10 -0.2983843329591923 -0.4612331442615026
7.252452804973331e-10 -0.3405348359226456 -0.5236384575053172
7.695501458293563e-10 -0.3860573793598631 -0.5910361961493582
8.016390051768241e-10 -0.4352217262672829 -0.6638257538665326
8.17911183226272e-10 -0.4883192204404769 -0.7424384754671243
8.140434437642341e-10 -0.5456645139814913 -0.827340214534542
7.848556249356875e-10 -0.6075974311701423 -0.9190340929527256
7.24160897913606e-10 -0.6744849816246119 -1.018063481461626
6.245842176788585e-10 -0.7467235362276325 -1.125015221192909
4.773529904689156e-10 -0.8247411754372556 -1.24052310042709
2.720511593778951e-10 -0.9090002259170037 -1.365271610164196
0.0892508717001512 -0.1849492039660997 -0.2930164211542324
0.1062135182445145 -0.2186082370645504 -0.3428610449219884
0.1245331763384303 -0.2549599924807711 -0.396693238096343
0.14431840694765 -0.2942198880856247 -0.454832006355356
0.1656864561605189 -0.3366205756668776 -0.5176218765526979
0.1887639494181284 -0.3824133184924137 -0.5854349367084654
0.213687642119606 -0.4318694807388264 -0.6586730416579785
0.2406052299737073 -0.4852821354748212 -0.737770194264725
0.2696762247524839 -0.5429678024221823 -0.8231951188168922
0.301072899174158 -0.6052683228900889 -0.9154540375596557
0.3349813074676645 -0.6725528848848352 -1.015093669617585
0.3716023884506124 -0.7452202119512397 -1.122704472382233
0.4111531559969717 -0.8237009254218191 -1.238924139693912
0.4538679849725835 -0.9084600961031297 -1.364441380555104
0.1715670731323402 -0.1715670727746898 -0.2724639224091093
0.2057787461857213 -0.205778745781153 -0.3231572997017287
0.2427273527418363 -0.2427273522925781 -0.377906146674546
0.2826318475667472 -0.2826318470762011 -0.4370349010296511
0.3257287023028697 -0.3257287017758703 -0.5008939562189532
0.3722733056500306 -0.3722733050931539 -0.5698617361719285
0.4225414772485879 -0.4225414766705144 -0.6443469385021721
0.4768311020638737 -0.4768311014758222 -0.7247909562676049
0.5354638966789824 -0.5354638960952168 -0.8116704951867615
0.5987873150131068 -0.598787314451539 -0.9055003974498337
0.667176606680959 -0.6671766061638571 -1.006836691706679
0.741037041772138 -0.741037041326962 -1.116279889648715
0.8208063118853798 -0.8208063115457637 -1.234478543757688
0.9069571237102715 -0.9069571235171781 -1.36213309036295
-0.1849492041681013 -0.0892508709267163 -0.2930164212285589
-0.2186082372809587 -0.106213517356776 -0.3428610449913191
-0.2549599927105327 -0.1245331753414198 -0.3966932381604646
-0.2942198883272343 -0.1443184058491607 -0.4548320064140694
-0.3366205759182814 -0.1656864549717187 -0.5176218766058238
-0.3824133187508946 -0.1887639481542883 -0.585434936755853
-0.4318694810008667 -0.2136876408009609 -0.6586730416995128
-0.4852821357359429 -0.2406052286264781 -0.737770194300342
-0.5429678026767556 -0.2696762234100817 -0.8231951188465858
-0.6052683231311107 -0.3010728978786062 -0.9154540375835011
-0.6725528851036617 -0.3349813062712779 -1.015093669635752
-0.7452202121372802 -0.371602387417971 -1.122704472395012
-0.823700925562168 -0.411153155207249 -1.238924139701743
-0.9084600961821361 -0.4538679845222819 -1.3644413805586
-0.09817916064873347 -0.09817916029618526 -0.3212669563165751
-0.1147730968671798 -0.1147730964699225 -0.3699449218768169
-0.1326945478212143 -0.1326945473814164 -0.4225171241988141
-0.152049714731949 -0.1520497142529077 -0.4792951023461292
-0.1729532951584152 -0.1729532946448074 -0.540615319211897
-0.195529162137583 -0.1955291615957598 -0.6068411537618239
-0.2199110984741198 -0.2199110979124574 -0.678365055057792
-0.2462435894777901 -0.2462435889071046 -0.7556108677363802
-0.2746826796813233 -0.2746826791153594 -0.8390363451727361
-0.3053968971848758 -0.305396896640885 -0.9291358610256404
-0.3385682520371196 -0.3385682515365416 -1.026443337967435
-0.3743933153362136 -0.3743933149054789 -1.131535413204034
-0.4130843838209811 -0.413084383492454 -1.245034854778613
-0.4548707378547874 -0.4548707376678776 -1.367614251840837
2.660591781611377e-10 -0.1015571891938124 -0.331975410938174
2.989944056230875e-10 -0.1180116234055444 -0.3802111510196249
3.303067958038142e-10 -0.1357824121992873 -0.4323057498288619
3.591583974671408e-10 -0.154974863984443 -0.488567916185607
3.84525744578923e-10 -0.1757027120815318 -0.549331056313245
4.051661228743342e-10 -0.1980887881528596 -0.6149552479828633
4.195777059123884e-10 -0.2222657503193002 -0.6858293749681608
4.2595030280701e-10 -0.2483768692333701 -0.7623734313976565
4.221116789437929e-10 -0.2765768775949094 -0.8450410120871864
4.054608870873722e-10 -0.3070328867248493 -0.934321999451345
3.728919950596321e-10 -0.3399253765532063 -1.030745465626737
3.207042409414385e-10 -0.3754492656483822 -1.134882809234135
2.444973112858406e-10 -0.4138150660179897 -1.247351140646026
1.390478843177334e-10 -0.4552501305172723 -1.36881693873078
0.09817916097665111 -0.09817916027608758 -0.3212669562432566
0.1147730972396501 -0.114773096454175 -0.3699449218076999
0.1326945482361704 -0.1326945473700263 -0.4225171241341205
0.1520497151862209 -0.1520497142458267 -0.4792951022860809
0.172953295647487 -0.1729532946419163 -0.5406153191567111
0.195529162655302 -0.1955291615968535 -0.6068411537117091
0.2199110990123546 -0.219911097917224 -0.6783650550129441
0.2462435900260244 -0.2462435889151026 -0.7556108676969753
0.2746826802261759 -0.2746826791259901 -0.8390363451389231
0.3053968977095358 -0.3053968966533578 -0.929135860997534
0.3385682525206781 -0.3385682515498375 -1.026443337945103
0.3743933157528802 -0.3743933149183022 -1.131535413187484
0.4130843841391559 -0.4130843835031787 -1.245034854767778
0.4548707380359766 -0.4548707376744852 -1.367614251835557
0.1849492042880985 -0.08925087091248413 -0.2930164211753428
0.2186082374216826 -0.106213517346153 -0.3428610449413079
0.2549599928711517 -0.1245331753344024 -0.3966932381138173
0.2942198885064351 -0.1443184058456967 -0.4548320063709412
0.3366205761141631 -0.165686454971694 -0.5176218765663636
0.3824133189608398 -0.1887639481575144 -0.5854349367201996
0.4318694812213922 -0.2136876408071567 -0.6586730416677913
0.4852821359625187 -0.24060522863525 -0.7377701942726549
0.5429678029035949 -0.269676223420899 -0.8231951188230113
0.6052683233509215 -0.3010728978907742 -0.9154540375640823
0.672552885307351 -0.3349813062839031 -1.015093669620487
0.7452202123136071 -0.3716023874299211 -1.122704472383843
0.8237009256973384 -0.4111531552171086 -1.238924139694544
0.9084600962593185 -0.4538679845282917 -1.36444138055516
-0.1897583990458345 7.189040274538372e-10 -0.3004085995387214
-0.223218827557439 8.22494083257963e-10 -0.3499479496006407
-0.2593560900182734 9.214525288625541e-10 -0.4034504471756902
-0.2983843332286235 1.013259705306968e-09 -0.4612331441896781
-0.3405348362170599 1.094835114928694e-09 -0.5236384574394234
-0.3860573796753326 1.162435973867115e-09 -0.5910361960896379
-0.435221726598578 1.211533651179764e-09 -0.6638257538132083
-0.4883192207808004 1.236668233095539e-09 -0.7424384754203927
-0.5456645143221588 1.231282450997462e-09 -0.8273402144945619
-0.6075974315002118 1.187520456968905e-09 -0.9190340929196071
-0.6744849819304382 1.095998861111447e-09 -1.018063481435419
-0.7467235364923513 9.455322080853534e-10 -1.125015221173582
-0.8247411756401682 7.228139753401308e-10 -1.240523100414511
-0.9090002260328601 4.120446484012774e-10 -1.365271610158111
-0.1015571896996098 7.998774819578669e-10 -0.3319754108131993
-0.118011623977596 9.003730191969872e-10 -0.3802111509015714
-0.1357824128344465 9.959651194046959e-10 -0.4323057497181128
-0.1549748646779055 1.084108330884348e-09 -0.4885679160825482
-0.1757027128264698 1.161693991003077e-09 -0.5493310562182602
-0.1980887889399865 1.224947726585768e-09 -0.6149552478963276
-0.2222657511363561 1.269305938134124e-09 -0.6858293748904346
-0.2483768700645129 1.28926935794027e-09 -0.7623734313290783
-0.2765768784199943 1.278238681567956e-09 -0.8450410120280578
-0.3070328875185813 1.228308815770518e-09 -0.9343219994019218
-0.3399253772841373 1.130043614239185e-09 -1.030745465587214
-0.3754492662777336 9.721972393794687e-10 -1.134882809204622
-0.4138150664982634 7.41395639325404e-10 -1.247351140626529
-0.4552501307906183 4.217674542950078e-10 -1.368816938721175
-8.673617379884035e-18 8.293606131720699e-10 -0.3441954544207557
-6.938893903907228e-18 9.268783830729266e-10 -0.3919265451611761
-2.081668171172169e-17 1.019425058257362e-09 -0.4434761226869397
2.081668171172169e-17 1.10447768986166e-09 -0.4991496660610751
4.163336342344337e-17 1.178957362291122e-09 -0.5592770933624279
0 1.239126898311405e-09 -0.6242147151759204
0 1.280469272280094e-09 -0.6943473467164771
-2.775557561562891e-17 1.297543406053592e-09 -0.7700905880727668
-2.775557561562891e-17 1.283820993958074e-09 -0.8518932884854706
-2.775557561562891e-17 1.231484691999185e-09 -0.9402402051478661
1.665334536937735e-16 1.131203491988586e-09 -1.035654874966639
-5.551115123125783e-17 9.718605364916755e-10 -1.138702718506773
5.551115123125783e-17 7.402372048659345e-10 -1.249994389841926
0 4.206462400624389e-10 -1.370189395041218
0.1015571896996097 7.964777171132198e-10 -0.3319754108131991
0.1180116239775961 8.935934769915832e-10 -0.3802111509015715
0.1357824128344465 9.858761446102093e-10 -0.4323057497181128
0.1549748646779056 1.070842303718678e-09 -0.4885679160825482
0.1757027128264699 1.145460365448159e-09 -0.5493310562182604
0.1980887889399864 1.206049593527325e-09 -0.6149552478963278
0.2222657511363562 1.248160491629235e-09 -0.6858293748904346
0.2483768700645129 1.266432514412941e-09 -0.7623734313290784
0.2765768784199945 1.254432363539948e-09 -0.845041012028058
0.3070328875185812 1.204456423486988e-09 -0.934321999401922
0.3399253772841375 1.107307745495945e-09 -1.030745465587214
0.3754492662777338 9.520288446474012e-10 -1.134882809204622
0.4138150664982634 7.255891443236351e-10 -1.247351140626528
0.4552501307906186 4.125212393901734e-10 -1.368816938721176
0.1897583990458344 7.159857914884604e-10 -0.3004085995387215
0.2232188275574389 8.166749013160945e-10 -0.3499479496006408
0.2593560900182734 9.127927025343041e-10 -0.4034504471756902
0.2983843332286234 1.001872557138128e-09 -0.461233144189678
0.3405348362170597 1.080900757788328e-09 -0.5236384574394234
0.3860573796753324 1.146214373415333e-09 -0.5910361960896374
0.4352217265985781 1.193383336595133e-09 -0.6638257538132085
0.4883192207808001 1.217065587200139e-09 -0.7424384754203925
0.545664514322159 1.210848088462058e-09 -0.8273402144945617
0.6075974315002116 1.167046626004975e-09 -0.9190340929196075
0.6744849819304384 1.076483679973705e-09 -1.018063481435419
0.746723536492351 9.282207225069783e-10 -1.125015221173582
0.8247411756401684 7.092449960666158e-10 -1.240523100414511
0.9090002260328599 4.041088574879836e-10 -1.365271610158109
-0.1849492041885601 0.08925087181885795 -0.2930164210222924
-0.2186082373286015 0.1062135183893808 -0.3428610447980979
-0.2549599927848175 0.1245331765085382 -0.3966932379808946
-0.2942198884271228 0.1443184071415074 -0.4548320062487317
-0.3366205760421255 0.1656864563759295 -0.5176218764552605
-0.3824133188962984 0.1887639496520396 -0.5854349366205513
-0.4318694811645263 0.2136876423679246 -0.6586730415798832
-0.4852821359134518 0.2406052302310867 -0.737770194196691
-0.5429678028623801 0.2696762250120674 -0.8231951187590896
-0.6052683233175197 0.3010728994272792 -0.915454037512165
-0.6725528852816084 0.3349813077034927 -1.015093669580369
-0.7452202122952296 0.3716023886557331 -1.122704472355107
-0.8237009256858556 0.4111531561548963 -1.238924139676509
-0.908460096254049 0.4538679850631675 -1.364441380546835
-0.09817916090729201 0.09817916125984028 -0.3212669560233015
-0.1147730971743288 0.114773097571586 -0.3699449216003481
-0.1326945481750961 0.1326945486148941 -0.4225171239400401
-0.1520497151296011 0.1520497156086422 -0.4792951021059365
-0.1729532955955236 0.1729532961091312 -0.5406153189911534
-0.1955291626081874 0.1955291631500105 -0.6068411535613651
-0.2199110989702664 0.2199110995319286 -0.6783650548783998
-0.2462435899891198 0.2462435905598053 -0.7556108675787601
-0.2746826801945834 0.2746826807605474 -0.8390363450374856
-0.3053968976833468 0.3053968982273374 -0.9291358609132152
-0.3385682524999364 0.3385682530005137 -1.026443337878105
-0.3743933157375677 0.374393316168302 -1.131535413137833
-0.413084384129177 0.4130843844577035 -1.245034854735272
-0.4548707380311412 0.454870738218051 -1.367614251819717
-2.660591642833499e-10 0.1015571902054072 -0.3319754106882246
-2.989944229703223e-10 0.1180116245496478 -0.3802111507835179
-3.303068721316471e-10 0.1357824134696057 -0.4323057496073638
-3.591583697115652e-10 0.154974865371368 -0.4885679159794896
-3.845256404955144e-10 0.1757027135714078 -0.549331056123275
-4.051661645076976e-10 0.1980887897271134 -0.6149552478097919
-4.195777059123884e-10 0.2222657519534121 -0.6858293748127091
-4.259503166847978e-10 0.2483768708956554 -0.7623734312604994
-4.221118038438831e-10 0.2765768792450795 -0.8450410119689294
-4.054607205539185e-10 0.3070328883123128 -0.9343219993524992
-3.728918840373296e-10 0.3399253780150682 -1.03074546554769
-3.207042409414385e-10 0.375449266907085 -1.134882809175109
-2.444975055748699e-10 0.4138150669785368 -1.247351140607031
-1.390481063623383e-10 0.4552501310639646 -1.368816938711572
0.09817916057937444 0.09817916127993798 -0.32126695609662
0.1147730968018584 0.1147730975873336 -0.3699449216694655
0.1326945477601401 0.1326945486262843 -0.4225171240047335
0.1520497146753292 0.1520497156157234 -0.4792951021659845
0.1729532951064519 0.1729532961120225 -0.5406153190463393
0.1955291620904684 0.195529163148917 -0.6068411536114798
0.2199110984320316 0.2199110995271621 -0.6783650549232482
0.2462435894408855 0.2462435905518074 -0.755610867618165
0.2746826796497309 0.274682680749917 -0.8390363450712979
0.305396897158687 0.3053968982148649 -0.9291358609413214
0.3385682520163777 0.3385682529872181 -1.026443337900439
0.374393315320901 0.3743933161554788 -1.131535413154383
0.4130843838110019 0.4130843844469791 -1.245034854746107
0.4548707378499526 0.4548707382114435 -1.367614251824998
0.1849492040685629 0.08925087183309033 -0.2930164210755082
0.2186082371878776 0.1062135184000038 -0.342861044848109
0.2549599926241985 0.1245331765155557 -0.396693238027542
0.2942198882479219 0.1443184071449715 -0.4548320062918596
0.3366205758462437 0.1656864563759544 -0.5176218764947206
0.3824133186863529 0.1887639496488135 -0.5854349366562043
0.4318694809440006 0.2136876423617289 -0.6586730416116049
0.4852821356868759 0.2406052302223149 -0.7377701942243777
0.5429678026355405 0.2696762250012499 -0.8231951187826637
0.6052683230977074 0.3010728994151114 -0.9154540375315843
0.6725528850779192 0.3349813076908674 -1.015093669595634
0.745220212118902 0.371602388643783 -1.122704472366275
0.8237009255506849 0.4111531561450368 -1.238924139683708
0.908460096176866 0.4538679850571572 -1.364441380550275
-0.1715670730543479 0.1715670731268508 -0.2724639222893359
-0.2057787461129641 0.2057787461958176 -0.3231572995899235
-0.2427273526745382 0.2427273527672765 -0.377906146571053
-0.2826318475051179 0.2826318476070228 -0.4370349009347955
-0.325728702247097 0.3257287023571415 -0.5008939561330273
-0.3722733056002743 0.3722733057170568 -0.5698617360951832
-0.4225414772049678 0.4225414773266324 -0.6443469384348005
-0.4768311020264605 0.4768311021506048 -0.724790956209727
-0.5354638966477809 0.5354638967713453 -0.8116704951383982
-0.5987873149880421 0.5987873151071805 -0.9055003974108876
-0.6671766066618547 0.6671766067717793 -1.006836691676902
-0.7410370417586913 0.7410370418534964 -1.116279889627674
-0.8208063118771352 0.820806311949581 -1.234478543744718
-0.9069571237065845 0.9069571237478478 -1.362133090357106
-0.08925087164967249 0.1849492043260914 -0.293016420994585
-0.1062135181971275 0.2186082374867222 -0.3428610447719552
-0.124533176294285 0.2549599929626278 -0.396693237956401
-0.144318406906892 0.2942198886232272 -0.454832006225972
-0.1656864561232866 0.3366205762545225 -0.5176218764343179
-0.1887639493845494 0.38241331912225 -0.5854349366015064
-0.2136876420897917 0.431869481400403 -0.6586730415628123
-0.240605229947749 0.4852821361545491 -0.7377701941816647
-0.2696762247304442 0.5429678031027017 -0.8231951187461692
-0.3010728991560644 0.6052683235495229 -0.9154540375013992
-0.334981307453499 0.6725528854959035 -1.01509366957179
-0.3716023884402994 0.7452202124802217 -1.122704472348727
-0.4111531559903652 0.8237009258273296 -1.238924139672317
-0.4538679849694497 0.9084600963346778 -1.36444138054478
-4.782966262634192e-10 0.1897583992265575 -0.300408599450661
-5.463896921714673e-10 0.2232188277692222 -0.3499479495177275
-6.114151442082605e-10 0.2593560902598665 -0.4034504470981901
-6.71710763400224e-10 0.2983843334980544 -0.4612331441178538
-7.252452388639696e-10 0.340534836511474 -0.5236384573735295
-7.695502499127649e-10 0.3860573799908018 -0.5910361960299171
-8.016390745657631e-10 0.4352217269298733 -0.6638257537598841
-8.179112942485744e-10 0.4883192211211231 -0.7424384753736607
-8.140435964199e-10 0.5456645146628261 -0.8273402144545815
-7.848555971801119e-10 0.6075974318302808 -0.9190340928864899
-7.241607313801524e-10 0.6744849822362639 -1.018063481409213
-6.245844258456756e-10 0.7467235367570697 -1.125015221154255
-4.773526990353716e-10 0.8247411758430803 -1.240523100401932
-2.720514230558635e-10 0.9090002261487159 -1.365271610152024
0.0892508710454232 0.1849492043905616 -0.2930164210966186
0.1062135175016424 0.21860823754501 -0.3428610448674285
0.1245331755115279 0.254959993014579 -0.3966932380450162
0.1443184060430182 0.2942198886687323 -0.454832006307445
0.1656864551871295 0.3366205762935292 -0.5176218765083865
0.1887639483881995 0.3824133191547792 -0.5854349366679389
0.2136876410492797 0.4318694814265662 -0.6586730416214177
0.2406052288838577 0.4852821361745732 -0.7377701942323076
0.2696762236696653 0.5429678031169531 -0.8231951187887832
0.3010728981317279 0.6052683235585402 -0.9154540375360101
0.3349813065071063 0.6725528855004349 -1.015093669598536
0.3716023876230916 0.7452202124812691 -1.122704472367885
0.4111531553651734 0.823700925826204 -1.238924139684339
0.4538679846128665 0.9084600963330551 -1.364441380550331
0.1715670728195741 0.1715670731772242 -0.2724639223691849
0.2057787458365213 0.2057787462410892 -0.3231572996644604
0.2427273523580729 0.2427273528073307 -0.3779061466400484
0.2826318471512369 0.2826318476417826 -0.4370349009980326
0.325728701859583 0.3257287023865821 -0.5008939561903111
0.3722733051843392 0.3722733057412157 -0.5698617361463466
0.4225414767675559 0.422541477345629 -0.6443469384797152
0.4768311015766056 0.4768311021646566 -0.7247909562483121
0.5354638961970289 0.5354638967807936 -0.8116704951706406
0.5987873145509486 0.5987873151125156 -0.9055003974368518
0.6671766062565735 0.6671766067736741 -1.006836691696753
0.7410370414076682 0.7410370418528432 -1.116279889641701
0.8208063116079239 0.8208063119475391 -1.234478543753364
0.9069571235528052 0.9069571237458974 -1.362133090361002
3 2 0 350
2093
2094
2095
2096
2097
2098
2099
2100
2101
2102
2103
2104
2105
2106
2107
2108
2109
2110
2111
2112
2113
2114
2115
2116
2117
2118
2119
2120
2121
2122
2123
2124
2125
2126
2127
2128
2129
2130
2131
2132
2133
2134
2135
2136
2137
2138
2139
2140
2141
2142
2143
2144
2145
2146
2147
2148
2149
2150
2151
2152
2153
2154
2155
2156
2157
2158
2159
2160
2161
2162
2163
2164
2165
2166
2167
2168
2169
2170
2171
2172
2173
2174
2175
2176
2177
2178
2179
2180
2181
2182
2183
2184
2185
2186
2187
2188
2189
2190
2191
2192
2193
2194
2195
2196
2197
2198
2199
2200
2201
2202
2203
2204
2205
2206
2207
2208
2209
2210
2211
2212
2213
2214
2215
2216
2217
2218
2219
2220
2221
2222
2223
2224
2225
2226
2227
2228
2229
2230
2231
2232
2233
2234
2235
2236
2237
2238
2239
2240
2241
2242
2243
2244
2245
2246
2247
2248
2249
2250
2251
2252
2253
2254
2255
2256
2257
2258
2259
2260
2261
2262
2263
2264
2265
2266
2267
2268
2269
2270
2271
2272
2273
2274
2275
2276
2277
2278
2279
2280
2281
2282
2283
2284
2285
2286
2287
2288
2289
2290
2291
2292
2293
2294
2295
2296
2297
2298
2299
2300
2301
2302
2303
2304
2305
2306
2307
2308
2309
2310
2311
2312
2313
2314
2315
2316
2317
2318
2319
2320
2321
2322
2323
2324
2325
2326
2327
2328
2329
2330
2331
2332
2333
2334
2335
2336
2337
2338
2339
2340
2341
2342
2343
2344
2345
2346
2347
2348
2349
2350
2351
2352
2353
2354
2355
2356
2357
2358
2359
2360
2361
2362
2363
2364
2365
2366
2367
2368
2369
2370
2371
2372
2373
2374
2375
2376
2377
2378
2379
2380
2381
2382
2383
2384
2385
2386
2387
2388
2389
2390
2391
2392
2393
2394
2395
2396
2397
2398
2399
2400
2401
2402
2403
2404
2405
2406
2407
2408
2409
2410
2411
2412
2413
2414
2415
2416
2417
2418
2419
2420
2421
2422
2423
2424
2425
2426
2427
2428
2429
2430
2431
2432
2433
2434
2435
2436
2437
2438
2439
2440
2441
2442
-0.1715670728975663 -0.1715670728250635 0.2724639224889581
-0.2057787459092782 -0.2057787458264249 0.3231572997762661
-0.2427273524253707 -0.2427273523326324 0.3779061467435411
-0.282631847212866 -0.2826318471109612 0.4370349010928882
-0.3257287019153556 -0.3257287018053108 0.5008939562762371
-0.3722733052340953 -0.372273305117313 0.5698617362230919
-0.4225414768111761 -0.4225414766895116 0.6443469385470869
-0.4768311016140191 -0.4768311014898745 0.7247909563061915
-0.5354638962282301 -0.5354638961046662 0.8116704952190043
-0.5987873145760129 -0.5987873144568746 0.9055003974757976
-0.6671766062756772 -0.6671766061657523 1.006836691726529
-0.7410370414211149 -0.7410370413263097 1.116279889662743
-0.8208063116161686 -0.8208063115437225 1.234478543766335
-0.9069571235564916 -0.9069571235152283 1.362133090366846
-0.1849492041681013 -0.08925087092671634 0.2930164212285589
-0.2186082372809587 -0.106213517356776 0.3428610449913188
-0.2549599927105328 -0.1245331753414199 0.3966932381604645
-0.2942198883272345 -0.1443184058491608 0.4548320064140693
-0.3366205759182814 -0.1656864549717187 0.5176218766058236
-0.3824133187508942 -0.1887639481542883 0.5854349367558529
-0.431869481000867 -0.2136876408009613 0.658673041699513
-0.4852821357359428 -0.2406052286264783 0.737770194300342
-0.5429678026767555 -0.269676223410082 0.8231951188465854
-0.6052683231311106 -0.3010728978786065 0.9154540375835013
-0.6725528851036617 -0.3349813062712782 1.015093669635752
-0.7452202121372797 -0.3716023874179712 1.122704472395011
-0.8237009255621678 -0.4111531552072497 1.238924139701742
-0.9084600961821356 -0.4538679845222824 1.3644413805586
-0.1897583990458344 7.189039988308998e-10 0.3004085995387217
-0.2232188275574389 8.224941144829856e-10 0.3499479496006406
-0.2593560900182735 9.214525531486828e-10 0.4034504471756902
-0.2983843332286233 1.013259712245862e-09 0.4612331441896781
-0.3405348362170599 1.094835166970398e-09 0.5236384574394234
-0.3860573796753323 1.16243603631716e-09 0.5910361960896375
-0.435221726598578 1.211533678935339e-09 0.6638257538132082
-0.4883192207808001 1.23666832330116e-09 0.7424384754203921
-0.545664514322159 1.231282520386401e-09 0.8273402144945616
-0.6075974315002116 1.187520692891297e-09 0.9190340929196074
-0.6744849819304386 1.095999235811718e-09 1.018063481435419
-0.746723536492351 9.455324301299584e-10 1.125015221173581
-0.8247411756401679 7.22814252895887e-10 1.240523100414511
-0.9090002260328599 4.120449537126092e-10 1.36527161015811
-0.1849492041885602 0.08925087181885807 0.2930164210222923
-0.2186082373286017 0.1062135183893809 0.342861044798098
-0.2549599927848175 0.1245331765085382 0.3966932379808945
-0.2942198884271228 0.1443184071415075 0.4548320062487313
-0.3366205760421254 0.1656864563759298 0.5176218764552607
-0.3824133188962981 0.1887639496520397 0.5854349366205511
-0.4318694811645261 0.2136876423679246 0.6586730415798832
-0.4852821359134518 0.2406052302310868 0.7377701941966912
-0.5429678028623799 0.2696762250120674 0.8231951187590898
-0.6052683233175186 0.3010728994272793 0.9154540375121649
-0.6725528852816083 0.3349813077034925 1.015093669580369
-0.7452202122952291 0.3716023886557331 1.122704472355106
-0.8237009256858554 0.4111531561548961 1.23892413967651
-0.9084600962540486 0.4538679850631674 1.364441380546834
-0.171567073054348 0.1715670731268508 0.272463922289336
-0.205778746112964 0.2057787461958175 0.3231572995899235
-0.2427273526745383 0.2427273527672764 0.3779061465710531
-0.2826318475051176 0.2826318476070226 0.4370349009347955
-0.3257287022470972 0.3257287023571418 0.5008939561330275
-0.3722733056002742 0.3722733057170568 0.5698617360951832
-0.4225414772049675 0.4225414773266325 0.6443469384348004
-0.4768311020264604 0.476831102150605 0.7247909562097262
-0.5354638966477809 0.5354638967713452 0.8116704951383981
-0.5987873149880422 0.5987873151071804 0.9055003974108876
-0.6671766066618542 0.6671766067717797 1.006836691676903
-0.7410370417586905 0.7410370418534966 1.116279889627674
-0.8208063118771348 0.8208063119495811 1.234478543744718
-0.9069571237065834 0.9069571237478482 1.362133090357106
-0.08925087109590188 -0.1849492040305699 0.2930164212562661
-0.1062135175490293 -0.2186082371228379 0.3428610450174616
-0.1245331755556731 -0.2549599925327224 0.3966932381849583
-0.1443184060837762 -0.2942198881311298 0.454832006436829
-0.1656864552243618 -0.3366205757058842 0.5176218766267664
-0.1887639484217783 -0.3824133185249427 0.5854349367748977
-0.2136876410790941 -0.43186948076499 0.6586730417165838
-0.2406052289098161 -0.4852821354948454 0.7377701943153678
-0.269676223691705 -0.5429678024364341 0.8231951188595066
-0.3010728981498213 -0.6052683228991067 0.9154540375942676
-0.3349813065212718 -0.6725528848893665 1.015093669644331
-0.3716023876334046 -0.7452202119522876 1.12270447240139
-0.41115315537178 -0.8237009254206931 1.238924139705935
-0.4538679846159996 -0.9084600961015064 1.364441380560654
-0.09817916064873349 -0.09817916029618526 0.321266956316575
-0.1147730968671798 -0.1147730964699226 0.369944921876817
-0.1326945478212143 -0.1326945473814163 0.4225171241988141
-0.152049714731949 -0.1520497142529078 0.4792951023461292
-0.1729532951584151 -0.1729532946448074 0.5406153192118972
-0.195529162137583 -0.19552916159576 0.6068411537618242
-0.2199110984741197 -0.2199110979124575 0.678365055057792
-0.2462435894777903 -0.2462435889071047 0.7556108677363801
-0.2746826796813235 -0.2746826791153597 0.8390363451727358
-0.3053968971848758 -0.3053968966408855 0.9291358610256406
-0.3385682520371193 -0.3385682515365419 1.026443337967436
-0.3743933153362135 -0.374393314905479 1.131535413204034
-0.4130843838209811 -0.4130843834924546 1.245034854778613
-0.4548707378547876 -0.4548707376678779 1.367614251840837
-0.1015571896996097 7.998773865480757e-10 0.3319754108131992
-0.1180116239775961 9.003728942968969e-10 0.3802111509015715
-0.1357824128344466 9.959649910351587e-10 0.4323057497181126
-0.1549748646779056 1.084108247617621e-09 0.4885679160825482
-0.1757027128264699 1.161693893858562e-09 0.5493310562182603
-0.1980887889399865 1.22494758780789e-09 0.6149552478963276
-0.2222657511363562 1.269305827111822e-09 0.6858293748904348
-0.2483768700645129 1.289269302429119e-09 0.7623734313290784
-0.2765768784199947 1.278238598301229e-09 0.845041012028058
-0.3070328875185814 1.228308732503791e-09 0.9343219994019221
-0.3399253772841374 1.130043558728033e-09 1.030745465587214
-0.3754492662777337 9.721970450904394e-10 1.134882809204622
-0.4138150664982633 7.413956670809796e-10 1.247351140626528
-0.4552501307906188 4.217672322504029e-10 1.368816938721177
-0.09817916090729194 0.09817916125984032 0.3212669560233016
-0.1147730971743287 0.114773097571586 0.3699449216003483
-0.132694548175096 0.1326945486148942 0.4225171239400402
-0.152049715129601 0.1520497156086422 0.4792951021059363
-0.1729532955955235 0.1729532961091313 0.5406153189911538
-0.1955291626081873 0.1955291631500105 0.6068411535613651
-0.2199110989702663 0.2199110995319287 0.6783650548783999
-0.2462435899891197 0.2462435905598054 0.7556108675787599
-0.2746826801945834 0.2746826807605474 0.8390363450374855
-0.3053968976833469 0.3053968982273374 0.9291358609132148
-0.3385682524999366 0.3385682530005137 1.026443337878106
-0.3743933157375675 0.374393316168302 1.131535413137833
-0.4130843841291771 0.4130843844577033 1.245034854735272
-0.4548707380311413 0.4548707382180506 1.367614251819718
-0.08925087164967249 0.1849492043260914 0.2930164209945849
-0.1062135181971276 0.2186082374867222 0.3428610447719552
-0.124533176294285 0.2549599929626277 0.3966932379564009
-0.1443184069068921 0.2942198886232275 0.4548320062259718
-0.1656864561232867 0.3366205762545226 0.5176218764343177
-0.1887639493845495 0.3824133191222501 0.5854349366015064
-0.2136876420897916 0.431869481400403 0.6586730415628124
-0.2406052299477489 0.4852821361545492 0.7377701941816646
-0.2696762247304443 0.5429678031027019 0.8231951187461688
-0.3010728991560644 0.6052683235495231 0.9154540375013989
-0.3349813074534991 0.6725528854959038 1.01509366957179
-0.3716023884402997 0.7452202124802217 1.122704472348727
-0.4111531559903653 0.8237009258273298 1.238924139672316
-0.4538679849694502 0.9084600963346787 1.364441380544781
4.78296550802948e-10 -0.1897583988651114 0.3004085996267818
5.463896262519752e-10 -0.2232188273456559 0.3499479496835539
6.114150487984693e-10 -0.2593560897766805 0.4034504472531904
6.717107148279666e-10 -0.2983843329591925 0.4612331442615024
7.252452249861818e-10 -0.3405348359226454 0.5236384575053172
7.695500556237356e-10 -0.3860573793598632 0.5910361961493582
8.016389219100972e-10 -0.4352217262672831 0.6638257538665325
8.179113220041501e-10 -0.488319220440477 0.7424384754671242
8.140434298864463e-10 -0.5456645139814914 0.8273402145345418
7.848557220802022e-10 -0.6075974311701425 0.9190340929527252
7.241609673025451e-10 -0.6744849816246123 1.018063481461626
6.24584328701161e-10 -0.7467235362276329 1.125015221192909
4.773530737356424e-10 -0.8247411754372556 1.24052310042709
2.720512842779854e-10 -0.9090002259170042 1.365271610164197
2.660591851000316e-10 -0.1015571891938123 0.331975410938174
2.989944333786632e-10 -0.1180116234055444 0.3802111510196251
3.303068929483288e-10 -0.1357824121992874 0.4323057498288619
3.591584876727616e-10 -0.154974863984443 0.4885679161856071
3.845257168233474e-10 -0.1757027120815318 0.5493310563132452
4.05166206141061e-10 -0.1980887881528598 0.6149552479828635
4.19577733667964e-10 -0.2222657503193003 0.6858293749681608
4.259503305625856e-10 -0.2483768692333701 0.7623734313976565
4.221118177216709e-10 -0.2765768775949099 0.845041012087186
4.054609981096746e-10 -0.3070328867248495 0.9343219994513449
3.728919673040565e-10 -0.3399253765532064 1.030745465626737
3.207042409414385e-10 -0.3754492656483821 1.134882809234135
2.444974778192943e-10 -0.4138150660179896 1.247351140646026
1.390482173846408e-10 -0.455250130517272 1.36881693873078
1.214306433183765e-17 8.293606322540281e-10 0.3441954544207557
-6.591949208711867e-17 9.268783622562449e-10 0.3919265451611763
3.469446951953614e-17 1.019425030501786e-09 0.4434761226869396
2.775557561562891e-17 1.104477682922766e-09 0.4991496660610751
-5.551115123125783e-17 1.178957306779971e-09 0.5592770933624279
0 1.239126870555829e-09 0.6242147151759204
-2.775557561562891e-17 1.28046923064673e-09 0.6943473467164772
0 1.297543517075894e-09 0.7700905880727671
0 1.283821049469225e-09 0.8518932884854706
1.387778780781446e-16 1.231484664243609e-09 0.9402402051478662
2.775557561562891e-17 1.13120346423301e-09 1.035654874966639
0 9.718605920028267e-10 1.138702718506773
5.551115123125783e-17 7.402373713993882e-10 1.249994389841926
-5.551115123125783e-17 4.206462955735901e-10 1.370189395041219
-2.66059226733395e-10 0.1015571902054072 0.3319754106882246
-2.989943917452997e-10 0.1180116245496478 0.3802111507835179
-3.303068721316471e-10 0.1357824134696057 0.4323057496073638
-3.591583974671408e-10 0.1549748653713681 0.4885679159794895
-3.845257307011352e-10 0.1757027135714078 0.549331056123275
-4.051662616522123e-10 0.1980887897271134 0.6149552478097919
-4.19577733667964e-10 0.2222657519534121 0.6858293748127091
-4.259502472958587e-10 0.2483768708956555 0.7623734312604993
-4.221117622105197e-10 0.2765768792450795 0.8450410119689293
-4.054608315762209e-10 0.3070328883123127 0.9343219993524994
-3.728920505707833e-10 0.3399253780150682 1.03074546554769
-3.207043519637409e-10 0.3754492669070853 1.134882809175108
-2.444973667969919e-10 0.4138150669785371 1.247351140607031
-1.390478843177334e-10 0.4552501310639647 1.368816938711571
-4.782966488148244e-10 0.1897583992265575 0.300408599450661
-5.463896973756377e-10 0.2232188277692221 0.3499479495177278
-6.114150852276623e-10 0.2593560902598664 0.4034504470981902
-6.717107009501788e-10 0.2983843334980544 0.4612331441178538
-7.252452249861818e-10 0.340534836511474 0.5236384573735295
-7.695502568516588e-10 0.3860573799908015 0.591036196029917
-8.016391161991265e-10 0.4352217269298732 0.663825753759884
-8.179112387374232e-10 0.4883192211211231 0.7424384753736606
-8.140435547865366e-10 0.5456645146628263 0.8273402144545816
-7.848555694245363e-10 0.6075974318302806 0.91903409288649
-7.24160897913606e-10 0.6744849822362642 1.018063481409213
-6.245844397234634e-10 0.7467235367570697 1.125015221154254
-4.773528794466131e-10 0.8247411758430807 1.240523100401932
-2.720513814225001e-10 0.9090002261487163 1.365271610152024
0.08925087170015132 -0.1849492039660998 0.2930164211542324
0.1062135182445146 -0.2186082370645502 0.3428610449219882
0.1245331763384304 -0.2549599924807712 0.396693238096343
0.1443184069476501 -0.2942198880856248 0.454832006355356
0.165686456160519 -0.3366205756668778 0.5176218765526975
0.1887639494181286 -0.3824133184924139 0.5854349367084654
0.2136876421196058 -0.4318694807388267 0.6586730416579785
0.2406052299737073 -0.4852821354748216 0.7377701942647249
0.2696762247524839 -0.5429678024221828 0.8231951188168917
0.3010728991741579 -0.6052683228900894 0.9154540375596558
0.3349813074676648 -0.672552884884836 1.015093669617585
0.3716023884506125 -0.7452202119512403 1.122704472382233
0.4111531559969716 -0.8237009254218197 1.238924139693912
0.4538679849725831 -0.9084600961031299 1.364441380555103
0.09817916097665097 -0.09817916027608756 0.3212669562432567
0.1147730972396501 -0.114773096454175 0.3699449218076999
0.1326945482361702 -0.1326945473700262 0.4225171241341205
0.1520497151862207 -0.1520497142458267 0.4792951022860809
0.1729532956474868 -0.1729532946419162 0.5406153191567112
0.195529162655302 -0.1955291615968535 0.6068411537117091
0.2199110990123545 -0.2199110979172242 0.6783650550129441
0.2462435900260244 -0.2462435889151026 0.7556108676969753
0.274682680226176 -0.27468267912599 0.839036345138923
0.3053968977095356 -0.3053968966533579 0.9291358609975344
0.3385682525206782 -0.3385682515498378 1.026443337945103
0.3743933157528803 -0.3743933149183022 1.131535413187484
0.4130843841391558 -0.4130843835031786 1.245034854767778
0.4548707380359762 -0.4548707376744853 1.367614251835557
0.1015571896996097 7.964776199687051e-10 0.3319754108131991
0.1180116239775961 8.935933902554094e-10 0.3802111509015714
0.1357824128344466 9.85876026649013e-10 0.4323057497181129
0.1549748646779054 1.070842178818587e-09 0.4885679160825483
0.1757027128264698 1.14546029605922e-09 0.5493310562182603
0.1980887889399866 1.206049468627235e-09 0.6149552478963276
0.2222657511363562 1.248160408362509e-09 0.6858293748904345
0.2483768700645128 1.266432403390638e-09 0.7623734313290784
0.2765768784199946 1.254432280273221e-09 0.845041012028058
0.3070328875185812 1.20445628470911e-09 0.9343219994019218
0.3399253772841373 1.107307745495945e-09 1.030745465587214
0.375449266277734 9.520286781139475e-10 1.134882809204622
0.4138150664982634 7.255889222790302e-10 1.247351140626528
0.4552501307906183 4.125211838790221e-10 1.368816938721176
0.09817916057937434 0.09817916127993796 0.32126695609662
0.1147730968018584 0.1147730975873336 0.3699449216694656
0.1326945477601401 0.1326945486262842 0.4225171240047334
0.1520497146753291 0.1520497156157235 0.4792951021659845
0.1729532951064519 0.1729532961120225 0.5406153190463394
0.1955291620904684 0.195529163148917 0.6068411536114798
0.2199110984320315 0.219911099527162 0.6783650549232482
0.2462435894408855 0.2462435905518073 0.755610867618165
0.2746826796497309 0.2746826807499172 0.8390363450712979
0.3053968971586868 0.3053968982148648 0.9291358609413214
0.3385682520163775 0.3385682529872184 1.026443337900439
0.3743933153209011 0.3743933161554789 1.131535413154383
0.413084383811002 0.4130843844469793 1.245034854746107
0.4548707378499523 0.4548707382114435 1.367614251824997
0.08925087104542326 0.1849492043905618 0.2930164210966186
0.1062135175016424 0.21860823754501 0.3428610448674284
0.1245331755115279 0.254959993014579 0.3966932380450162
0.1443184060430183 0.2942198886687323 0.4548320063074449
0.1656864551871297 0.3366205762935292 0.5176218765083866
0.1887639483881995 0.3824133191547791 0.5854349366679389
0.21368764104928 0.4318694814265663 0.6586730416214177
0.2406052288838578 0.4852821361745733 0.7377701942323076
0.2696762236696655 0.5429678031169531 0.8231951187887836
0.3010728981317278 0.6052683235585401 0.9154540375360106
0.3349813065071062 0.6725528855004348 1.015093669598536
0.3716023876230918 0.7452202124812697 1.122704472367886
0.4111531553651739 0.8237009258262036 1.23892413968434
0.4538679846128664 0.9084600963330545 1.364441380550331
0.1715670731323401 -0.1715670727746899 0.2724639224091093
0.2057787461857212 -0.2057787457811531 0.3231572997017291
0.2427273527418362 -0.2427273522925783 0.377906146674546
0.2826318475667471 -0.2826318470762013 0.4370349010296511
0.3257287023028697 -0.3257287017758704 0.5008939562189532
0.372273305650031 -0.3722733050931541 0.5698617361719286
0.4225414772485876 -0.4225414766705146 0.6443469385021723
0.4768311020638739 -0.4768311014758224 0.7247909562676055
0.5354638966789823 -0.5354638960952172 0.8116704951867613
0.5987873150131069 -0.5987873144515395 0.9055003974498337
0.6671766066809595 -0.6671766061638578 1.006836691706679
0.7410370417721379 -0.7410370413269624 1.116279889648715
0.8208063118853797 -0.8208063115457644 1.234478543757687
0.9069571237102715 -0.9069571235171783 1.36213309036295
0.1849492042880986 -0.08925087091248413 0.2930164211753429
0.2186082374216826 -0.1062135173461531 0.3428610449413079
0.2549599928711516 -0.1245331753344025 0.3966932381138173
0.2942198885064352 -0.1443184058456969 0.4548320063709413
0.3366205761141634 -0.1656864549716941 0.5176218765663636
0.3824133189608399 -0.1887639481575146 0.5854349367202001
0.4318694812213924 -0.2136876408071567 0.6586730416677907
0.4852821359625187 -0.2406052286352501 0.7377701942726546
0.5429678029035956 -0.2696762234208992 0.8231951188230118
0.6052683233509218 -0.3010728978907746 0.9154540375640822
0.6725528853073512 -0.3349813062839034 1.015093669620487
0.7452202123136075 -0.3716023874299217 1.122704472383844
0.8237009256973385 -0.4111531552171088 1.238924139694544
0.9084600962593191 -0.4538679845282921 1.36444138055516
0.1897583990458345 7.159857949579074e-10 0.3004085995387215
0.223218827557439 8.166749308063936e-10 0.3499479496006407
0.2593560900182735 9.127927302898797e-10 0.4034504471756901
0.2983843332286235 1.001872591832598e-09 0.4612331441896781
0.3405348362170599 1.080900827177267e-09 0.5236384574394234
0.3860573796753327 1.146214428926484e-09 0.5910361960896375
0.4352217265985783 1.193383267206194e-09 0.6638257538132085
0.4883192207808002 1.217065670466866e-09 0.7424384754203925
0.5456645143221589 1.21084819948436e-09 0.8273402144945617
0.6075974315002116 1.167046598249399e-09 0.9190340929196074
0.6744849819304379 1.076483568951403e-09 1.01806348143542
0.7467235364923512 9.282207502625539e-10 1.125015221173581
0.8247411756401679 7.092450515777671e-10 1.240523100414512
0.9090002260328606 4.04108829732408e-10 1.36527161015811
0.1849492040685629 0.08925087183309033 0.2930164210755081
0.2186082371878776 0.1062135184000038 0.342861044848109
0.2549599926241987 0.1245331765155557 0.3966932380275418
0.2942198882479221 0.1443184071449715 0.4548320062918597
0.3366205758462438 0.1656864563759544 0.5176218764947207
0.382413318686353 0.1887639496488134 0.5854349366562043
0.431869480944001 0.213687642361729 0.6586730416116048
0.4852821356868762 0.240605230222315 0.737770194224378
0.5429678026355405 0.2696762250012501 0.8231951187826638
0.6052683230977081 0.3010728994151114 0.9154540375315843
0.6725528850779194 0.3349813076908675 1.015093669595634
0.7452202121189025 0.3716023886437831 1.122704472366275
0.8237009255506852 0.411153156145037 1.238924139683708
0.9084600961768665 0.4538679850571578 1.364441380550275
0.171567072819574 0.1715670731772243 0.2724639223691848
0.2057787458365212 0.2057787462410894 0.3231572996644603
0.2427273523580727 0.2427273528073307 0.3779061466400485
0.2826318471512368 0.2826318476417828 0.4370349009980327
0.325728701859583 0.3257287023865824 0.5008939561903111
0.372273305184339 0.3722733057412157 0.5698617361463468
0.4225414767675558 0.4225414773456293 0.6443469384797149
0.4768311015766055 0.4768311021646571 0.7247909562483124
0.5354638961970288 0.5354638967807941 0.8116704951706406
0.598787314550948 0.5987873151125161 0.905500397436852
0.667176606256573 0.6671766067736744 1.006836691696753
0.7410370414076684 0.741037041852844 1.116279889641701
0.8208063116079237 0.8208063119475397 1.234478543753365
0.9069571235528046 0.9069571237458974 1.362133090361002
3 3 0 350
2443
2444
2445
2446
2447
2448
2449
2450
2451
2452
2453
2454
2455
2456
2457
2458
2459
2460
2461
2462
2463
2464
2465
2466
2467
2468
2469
2470
2471
2472
2473
2474
2475
2476
2477
2478
2479
2480
2481
2482
2483
2484
2485
2486
2487
2488
2489
2490
2491
2492
2493
2494
2495
2496
2497
2498
2499
2500
2501
2502
2503
2504
2505
2506
2507
2508
2509
2510
2511
2512
2513
2514
2515
2516
2517
2518
2519
2520
2521
2522
2523
2524
2525
2526
2527
2528
2529
2530
2531
2532
2533
2534
2535
2536
2537
2538
2539
2540
2541
2542
2543
2544
2545
2546
2547
2548
2549
2550
2551
2552
2553
2554
2555
2556
2557
2558
2559
2560
2561
2562
2563
2564
2565
2566
2567
2568
2569
2570
2571
2572
2573
2574
2575
2576
2577
2578
2579
2580
2581
2582
2583
2584
2585
2586
2587
2588
2589
2590
2591
2592
2593
2594
2595
2596
2597
2598
2599
2600
2601
2602
2603
2604
2605
2606
2607
2608
2609
2610
2611
2612
2613
2614
2615
2616
2617
2618
2619
2620
2621
2622
2623
2624
2625
2626
2627
2628
2629
2630
2631
2632
2633
2634
2635
2636
2637
2638
2639
2640
2641
2642
2643
2644
2645
2646
2647
2648
2649
2650
2651
2652
2653
2654
2655
2656
2657
2658
2659
2660
2661
2662
2663
2664
2665
2666
2667
2668
2669
2670
2671
2672
2673
2674
2675
2676
2677
2678
2679
2680
2681
2682
2683
2684
2685
2686
2687
2688
2689
2690
2691
2692
2693
2694
2695
2696
2697
2698
2699
2700
2701
2702
2703
2704
2705
2706
2707
2708
2709
2710
2711
2712
2713
2714
2715
2716
2717
2718
2719
2720
2721
2722
2723
2724
2725
2726
2727
2728
2729
2730
2731
2732
2733
2734
2735
2736
2737
2738
2739
2740
2741
2742
2743
2744
2745
2746
2747
2748
2749
2750
2751
2752
2753
2754
2755
2756
2757
2758
2759
2760
2761
2762
2763
2764
2765
2766
2767
2768
2769
2770
2771
2772
2773
2774
2775
2776
2777
2778
2779
2780
2781
2782
2783
2784
2785
2786
2787
2788
2789
2790
2791
2792
-0.171567072819941 -0.2724639224798466 -0.1715670729243574
-0.2057787458225056 -0.3231572997677595 -0.2057787459408313
-0.2427273523299169 -0.3779061467356657 -0.2427273524615015
-0.2826318471094338 -0.4370349010856688 -0.282631847253281
-0.3257287018049359 -0.5008939562696959 -0.3257287019596283
-0.3722733051180302 -0.5698617362172482 -0.3722733052816377
-0.4225414766912306 -0.6443469385419553 -0.422541476861202
-0.476831101492469 -0.7247909563017814 -0.4768311016655072
-0.5354638961079637 -0.8116704952153183 -0.5354638962798738
-0.5987873144606501 -0.9055003974728273 -0.5987873146261642
-0.6671766061697153 -1.006836691724257 -0.6671766063222802
-0.7410370413300917 -1.116279889661136 -0.7410370414616254
-0.8208063115468617 -1.234478543765343 -0.8208063116474641
-0.9069571235171502 -1.362133090366398 -0.9069571235747617
-0.1849492040447922 -0.2930164212766824 -0.08925087097499751
-0.2186082371371376 -0.3428610450365649 -0.1062135174098713
-0.2549599925470412 -0.3966932382026888 -0.1245331753990558
-0.2942198881453942 -0.4548320064531303 -0.1443184059109322
-0.3366205757200026 -0.517621876641586 -0.1656864550370603
-0.382413318538801 -0.5854349367881897 -0.1887639482224399
-0.4318694807784487 -0.6586730417283098 -0.2136876408709283
-0.4852821355077335 -0.7377701943255004 -0.2406052286969845
-0.5429678024485439 -0.8231951188680326 -0.2696762234795106
-0.6052683229101872 -0.9154540376011917 -0.301072897944937
-0.6725528848991154 -1.015093669649682 -0.3349813063320053
-0.7452202119603408 -1.122704472405223 -0.371602387470014
-0.8237009254266153 -1.238924139708339 -0.4111531552468431
-0.9084600961047774 -1.364441380561764 -0.4538679845448489
-0.1897583988651115 -0.300408599626782 6.837857224883948e-10
-0.2232188273456558 -0.349947949683554 7.811313540440068e-10
-0.2593560897766806 -0.4034504472531903 8.740904389181736e-10
-0.2983843329591924 -0.4612331442615024 9.602862394153533e-10
-0.3405348359226455 -0.5236384575053173 1.036815133748092e-09
-0.3860573793598632 -0.5910361961493582 1.100147056787293e-09
-0.4352217262672829 -0.6638257538665324 1.146012146291397e-09
-0.4883192204404772 -0.7424384754671243 1.169263685874e-09
-0.5456645139814913 -0.8273402145345418 1.163718454932905e-09
-0.6075974311701425 -0.9190340929527252 1.121971737738647e-09
-0.674484981624612 -1.018063481461626 1.035177388253317e-09
-0.746723536227633 -1.125015221192909 8.927915629008965e-10
-0.8247411754372556 -1.24052310042709 6.822713505272304e-10
-0.9090002259170036 -1.365271610164196 3.887237198796356e-10
-0.1849492039597165 -0.29301642114587 0.08925087174967317
-0.2186082370575816 -0.342861044914164 0.1062135183015073
-0.2549599924732519 -0.3966932380890812 0.1245331764025656
-0.2942198880776073 -0.4548320063486799 0.1443184070184198
-0.3366205756584338 -0.5176218765466294 0.1656864562371944
-0.3824133184836396 -0.5854349367030229 0.188763949499713
-0.4318694807298479 -0.6586730416531784 0.2136876422047786
-0.4852821354657991 -0.7377701942605781 0.2406052300607571
-0.5429678024133202 -0.823195118813403 0.2696762248392292
-0.6052683228816408 -0.9154540375568228 0.3010728992578561
-0.6725528848771156 -1.015093669615397 0.3349813075448996
-0.7452202119446352 -1.122704472380665 0.3716023885171683
-0.8237009254168022 -1.238924139692928 0.4111531560476789
-0.9084600961002741 -1.364441380554649 0.4538679850011411
-0.1715670727601846 -0.2724639223880782 0.1715670731941761
-0.2057787457667613 -0.3231572996820971 0.2057787462585324
-0.242727352278356 -0.3779061466563738 0.2427273528251892
-0.2826318470622167 -0.4370349010129956 0.2826318476599552
-0.3257287017622066 -0.5008939562038653 0.3257287024049371
-0.3722733050799111 -0.5698617361584526 0.3722733057595844
-0.4225414766578137 -0.6443469384903424 0.4225414773637997
-0.4768311014638074 -0.7247909562574418 0.4768311021823644
-0.5354638960840624 -0.8116704951782694 0.5354638967977113
-0.5987873144414505 -0.9055003974429947 0.5987873151282409
-0.667176606155082 -1.00683669170145 0.6671766067877167
-0.7410370413197928 -1.11627988964502 0.7410370418646091
-0.8208063115405472 -1.23447854375541 0.8208063119563069
-0.9069571235143269 -1.362133090361924 0.9069571237508007
-0.08925087093258653 -0.2930164212430221 -0.1849492041354897
-0.106213517363655 -0.3428610450049104 -0.218608237242721
-0.1245331753492674 -0.3966932381731404 -0.2549599926668987
-0.1443184058579131 -0.4548320064257877 -0.2942198882785648
-0.1656864549812835 -0.517621876616544 -0.3366205758650984
-0.1887639481645384 -0.5854349367655373 -0.382413318693915
-0.213687640811727 -0.6586730417081288 -0.4318694809410456
-0.2406052286375402 -0.73777019430786 -0.4852821356745193
-0.2696762234211583 -0.8231951188529858 -0.5429678026153131
-0.301072897889343 -0.9154540375887716 -0.6052683230716447
-0.3349813062812327 -1.015093669639894 -0.6725528850486593
-0.3716023874265977 -1.122704472398041 -0.7452202120898128
-0.4111531552138772 -1.238924139703694 -0.8237009255260074
-0.4538679845260927 -1.364441380559533 -0.9084600961618816
-0.09817916031850818 -0.3212669563825752 -0.09817916035354846
-0.114773096492536 -0.369944921939035 -0.114773096531891
-0.1326945474042261 -0.4225171242570495 -0.1326945474476837
-0.152049714275793 -0.479295102400183 -0.1520497143230309
-0.1729532946676142 -0.5406153192615737 -0.1729532947181767
-0.1955291616182962 -0.6068411538069357 -0.1955291616715636
-0.2199110979344843 -0.6783650550981626 -0.2199110979896418
-0.2462435889283277 -0.7556108677718509 -0.2462435889843229
-0.2746826791354194 -0.8390363452031725 -0.2746826791909146
-0.3053968966593444 -0.9291358610509406 -0.3053968967126626
-0.33856825155287 -1.026443337987538 -0.3385682516019264
-0.3743933149190377 -1.131535413218932 -0.374393314961263
-0.4130843835024736 -1.245034854788367 -0.4130843835347235
-0.454870737673438 -1.367614251845589 -0.4548707376918834
-0.1015571891938124 -0.331975410938174 7.607308810664293e-10
-0.1180116234055444 -0.380211151019625 8.548989502421556e-10
-0.1357824121992873 -0.4323057498288619 9.44426190030434e-10
-0.154974863984443 -0.4885679161856068 1.02691552483769e-09
-0.1757027120815318 -0.5493310563132452 1.099441662710809e-09
-0.1980887881528596 -0.6149552479828634 1.158450391169907e-09
-0.2222657503193002 -0.6858293749681608 1.199646881833161e-09
-0.24837686923337 -0.7623734313976565 1.217855816193492e-09
-0.2765768775949096 -0.8450410120871858 1.206864802538732e-09
-0.3070328867248492 -0.9343219994513448 1.159236429071342e-09
-0.3399253765532063 -1.030745465626737 1.066090105084072e-09
-0.3754492656483824 -1.134882809234135 9.168441006401906e-10
-0.4138150660179898 -1.247351140646026 6.989150924674448e-10
-0.455250130517272 -1.368816938730779 3.973654738587129e-10
-0.09817916025922689 -0.321266956194579 0.09817916119436
-0.114773096436706 -0.369944921761812 0.1147730974869317
-0.1326945473520266 -0.4225171240911702 0.1326945485116486
-0.1520497142274008 -0.479295102246215 0.152049715487788
-0.1729532946232023 -0.5406153191200741 0.1729532959721397
-0.1955291615780284 -0.6068411536784393 0.19552916299895
-0.219911097898513 -0.6783650549831717 0.2199110993695922
-0.2462435888967867 -0.7556108676708164 0.2462435903898617
-0.2746826791084188 -0.839036345116478 0.2746826805877186
-0.3053968966369622 -0.9291358609788771 0.3053968980576113
-0.3385682515351439 -1.026443337930279 0.3385682528413912
-0.3743933149059507 -1.131535413176499 0.3743933160290908
-0.4130843834939457 -1.245034854760586 0.4130843843498656
-0.4548707376693061 -1.367614251832053 0.4548707381556031
-0.08925087089391043 -0.2930164211207025 0.1849492044113082
-0.1062135173273483 -0.3428610448899582 0.2186082375661741
-0.1245331753154447 -0.3966932380659212 0.2549599930360709
-0.1443184058266863 -0.4548320063266587 0.2942198886904344
-0.1656864549527581 -0.5176218765258472 0.3366205763152904
-0.1887639481388124 -0.5854349366835921 0.3824133191764084
-0.2136876407888859 -0.65867304163522 0.4318694814478251
-0.2406052286176533 -0.7377701942442267 0.4852821361951654
-0.2696762234042743 -0.823195118798806 0.5429678031365153
-0.3010728978754822 -0.9154540375441429 0.6052683235766272
-0.3349813062703816 -1.015093669604813 0.672552885516506
-0.3716023874186982 -1.122704472372376 0.7452202124946714
-0.4111531552088168 -1.238924139687152 0.8237009258361476
-0.4538679845236928 -1.364441380551628 0.9084600963385934
7.174448994964888e-10 -0.3004085995840312 -0.1897583989528501
8.195844870828584e-10 -0.3499479496433006 -0.2232188274484805
9.171225792692361e-10 -0.4034504472155641 -0.2593560898939877
1.007566124283654e-09 -0.4612331442266305 -0.2983843330900291
1.087867906868212e-09 -0.5236384574733232 -0.3405348360656309
1.154325232621822e-09 -0.5910361961203603 -0.3860573795130965
1.202458459192979e-09 -0.663825753840639 -0.4352217264282331
1.226866899739498e-09 -0.7424384754444304 -0.4883192206058521
1.221065290546441e-09 -0.8273402145151254 -0.5456645141470865
1.177283423525743e-09 -0.9190340929366397 -0.6075974313306591
1.08624127748147e-09 -1.018063481448897 -0.6744849817734403
9.368763542738634e-10 -1.125015221183521 -0.7467235363566028
7.160294995811611e-10 -1.240523100420979 -0.8247411755363417
4.080769056002964e-10 -1.365271610161239 -0.9090002259739716
7.981774321347279e-10 -0.3319754109298575 -0.1015571892274712
8.969830919691724e-10 -0.3802111510117693 -0.118011623443614
9.909204741476163e-10 -0.4323057498214918 -0.1357824122415595
1.077475171584741e-09 -0.4885679161787485 -0.1549748640305991
1.15357703944774e-09 -0.5493310563069238 -0.175702712131119
1.21549857678982e-09 -0.6149552479771042 -0.1980887882052612
1.25873308998159e-09 -0.6858293749629876 -0.2222657503737029
1.277850769643152e-09 -0.7623734313930923 -0.248376869288722
1.266335397653862e-09 -0.8450410120832506 -0.2765768776498727
1.21638257799539e-09 -0.9343219994480549 -0.3070328867777447
1.118675763134291e-09 -1.030745465624106 -0.3399253766019442
9.621129448689203e-10 -1.13488280923217 -0.3754492656903878
7.334922391688536e-10 -1.247351140644727 -0.4138150660501079
4.171442635758638e-10 -1.368816938730141 -0.4552501305356603
8.293605975595586e-10 -0.3441954544207559 7.904510344880489e-10
9.268783449090101e-10 -0.3919265451611762 8.833916965989008e-10
1.019425044379574e-09 -0.4434761226869397 9.715934515264202e-10
1.104477675983873e-09 -0.499149666061075 1.052651292521301e-09
1.178957306779971e-09 -0.5592770933624279 1.123631201971342e-09
1.239126884433617e-09 -0.6242147151759204 1.180970266023706e-09
1.280469202891155e-09 -0.694347346716477 1.220363088361154e-09
1.297543433809167e-09 -0.7700905880727666 1.236624552758414e-09
1.283820938446922e-09 -0.8518932884854706 1.223529971783321e-09
1.231484664243609e-09 -0.9402402051478662 1.173629915474095e-09
1.131203491988586e-09 -1.035654874966639 1.078030054113555e-09
9.718605920028267e-10 -1.138702718506773 9.261346134437076e-10
7.402373158882369e-10 -1.249994389841926 7.053433948023269e-10
4.206462400624389e-10 -1.370189395041218 4.007034148933997e-10
7.981775032583904e-10 -0.3319754107162253 0.1015571900920794
8.969831127858541e-10 -0.3802111508099688 0.1180116244214687
9.909205192504267e-10 -0.4323057496321782 0.1357824133272769
1.077475178523635e-09 -0.4885679160025816 0.1549748652159624
1.153577094958891e-09 -0.5493310561445588 0.1757027134044504
1.215498535156456e-09 -0.6149552478291829 0.1980887895506788
1.25873308998159e-09 -0.6858293748301272 0.2222657517702408
1.277850880665454e-09 -0.7623734312758679 0.248376870709289
1.26633534214271e-09 -0.8450410119821805 0.2765768790600205
1.216382550239814e-09 -0.9343219993635763 0.3070328881342183
1.11867570762314e-09 -1.030745465556548 0.3399253778509694
9.621129448689203e-10 -1.134882809181724 0.3754492667656544
7.334923224355805e-10 -1.247351140611402 0.413815066870397
4.171442080647125e-10 -1.368816938713726 0.4552501310020527
7.174449159763618e-10 -0.3004085994490895 0.1897583992297829
8.195844905523053e-10 -0.3499479495162481 0.2232188277730021
9.171225584525544e-10 -0.4034504470968069 0.2593560902641787
1.007566086119738e-09 -0.4612331441165719 0.2983843335028639
1.087867906868212e-09 -0.5236384573723535 0.3405348365167303
1.154325190988459e-09 -0.591036196028851 0.3860573799964347
1.202458466131873e-09 -0.6638257537589319 0.4352217269357898
1.226866996884013e-09 -0.742438475372826 0.4883192211272024
1.221065248913078e-09 -0.8273402144538685 0.5456645146689139
1.177283492914682e-09 -0.9190340928858988 0.6075974318361816
1.086241374625985e-09 -1.018063481408745 0.6744849822417349
9.368764652961659e-10 -1.125015221153909 0.7467235367618104
7.160295134589489e-10 -1.240523100401707 0.8247411758467226
4.080769056002964e-10 -1.365271610151915 0.9090002261508103
0.08925087183896052 -0.2930164210899716 -0.1849492040359512
0.1062135184068829 -0.3428610448617004 -0.2186082371496397
0.1245331765234032 -0.3966932380402178 -0.2549599925805642
0.1443184071537239 -0.4548320063035781 -0.2942198881992522
0.165686456385519 -0.5176218765054408 -0.3366205757930603
0.1887639496590633 -0.5854349366658889 -0.3824133186293733
0.2136876423724948 -0.6586730416202204 -0.431869480884179
0.2406052302333768 -0.7377701942318963 -0.4852821356254525
0.2696762250123264 -0.823195118789064 -0.5429678025740982
0.3010728994258473 -0.9154540375368547 -0.6052683230382416
0.3349813077008217 -1.015093669599776 -0.6725528850229155
0.371602388652409 -1.122704472369305 -0.7452202120714342
0.4111531561516644 -1.23892413968566 -0.8237009255145237
0.4538679850609676 -1.364441380551208 -0.9084600961566107
0.09817916130226104 -0.3212669561626199 -0.09817916028418938
0.1147730976099472 -0.3699449217316834 -0.1147730964665696
0.1326945486490942 -0.4225171240629692 -0.1326945473866095
0.1520497156386087 -0.4792951022200383 -0.1520497142664113
0.1729532961348295 -0.5406153190960159 -0.1729532946662134
0.1955291631714532 -0.6068411536565916 -0.1955291616244492
0.2199110995491888 -0.6783650549636187 -0.2199110979475538
0.2462435905730306 -0.7556108676536357 -0.2462435889474183
0.2746826807699772 -0.8390363451017346 -0.2746826791593222
0.3053968982333237 -0.9291358609666213 -0.3053968966864736
0.3385682530035464 -1.02644333792054 -0.3385682515811849
0.3743933161690371 -1.131535413169281 -0.3743933149459506
0.4130843844569986 -1.24503485475586 -0.4130843835247448
0.4548707382170037 -1.36761425182975 -0.4548707376870483
0.1015571902054072 -0.3319754106882245 7.607308498414067e-10
0.1180116245496477 -0.3802111507835179 8.548989398338147e-10
0.1357824134696057 -0.4323057496073638 9.444261761526462e-10
0.154974865371368 -0.4885679159794893 1.02691555953216e-09
0.1757027135714078 -0.5493310561232749 1.099441662710809e-09
0.1980887897271134 -0.614955247809792 1.158450363414332e-09
0.2222657519534121 -0.6858293748127091 1.199646854077585e-09
0.2483768708956555 -0.7623734312604995 1.217855885582431e-09
0.2765768792450796 -0.8450410119689298 1.206864774783156e-09
0.3070328883123129 -0.9343219993524994 1.159236318049039e-09
0.3399253780150682 -1.03074546554769 1.066090160595223e-09
0.3754492669070853 -1.134882809175108 9.168439896178882e-10
0.4138150669785374 -1.247351140607032 6.989148704228398e-10
0.4552501310639648 -1.368816938711573 3.973654738587129e-10
0.09817916124297968 -0.3212669559746239 0.09817916112500083
0.114773097554117 -0.3699449215544606 0.1147730974216102
0.1326945485968943 -0.42251712389709 0.1326945484505743
0.1520497155902163 -0.4792951020660704 0.1520497154311681
0.1729532960904172 -0.5406153189545169 0.1729532959201763
0.1955291631311852 -0.6068411535280953 0.1955291629518351
0.2199110995132174 -0.678365054848628 0.219911099327504
0.2462435905414892 -0.755610867552601 0.2462435903529569
0.2746826807429763 -0.8390363450150399 0.274682680556126
0.3053968982109415 -0.9291358608945579 0.3053968980314227
0.3385682529858197 -1.026443337863282 0.3385682528206494
0.3743933161559502 -1.131535413126848 0.3743933160137779
0.4130843844484703 -1.24503485472808 0.4130843843398865
0.4548707382128717 -1.367614251816214 0.4548707381507678
0.08925087180028439 -0.2930164209676518 0.1849492043117697
0.106213518370576 -0.3428610447467483 0.2186082374730931
0.1245331764895805 -0.3966932379329987 0.2549599929497368
0.1443184071224969 -0.454832006204449 0.2942198886111222
0.1656864563569937 -0.5176218764147441 0.3366205762432525
0.1887639496333373 -0.5854349365839435 0.3824133191118668
0.2136876423496535 -0.6586730415473119 0.431869481390959
0.24060523021349 -0.7377701941682628 0.4852821361460984
0.2696762249954423 -0.8231951187348847 0.5429678030953
0.3010728994119869 -0.9154540374922261 0.6052683235432241
0.3349813076899708 -1.015093669564695 0.6725528854907632
0.3716023886445097 -1.122704472343639 0.7452202124762937
0.4111531561466044 -1.238924139669118 0.8237009258246646
0.4538679850585681 -1.364441380543301 0.9084600963333241
0.1715670731721019 -0.2724639223600732 -0.1715670728463654
0.2057787462371701 -0.3231572996559539 -0.2057787458680743
0.2427273528046151 -0.3779061466321729 -0.2427273523942036
0.2826318476402552 -0.4370349009908134 -0.2826318471916517
0.3257287023862069 -0.5008939561837702 -0.3257287019038554
0.3722733057419329 -0.5698617361405034 -0.3722733052318811
0.4225414773473486 -0.6443469384745832 -0.422541476817582
0.4768311021672513 -0.7247909562439027 -0.4768311016280932
0.5354638967840919 -0.811670495166954 -0.5354638962486725
0.5987873151162915 -0.9055003974338811 -0.5987873146010992
0.6671766067776376 -1.006836691694481 -0.6671766063031753
0.7410370418566253 -1.116279889640095 -0.7410370414481787
0.8208063119506784 -1.234478543752373 -0.8208063116392191
0.9069571237478193 -1.362133090360555 -0.9069571235710743
0.1849492044047839 -0.2930164211170348 -0.08925087092451885
0.2186082375593096 -0.3428610448865319 -0.1062135173624845
0.2549599930288977 -0.396693238062747 -0.1245331753549107
0.2942198886829969 -0.4548320063237465 -0.1443184058701744
0.3366205763076476 -0.5176218765232065 -0.1656864549998281
0.3824133191686374 -0.5854349366812307 -0.1887639481888609
0.4318694814400251 -0.6586730416331434 -0.2136876408411142
0.4852821361874614 -0.7377701942424399 -0.240605228671026
0.542967803129063 -0.82319511879731 -0.2696762234574709
0.6052683235696206 -0.9154540375429348 -0.3010728979268433
0.6725528855101842 -1.015093669603887 -0.3349813063178392
0.7452202124893227 -1.122704472371718 -0.3716023874597012
0.8237009258321264 -1.238924139686745 -0.4111531552402365
0.9084600963363261 -1.364441380551441 -0.4538679845417158
0.1897583992265575 -0.3004085994506611 6.837856548341792e-10
0.2232188277692223 -0.3499479495177276 7.811313505745598e-10
0.2593560902598664 -0.4034504470981902 8.740904007542571e-10
0.2983843334980542 -0.4612331441178535 9.602862324764594e-10
0.340534836511474 -0.5236384573735295 1.036815050481366e-09
0.3860573799908016 -0.591036196029917 1.100147008215036e-09
0.4352217269298733 -0.6638257537598841 1.146012160169185e-09
0.4883192211211231 -0.7424384753736606 1.169263602607273e-09
0.5456645146628261 -0.8273402144545816 1.163718538199632e-09
0.6075974318302807 -0.9190340928864899 1.121971668349708e-09
0.6744849822362643 -1.018063481409213 1.035177416008892e-09
0.7467235367570698 -1.125015221154254 8.927915490231086e-10
0.8247411758430809 -1.240523100401933 6.82271378282806e-10
0.9090002261487159 -1.365271610152024 3.887237337574234e-10
0.1849492043197083 -0.2930164209862224 0.08925087169919443
0.2186082374797536 -0.3428610447641309 0.1062135182541203
0.2549599929551087 -0.3966932379491392 0.1245331763584203
0.2942198886152098 -0.454832006219296 0.144318406977662
0.3366205762460784 -0.5176218764282493 0.1656864561999622
0.3824133191134758 -0.5854349365960642 0.188763949466134
0.4318694813914242 -0.6586730415580124 0.2136876421749645
0.4852821361455266 -0.737770194177518 0.2406052300347988
0.5429678030938394 -0.8231951187426798 0.2696762248171898
0.6052683235410745 -0.9154540374985656 0.3010728992397627
0.6725528854881841 -1.015093669569601 0.3349813075307343
0.7452202124736176 -1.12270447234716 0.3716023885068552
0.823700925822313 -1.238924139671334 0.4111531560410728
0.908460096331823 -1.364441380544328 0.4538679849980076
0.1715670731123455 -0.272463922268305 0.1715670731161839
0.2057787461814258 -0.3231572995702915 0.2057787461857754
0.2427273527530542 -0.377906146552881 0.2427273527578913
0.282631847593038 -0.4370349009181398 0.2826318475983259
0.3257287023434781 -0.5008939561179396 0.3257287023491644
0.3722733057038137 -0.5698617360817076 0.372273305709828
0.4225414773139314 -0.6443469384229704 0.4225414773201793
0.4768311021385897 -0.7247909561995626 0.4768311021449507
0.535463896760191 -0.8116704951299056 0.53546389676651
0.5987873150970917 -0.9055003974040492 0.5987873151031757
0.6671766067630038 -1.006836691671674 0.6671766067686118
0.7410370418463266 -1.116279889623979 0.741037041851162
0.8208063119443638 -1.23447854374244 0.820806311948062
0.9069571237449959 -1.36213309035608 0.9069571237471136
3 4 0 350
2793
2794
2795
2796
2797
2798
2799
2800
2801
2802
2803
2804
2805
2806
2807
2808
2809
2810
2811
2812
2813
2814
2815
2816
2817
2818
2819
2820
2821
2822
2823
2824
2825
2826
2827
2828
2829
2830
2831
2832
2833
2834
2835
2836
2837
2838
2839
2840
2841
2842
2843
2844
2845
2846
2847
2848
2849
2850
2851
2852
2853
2854
2855
2856
2857
2858
2859
2860
2861
2862
2863
2864
2865
2866
2867
2868
2869
2870
2871
2872
2873
2874
2875
2876
2877
2878
2879
2880
2881
2882
2883
2884
2885
2886
2887
2888
2889
2890
2891
2892
2893
2894
2895
2896
2897
2898
2899
2900
2901
2902
2903
2904
2905
2906
2907
2908
2909
2910
2911
2912
2913
2914
2915
2916
2917
2918
2919
2920
2921
2922
2923
2924
2925
2926
2927
2928
2929
2930
2931
2932
2933
2934
2935
2936
2937
2938
2939
2940
2941
2942
2943
2944
2945
2946
2947
2948
2949
2950
2951
2952
2953
2954
2955
2956
2957
2958
2959
2960
2961
2962
2963
2964
2965
2966
2967
2968
2969
2970
2971
2972
2973
2974
2975
2976
2977
2978
2979
2980
2981
2982
2983
2984
2985
2986
2987
2988
2989
2990
2991
2992
2993
2994
2995
2996
2997
2998
2999
3000
3001
3002
3003
3004
3005
3006
3007
3008
3009
3010
3011
3012
3013
3014
3015
3016
3017
3018
3019
3020
3021
3022
3023
3024
3025
3026
3027
3028
3029
3030
3031
3032
3033
3034
3035
3036
3037
3038
3039
3040
3041
3042
3043
3044
3045
3046
3047
3048
3049
3050
3051
3052
3053
3054
3055
3056
3057
3058
3059
3060
3061
3062
3063
3064
3065
3066
3067
3068
3069
3070
3071
3072
3073
3074
3075
3076
3077
3078
3079
3080
3081
3082
3083
3084
3085
3086
3087
3088
3089
3090
3091
3092
3093
3094
3095
3096
3097
3098
3099
3100
3101
3102
3103
3104
3105
3106
3107
3108
3109
3110
3111
3112
3113
3114
3115
3116
3117
3118
3119
3120
3121
3122
3123
3124
3125
3126
3127
3128
3129
3130
3131
3132
3133
3134
3135
3136
3137
3138
3139
3140
3141
3142
0.171567072819941 0.2724639224798466 -0.1715670729243574
0.2057787458225056 0.3231572997677595 -0.2057787459408313
0.2427273523299169 0.3779061467356657 -0.2427273524615015
0.2826318471094338 0.4370349010856688 -0.282631847253281
0.3257287018049359 0.5008939562696959 -0.3257287019596283
0.3722733051180302 0.5698617362172482 -0.3722733052816377
0.4225414766912306 0.6443469385419553 -0.422541476861202
0.476831101492469 0.7247909563017814 -0.4768311016655072
0.5354638961079637 0.8116704952153183 -0.5354638962798738
0.5987873144606501 0.9055003974728273 -0.5987873146261642
0.6671766061697153 1.006836691724257 -0.6671766063222802
0.7410370413300917 1.116279889661136 -0.7410370414616254
0.8208063115468617 1.234478543765343 -0.8208063116474641
0.9069571235171502 1.362133090366398 -0.9069571235747617
0.1849492040447922 0.2930164212766824 -0.08925087097499751
0.2186082371371376 0.3428610450365649 -0.1062135174098713
0.2549599925470412 0.3966932382026888 -0.1245331753990558
0.2942198881453942 0.4548320064531303 -0.1443184059109322
0.3366205757200026 0.517621876641586 -0.1656864550370603
0.382413318538801 0.5854349367881897 -0.1887639482224399
0.4318694807784487 0.6586730417283098 -0.2136876408709283
0.4852821355077335 0.7377701943255004 -0.2406052286969845
0.5429678024485439 0.8231951188680326 -0.2696762234795106
0.6052683229101872 0.9154540376011917 -0.301072897944937
0.6725528848991154 1.015093669649682 -0.3349813063320053
0.7452202119603408 1.122704472405223 -0.371602387470014
0.8237009254266153 1.238924139708339 -0.4111531552468431
0.9084600961047774 1.364441380561764 -0.4538679845448489
0.1897583988651115 0.300408599626782 6.837857224883948e-10
0.2232188273456558 0.349947949683554 7.811313540440068e-10
0.2593560897766806 0.4034504472531903 8.740904389181736e-10
0.2983843329591924 0.4612331442615024 9.602862394153533e-10
0.3405348359226455 0.5236384575053173 1.036815133748092e-09
0.3860573793598632 0.5910361961493582 1.100147056787293e-09
0.4352217262672829 0.6638257538665324 1.146012146291397e-09
0.4883192204404772 0.7424384754671243 1.169263685874e-09
0.5456645139814913 0.8273402145345418 1.163718454932905e-09
0.6075974311701425 0.9190340929527252 1.121971737738647e-09
0.674484981624612 1.018063481461626 1.035177388253317e-09
0.746723536227633 1.125015221192909 8.927915629008965e-10
0.8247411754372556 1.24052310042709 6.822713505272304e-10
0.9090002259170036 1.365271610164196 3.887237198796356e-10
0.1849492039597165 0.29301642114587 0.08925087174967317
0.2186082370575816 0.342861044914164 0.1062135183015073
0.2549599924732519 0.3966932380890812 0.1245331764025656
0.2942198880776073 0.4548320063486799 0.1443184070184198
0.3366205756584338 0.5176218765466294 0.1656864562371944
0.3824133184836396 0.5854349367030229 0.188763949499713
0.4318694807298479 0.6586730416531784 0.2136876422047786
0.4852821354657991 0.7377701942605781 0.2406052300607571
0.5429678024133202 0.823195118813403 0.2696762248392292
0.6052683228816408 0.9154540375568228 0.3010728992578561
0.6725528848771156 1.015093669615397 0.3349813075448996
0.7452202119446352 1.122704472380665 0.3716023885171683
0.8237009254168022 1.238924139692928 0.4111531560476789
0.9084600961002741 1.364441380554649 0.4538679850011411
0.1715670727601846 0.2724639223880782 0.1715670731941761
0.2057787457667613 0.3231572996820971 0.2057787462585324
0.242727352278356 0.3779061466563738 0.2427273528251892
0.2826318470622167 0.4370349010129956 0.2826318476599552
0.3257287017622066 0.5008939562038653 0.3257287024049371
0.3722733050799111 0.5698617361584526 0.3722733057595844
0.4225414766578137 0.6443469384903424 0.4225414773637997
0.4768311014638074 0.7247909562574418 0.4768311021823644
0.5354638960840624 0.8116704951782694 0.5354638967977113
0.5987873144414505 0.9055003974429947 0.5987873151282409
0.667176606155082 1.00683669170145 0.6671766067877167
0.7410370413197928 1.11627988964502 0.7410370418646091
0.8208063115405472 1.23447854375541 0.8208063119563069
0.9069571235143269 1.362133090361924 0.9069571237508007
0.08925087093258653 0.2930164212430221 -0.1849492041354897
0.106213517363655 0.3428610450049104 -0.218608237242721
0.1245331753492674 0.3966932381731404 -0.2549599926668987
0.1443184058579131 0.4548320064257877 -0.2942198882785648
0.1656864549812835 0.517621876616544 -0.3366205758650984
0.1887639481645384 0.5854349367655373 -0.382413318693915
0.213687640811727 0.6586730417081288 -0.4318694809410456
0.2406052286375402 0.73777019430786 -0.4852821356745193
0.2696762234211583 0.8231951188529858 -0.5429678026153131
0.301072897889343 0.9154540375887716 -0.6052683230716447
0.3349813062812327 1.015093669639894 -0.6725528850486593
0.3716023874265977 1.122704472398041 -0.7452202120898128
0.4111531552138772 1.238924139703694 -0.8237009255260074
0.4538679845260927 1.364441380559533 -0.9084600961618816
0.09817916031850818 0.3212669563825752 -0.09817916035354846
0.114773096492536 0.369944921939035 -0.114773096531891
0.1326945474042261 0.4225171242570495 -0.1326945474476837
0.152049714275793 0.479295102400183 -0.1520497143230309
0.1729532946676142 0.5406153192615737 -0.1729532947181767
0.1955291616182962 0.6068411538069357 -0.1955291616715636
0.2199110979344843 0.6783650550981626 -0.2199110979896418
0.2462435889283277 0.7556108677718509 -0.2462435889843229
0.2746826791354194 0.8390363452031725 -0.2746826791909146
0.3053968966593444 0.9291358610509406 -0.3053968967126626
0.33856825155287 1.026443337987538 -0.3385682516019264
0.3743933149190377 1.131535413218932 -0.374393314961263
0.4130843835024736 1.245034854788367 -0.4130843835347235
0.454870737673438 1.367614251845589 -0.4548707376918834
0.1015571891938124 0.331975410938174 7.607308810664293e-10
0.1180116234055444 0.380211151019625 8.548989502421556e-10
0.1357824121992873 0.4323057498288619 9.44426190030434e-10
0.154974863984443 0.4885679161856068 1.02691552483769e-09
0.1757027120815318 0.5493310563132452 1.099441662710809e-09
0.1980887881528596 0.6149552479828634 1.158450391169907e-09
0.2222657503193002 0.6858293749681608 1.199646881833161e-09
0.24837686923337 0.7623734313976565 1.217855816193492e-09
0.2765768775949096 0.8450410120871858 1.206864802538732e-09
0.3070328867248492 0.9343219994513448 1.159236429071342e-09
0.3399253765532063 1.030745465626737 1.066090105084072e-09
0.3754492656483824 1.134882809234135 9.168441006401906e-10
0.4138150660179898 1.247351140646026 6.989150924674448e-10
0.455250130517272 1.368816938730779 3.973654738587129e-10
0.09817916025922689 0.321266956194579 0.09817916119436
0.114773096436706 0.369944921761812 0.1147730974869317
0.1326945473520266 0.4225171240911702 0.1326945485116486
0.1520497142274008 0.479295102246215 0.152049715487788
0.1729532946232023 0.5406153191200741 0.1729532959721397
0.1955291615780284 0.6068411536784393 0.19552916299895
0.219911097898513 0.6783650549831717 0.2199110993695922
0.2462435888967867 0.7556108676708164 0.2462435903898617
0.2746826791084188 0.839036345116478 0.2746826805877186
0.3053968966369622 0.9291358609788771 0.3053968980576113
0.3385682515351439 1.026443337930279 0.3385682528413912
0.3743933149059507 1.131535413176499 0.3743933160290908
0.4130843834939457 1.245034854760586 0.4130843843498656
0.4548707376693061 1.367614251832053 0.4548707381556031
0.08925087089391043 0.2930164211207025 0.1849492044113082
0.1062135173273483 0.3428610448899582 0.2186082375661741
0.1245331753154447 0.3966932380659212 0.2549599930360709
0.1443184058266863 0.4548320063266587 0.2942198886904344
0.1656864549527581 0.5176218765258472 0.3366205763152904
0.1887639481388124 0.5854349366835921 0.3824133191764084
0.2136876407888859 0.65867304163522 0.4318694814478251
0.2406052286176533 0.7377701942442267 0.4852821361951654
0.2696762234042743 0.823195118798806 0.5429678031365153
0.3010728978754822 0.9154540375441429 0.6052683235766272
0.3349813062703816 1.015093669604813 0.672552885516506
0.3716023874186982 1.122704472372376 0.7452202124946714
0.4111531552088168 1.238924139687152 0.8237009258361476
0.4538679845236928 1.364441380551628 0.9084600963385934
-7.174448994964888e-10 0.3004085995840312 -0.1897583989528501
-8.195844870828584e-10 0.3499479496433006 -0.2232188274484805
-9.171225792692361e-10 0.4034504472155641 -0.2593560898939877
-1.007566124283654e-09 0.4612331442266305 -0.2983843330900291
-1.087867906868212e-09 0.5236384574733232 -0.3405348360656309
-1.154325232621822e-09 0.5910361961203603 -0.3860573795130965
-1.202458459192979e-09 0.663825753840639 -0.4352217264282331
-1.226866899739498e-09 0.7424384754444304 -0.4883192206058521
-1.221065290546441e-09 0.8273402145151254 -0.5456645141470865
-1.177283423525743e-09 0.9190340929366397 -0.6075974313306591
-1.08624127748147e-09 1.018063481448897 -0.6744849817734403
-9.368763542738634e-10 1.125015221183521 -0.7467235363566028
-7.160294995811611e-10 1.240523100420979 -0.8247411755363417
-4.080769056002964e-10 1.365271610161239 -0.9090002259739716
-7.981774321347279e-10 0.3319754109298575 -0.1015571892274712
-8.969830919691724e-10 0.3802111510117693 -0.118011623443614
-9.909204741476163e-10 0.4323057498214918 -0.1357824122415595
-1.077475171584741e-09 0.4885679161787485 -0.1549748640305991
-1.15357703944774e-09 0.5493310563069238 -0.175702712131119
-1.21549857678982e-09 0.6149552479771042 -0.1980887882052612
-1.25873308998159e-09 0.6858293749629876 -0.2222657503737029
-1.277850769643152e-09 0.7623734313930923 -0.248376869288722
-1.266335397653862e-09 0.8450410120832506 -0.2765768776498727
-1.21638257799539e-09 0.9343219994480549 -0.3070328867777447
-1.118675763134291e-09 1.030745465624106 -0.3399253766019442
-9.621129448689203e-10 1.13488280923217 -0.3754492656903878
-7.334922391688536e-10 1.247351140644727 -0.4138150660501079
-4.171442635758638e-10 1.368816938730141 -0.4552501305356603
-8.293605975595586e-10 0.3441954544207559 7.904510344880489e-10
-9.268783449090101e-10 0.3919265451611762 8.833916965989008e-10
-1.019425044379574e-09 0.4434761226869397 9.715934515264202e-10
-1.104477675983873e-09 0.499149666061075 1.052651292521301e-09
-1.178957306779971e-09 0.5592770933624279 1.123631201971342e-09
-1.239126884433617e-09 0.6242147151759204 1.180970266023706e-09
-1.280469202891155e-09 0.694347346716477 1.220363088361154e-09
-1.297543433809167e-09 0.7700905880727666 1.236624552758414e-09
-1.283820938446922e-09 0.8518932884854706 1.223529971783321e-09
-1.231484664243609e-09 0.9402402051478662 1.173629915474095e-09
-1.131203491988586e-09 1.035654874966639 1.078030054113555e-09
-9.718605920028267e-10 1.138702718506773 9.261346134437076e-10
-7.402373158882369e-10 1.249994389841926 7.053433948023269e-10
-4.206462400624389e-10 1.370189395041218 4.007034148933997e-10
-7.981775032583904e-10 0.3319754107162253 0.1015571900920794
-8.969831127858541e-10 0.3802111508099688 0.1180116244214687
-9.909205192504267e-10 0.4323057496321782 0.1357824133272769
-1.077475178523635e-09 0.4885679160025816 0.1549748652159624
-1.153577094958891e-09 0.5493310561445588 0.1757027134044504
-1.215498535156456e-09 0.6149552478291829 0.1980887895506788
-1.25873308998159e-09 0.6858293748301272 0.2222657517702408
-1.277850880665454e-09 0.7623734312758679 0.248376870709289
-1.26633534214271e-09 0.8450410119821805 0.2765768790600205
-1.216382550239814e-09 0.9343219993635763 0.3070328881342183
-1.11867570762314e-09 1.030745465556548 0.3399253778509694
-9.621129448689203e-10 1.134882809181724 0.3754492667656544
-7.334923224355805e-10 1.247351140611402 0.413815066870397
-4.171442080647125e-10 1.368816938713726 0.4552501310020527
-7.174449159763618e-10 0.3004085994490895 0.1897583992297829
-8.195844905523053e-10 0.3499479495162481 0.2232188277730021
-9.171225584525544e-10 0.4034504470968069 0.2593560902641787
-1.007566086119738e-09 0.4612331441165719 0.2983843335028639
-1.087867906868212e-09 0.5236384573723535 0.3405348365167303
-1.154325190988459e-09 0.591036196028851 0.3860573799964347
-1.202458466131873e-09 0.6638257537589319 0.4352217269357898
-1.226866996884013e-09 0.742438475372826 0.4883192211272024
-1.221065248913078e-09 0.8273402144538685 0.5456645146689139
-1.177283492914682e-09 0.9190340928858988 0.6075974318361816
-1.086241374625985e-09 1.018063481408745 0.6744849822417349
-9.368764652961659e-10 1.125015221153909 0.7467235367618104
-7.160295134589489e-10 1.240523100401707 0.8247411758467226
-4.080769056002964e-10 1.365271610151915 0.9090002261508103
-0.08925087183896052 0.2930164210899716 -0.1849492040359512
-0.1062135184068829 0.3428610448617004 -0.2186082371496397
-0.1245331765234032 0.3966932380402178 -0.2549599925805642
-0.1443184071537239 0.4548320063035781 -0.2942198881992522
-0.165686456385519 0.5176218765054408 -0.3366205757930603
-0.1887639496590633 0.5854349366658889 -0.3824133186293733
-0.2136876423724948 0.6586730416202204 -0.431869480884179
-0.2406052302333768 0.7377701942318963 -0.4852821356254525
-0.2696762250123264 0.823195118789064 -0.5429678025740982
-0.3010728994258473 0.9154540375368547 -0.6052683230382416
-0.3349813077008217 1.015093669599776 -0.6725528850229155
-0.371602388652409 1.122704472369305 -0.7452202120714342
-0.4111531561516644 1.23892413968566 -0.8237009255145237
-0.4538679850609676 1.364441380551208 -0.9084600961566107
-0.09817916130226104 0.3212669561626199 -0.09817916028418938
-0.1147730976099472 0.3699449217316834 -0.1147730964665696
-0.1326945486490942 0.4225171240629692 -0.1326945473866095
-0.1520497156386087 0.4792951022200383 -0.1520497142664113
-0.1729532961348295 0.5406153190960159 -0.1729532946662134
-0.1955291631714532 0.6068411536565916 -0.1955291616244492
-0.2199110995491888 0.6783650549636187 -0.2199110979475538
-0.2462435905730306 0.7556108676536357 -0.2462435889474183
-0.2746826807699772 0.8390363451017346 -0.2746826791593222
-0.3053968982333237 0.9291358609666213 -0.3053968966864736
-0.3385682530035464 1.02644333792054 -0.3385682515811849
-0.3743933161690371 1.131535413169281 -0.3743933149459506
-0.4130843844569986 1.24503485475586 -0.4130843835247448
-0.4548707382170037 1.36761425182975 -0.4548707376870483
-0.1015571902054072 0.3319754106882245 7.607308498414067e-10
-0.1180116245496477 0.3802111507835179 8.548989398338147e-10
-0.1357824134696057 0.4323057496073638 9.444261761526462e-10
-0.154974865371368 0.4885679159794893 1.02691555953216e-09
-0.1757027135714078 0.5493310561232749 1.099441662710809e-09
-0.1980887897271134 0.614955247809792 1.158450363414332e-09
-0.2222657519534121 0.6858293748127091 1.199646854077585e-09
-0.2483768708956555 0.7623734312604995 1.217855885582431e-09
-0.2765768792450796 0.8450410119689298 1.206864774783156e-09
-0.3070328883123129 0.9343219993524994 1.159236318049039e-09
-0.3399253780150682 1.03074546554769 1.066090160595223e-09
-0.3754492669070853 1.134882809175108 9.168439896178882e-10
-0.4138150669785374 1.247351140607032 6.989148704228398e-10
-0.4552501310639648 1.368816938711573 3.973654738587129e-10
-0.09817916124297968 0.3212669559746239 0.09817916112500083
-0.114773097554117 0.3699449215544606 0.1147730974216102
-0.1326945485968943 0.42251712389709 0.1326945484505743
-0.1520497155902163 0.4792951020660704 0.1520497154311681
-0.1729532960904172 0.5406153189545169 0.1729532959201763
-0.1955291631311852 0.6068411535280953 0.1955291629518351
-0.2199110995132174 0.678365054848628 0.219911099327504
-0.2462435905414892 0.755610867552601 0.2462435903529569
-0.2746826807429763 0.8390363450150399 0.274682680556126
-0.3053968982109415 0.9291358608945579 0.3053968980314227
-0.3385682529858197 1.026443337863282 0.3385682528206494
-0.3743933161559502 1.131535413126848 0.3743933160137779
-0.4130843844484703 1.24503485472808 0.4130843843398865
-0.4548707382128717 1.367614251816214 0.4548707381507678
-0.08925087180028439 0.2930164209676518 0.1849492043117697
-0.106213518370576 0.3428610447467483 0.2186082374730931
-0.1245331764895805 0.3966932379329987 0.2549599929497368
-0.1443184071224969 0.454832006204449 0.2942198886111222
-0.1656864563569937 0.5176218764147441 0.3366205762432525
-0.1887639496333373 0.5854349365839435 0.3824133191118668
-0.2136876423496535 0.6586730415473119 0.431869481390959
-0.24060523021349 0.7377701941682628 0.4852821361460984
-0.2696762249954423 0.8231951187348847 0.5429678030953
-0.3010728994119869 0.9154540374922261 0.6052683235432241
-0.3349813076899708 1.015093669564695 0.6725528854907632
-0.3716023886445097 1.122704472343639 0.7452202124762937
-0.4111531561466044 1.238924139669118 0.8237009258246646
-0.4538679850585681 1.364441380543301 0.9084600963333241
-0.1715670731721019 0.2724639223600732 -0.1715670728463654
-0.2057787462371701 0.3231572996559539 -0.2057787458680743
-0.2427273528046151 0.3779061466321729 -0.2427273523942036
-0.2826318476402552 0.4370349009908134 -0.2826318471916517
-0.3257287023862069 0.5008939561837702 -0.3257287019038554
-0.3722733057419329 0.5698617361405034 -0.3722733052318811
-0.4225414773473486 0.6443469384745832 -0.422541476817582
-0.4768311021672513 0.7247909562439027 -0.4768311016280932
-0.5354638967840919 0.811670495166954 -0.5354638962486725
-0.5987873151162915 0.9055003974338811 -0.5987873146010992
-0.6671766067776376 1.006836691694481 -0.6671766063031753
-0.7410370418566253 1.116279889640095 -0.7410370414481787
-0.8208063119506784 1.234478543752373 -0.8208063116392191
-0.9069571237478193 1.362133090360555 -0.9069571235710743
-0.1849492044047839 0.2930164211170348 -0.08925087092451885
-0.2186082375593096 0.3428610448865319 -0.1062135173624845
-0.2549599930288977 0.396693238062747 -0.1245331753549107
-0.2942198886829969 0.4548320063237465 -0.1443184058701744
-0.3366205763076476 0.5176218765232065 -0.1656864549998281
-0.3824133191686374 0.5854349366812307 -0.1887639481888609
-0.4318694814400251 0.6586730416331434 -0.2136876408411142
-0.4852821361874614 0.7377701942424399 -0.240605228671026
-0.542967803129063 0.82319511879731 -0.2696762234574709
-0.6052683235696206 0.9154540375429348 -0.3010728979268433
-0.6725528855101842 1.015093669603887 -0.3349813063178392
-0.7452202124893227 1.122704472371718 -0.3716023874597012
-0.8237009258321264 1.238924139686745 -0.4111531552402365
-0.9084600963363261 1.364441380551441 -0.4538679845417158
-0.1897583992265575 0.3004085994506611 6.837856548341792e-10
-0.2232188277692223 0.3499479495177276 7.811313505745598e-10
-0.2593560902598664 0.4034504470981902 8.740904007542571e-10
-0.2983843334980542 0.4612331441178535 9.602862324764594e-10
-0.340534836511474 0.5236384573735295 1.036815050481366e-09
-0.3860573799908016 0.591036196029917 1.100147008215036e-09
-0.4352217269298733 0.6638257537598841 1.146012160169185e-09
-0.4883192211211231 0.7424384753736606 1.169263602607273e-09
-0.5456645146628261 0.8273402144545816 1.163718538199632e-09
-0.6075974318302807 0.9190340928864899 1.121971668349708e-09
-0.6744849822362643 1.018063481409213 1.035177416008892e-09
-0.7467235367570698 1.125015221154254 8.927915490231086e-10
-0.8247411758430809 1.240523100401933 6.82271378282806e-10
-0.9090002261487159 1.365271610152024 3.887237337574234e-10
-0.1849492043197083 0.2930164209862224 0.08925087169919443
-0.2186082374797536 0.3428610447641309 0.1062135182541203
-0.2549599929551087 0.3966932379491392 0.1245331763584203
-0.2942198886152098 0.454832006219296 0.144318406977662
-0.3366205762460784 0.5176218764282493 0.1656864561999622
-0.3824133191134758 0.5854349365960642 0.188763949466134
-0.4318694813914242 0.6586730415580124 0.2136876421749645
-0.4852821361455266 0.737770194177518 0.2406052300347988
-0.5429678030938394 0.8231951187426798 0.2696762248171898
-0.6052683235410745 0.9154540374985656 0.3010728992397627
-0.6725528854881841 1.015093669569601 0.3349813075307343
-0.7452202124736176 1.12270447234716 0.3716023885068552
-0.823700925822313 1.238924139671334 0.4111531560410728
-0.908460096331823 1.364441380544328 0.4538679849980076
-0.1715670731123455 0.272463922268305 0.1715670731161839
-0.2057787461814258 0.3231572995702915 0.2057787461857754
-0.2427273527530542 0.377906146552881 0.2427273527578913
-0.282631847593038 0.4370349009181398 0.2826318475983259
-0.3257287023434781 0.5008939561179396 0.3257287023491644
-0.3722733057038137 0.5698617360817076 0.372273305709828
-0.4225414773139314 0.6443469384229704 0.4225414773201793
-0.4768311021385897 0.7247909561995626 0.4768311021449507
-0.535463896760191 0.8116704951299056 0.53546389676651
-0.5987873150970917 0.9055003974040492 0.5987873151031757
-0.6671766067630038 1.006836691671674 0.6671766067686118
-0.7410370418463266 1.116279889623979 0.741037041851162
-0.8208063119443638 1.23447854374244 0.820806311948062
-0.9069571237449959 1.36213309035608 0.9069571237471136
3 5 0 350
3143
3144
3145
3146
3147
3148
3149
3150
3151
3152
3153
3154
3155
3156
3157
3158
3159
3160
3161
3162
3163
3164
3165
3166
3167
3168
3169
3170
3171
3172
3173
3174
3175
3176
3177
3178
3179
3180
3181
3182
3183
3184
3185
3186
3187
3188
3189
3190
3191
3192
3193
3194
3195
3196
3197
3198
3199
3200
3201
3202
3203
3204
3205
3206
3207
3208
3209
3210
3211
3212
3213
3214
3215
3216
3217
3218
3219
3220
3221
3222
3223
3224
3225
3226
3227
3228
3229
3230
3231
3232
3233
3234
3235
3236
3237
3238
3239
3240
3241
3242
3243
3244
3245
3246
3247
3248
3249
3250
3251
3252
3253
3254
3255
3256
3257
3258
3259
3260
3261
3262
3263
3264
3265
3266
3267
3268
3269
3270
3271
3272
3273
3274
3275
3276
3277
3278
3279
3280
3281
3282
3283
3284
3285
3286
3287
3288
3289
3290
3291
3292
3293
3294
3295
3296
3297
3298
3299
3300
3301
3302
3303
3304
3305
3306
3307
3308
3309
3310
3311
3312
3313
3314
3315
3316
3317
3318
3319
3320
3321
3322
3323
3324
3325
3326
3327
3328
3329
3330
3331
3332
3333
3334
3335
3336
3337
3338
3339
3340
3341
3342
3343
3344
3345
3346
3347
3348
3349
3350
3351
3352
3353
3354
3355
3356
3357
3358
3359
3360
3361
3362
3363
3364
3365
3366
3367
3368
3369
3370
3371
3372
3373
3374
3375
3376
3377
3378
3379
3380
3381
3382
3383
3384
3385
3386
3387
3388
3389
3390
3391
3392
3393
3394
3395
3396
3397
3398
3399
3400
3401
3402
3403
3404
3405
3406
3407
3408
3409
3410
3411
3412
3413
3414
3415
3416
3417
3418
3419
3420
3421
3422
3423
3424
3425
3426
3427
3428
3429
3430
3431
3432
3433
3434
3435
3436
3437
3438
3439
3440
3441
3442
3443
3444
3445
3446
3447
3448
3449
3450
3451
3452
3453
3454
3455
3456
3457
3458
3459
3460
3461
3462
3463
3464
3465
3466
3467
3468
3469
3470
3471
3472
3473
3474
3475
3476
3477
3478
3479
3480
3481
3482
3483
3484
3485
3486
3487
3488
3489
3490
3491
3492
-0.2724639223600733 0.1715670731721018 -0.1715670728463655
-0.3231572996559539 0.2057787462371702 -0.2057787458680745
-0.3779061466321729 0.2427273528046151 -0.2427273523942035
-0.4370349009908134 0.2826318476402552 -0.2826318471916518
-0.5008939561837702 0.3257287023862072 -0.3257287019038554
-0.5698617361405034 0.3722733057419329 -0.3722733052318811
-0.6443469384745834 0.4225414773473483 -0.422541476817582
-0.7247909562439027 0.4768311021672516 -0.4768311016280934
-0.811670495166954 0.5354638967840916 -0.5354638962486725
-0.9055003974338816 0.5987873151162909 -0.5987873146010994
-1.006836691694481 0.6671766067776377 -0.6671766063031752
-1.116279889640095 0.7410370418566257 -0.7410370414481786
-1.234478543752374 0.8208063119506784 -0.8208063116392189
-1.362133090360555 0.9069571237478196 -0.9069571235710744
-0.2930164211170347 0.1849492044047839 -0.08925087092451893
-0.3428610448865319 0.2186082375593096 -0.1062135173624845
-0.3966932380627469 0.2549599930288977 -0.1245331753549107
-0.4548320063237465 0.2942198886829968 -0.1443184058701746
-0.5176218765232062 0.3366205763076473 -0.1656864549998282
-0.5854349366812304 0.3824133191686374 -0.188763948188861
-0.6586730416331436 0.4318694814400251 -0.2136876408411143
-0.7377701942424398 0.4852821361874612 -0.240605228671026
-0.8231951187973101 0.542967803129063 -0.2696762234574709
-0.9154540375429348 0.6052683235696208 -0.3010728979268436
-1.015093669603887 0.6725528855101841 -0.3349813063178396
-1.122704472371718 0.7452202124893228 -0.3716023874597013
-1.238924139686744 0.8237009258321264 -0.4111531552402364
-1.364441380551441 0.9084600963363262 -0.4538679845417158
-0.3004085994506611 0.1897583992265575 6.837856530994557e-10
-0.3499479495177277 0.2232188277692222 7.811313471051129e-10
-0.4034504470981901 0.2593560902598664 8.740903695292346e-10
-0.4612331441178535 0.2983843334980542 9.602861977819899e-10
-0.5236384573735293 0.340534836511474 1.03681502272579e-09
-0.5910361960299171 0.3860573799908016 1.100146973520566e-09
-0.663825753759884 0.435221726929873 1.146012146291397e-09
-0.7424384753736606 0.4883192211211231 1.169263602607273e-09
-0.8273402144545816 0.5456645146628262 1.163718510444056e-09
-0.9190340928864901 0.6075974318302806 1.121971626716345e-09
-1.018063481409213 0.6744849822362643 1.035177388253317e-09
-1.125015221154255 0.7467235367570693 8.92791451878594e-10
-1.240523100401932 0.8247411758430812 6.82271239504928e-10
-1.365271610152023 0.9090002261487161 3.887237198796356e-10
-0.2930164209862223 0.1849492043197085 0.08925087169919438
-0.3428610447641308 0.2186082374797537 0.1062135182541202
-0.3966932379491391 0.2549599929551087 0.1245331763584202
-0.4548320062192961 0.29421988861521 0.144318406977662
-0.5176218764282491 0.3366205762460786 0.1656864561999622
-0.585434936596064 0.3824133191134759 0.1887639494661338
-0.6586730415580122 0.4318694813914243 0.2136876421749645
-0.7377701941775174 0.4852821361455266 0.2406052300347988
-0.8231951187426798 0.5429678030938394 0.2696762248171899
-0.9154540374985656 0.6052683235410743 0.3010728992397625
-1.015093669569601 0.6725528854881843 0.3349813075307344
-1.12270447234716 0.7452202124736175 0.3716023885068552
-1.238924139671334 0.8237009258223131 0.4111531560410729
-1.364441380544328 0.908460096331823 0.4538679849980078
-0.2724639222683048 0.1715670731123455 0.1715670731161839
-0.3231572995702914 0.2057787461814258 0.2057787461857754
-0.3779061465528811 0.2427273527530542 0.2427273527578913
-0.43703490091814 0.2826318475930379 0.2826318475983259
-0.5008939561179397 0.325728702343478 0.3257287023491643
-0.5698617360817074 0.3722733057038138 0.372273305709828
-0.6443469384229704 0.4225414773139314 0.4225414773201793
-0.7247909561995625 0.4768311021385898 0.4768311021449507
-0.8116704951299055 0.535463896760191 0.5354638967665099
-0.9055003974040492 0.5987873150970917 0.5987873151031758
-1.006836691671674 0.6671766067630038 0.667176606768612
-1.116279889623979 0.7410370418463266 0.741037041851162
-1.23447854374244 0.8208063119443638 0.8208063119480621
-1.36213309035608 0.9069571237449959 0.9069571237471137
-0.2930164210899716 0.08925087183896058 -0.1849492040359512
-0.3428610448617003 0.1062135184068828 -0.2186082371496397
-0.3966932380402178 0.1245331765234032 -0.2549599925805643
-0.4548320063035783 0.144318407153724 -0.2942198881992523
-0.5176218765054408 0.1656864563855191 -0.3366205757930603
-0.5854349366658889 0.1887639496590632 -0.3824133186293734
-0.6586730416202207 0.2136876423724947 -0.4318694808841793
-0.7377701942318964 0.2406052302333768 -0.4852821356254525
-0.823195118789064 0.2696762250123262 -0.542967802574098
-0.9154540375368549 0.3010728994258475 -0.6052683230382419
-1.015093669599776 0.334981307700822 -0.6725528850229157
-1.122704472369305 0.3716023886524091 -0.7452202120714347
-1.23892413968566 0.4111531561516645 -0.823700925514524
-1.364441380551208 0.4538679850609675 -0.9084600961566116
-0.3212669561626199 0.09817916130226083 -0.09817916028418942
-0.3699449217316833 0.114773097609947 -0.1147730964665696
-0.4225171240629692 0.1326945486490941 -0.1326945473866097
-0.4792951022200383 0.1520497156386085 -0.1520497142664113
-0.5406153190960159 0.1729532961348292 -0.1729532946662135
-0.6068411536565915 0.1955291631714531 -0.1955291616244492
-0.6783650549636188 0.2199110995491887 -0.2199110979475538
-0.7556108676536358 0.2462435905730305 -0.2462435889474184
-0.8390363451017346 0.2746826807699773 -0.2746826791593222
-0.9291358609666213 0.3053968982333236 -0.3053968966864737
-1.026443337920541 0.3385682530035465 -0.3385682515811849
-1.131535413169281 0.3743933161690369 -0.3743933149459509
-1.24503485475586 0.4130843844569983 -0.413084383524745
-1.367614251829749 0.454870738217004 -0.4548707376870486
-0.3319754106882245 0.1015571902054072 7.607308116774902e-10
-0.3802111507835178 0.1180116245496478 8.548988877921104e-10
-0.4323057496073638 0.1357824134696058 9.44426120641495e-10
-0.4885679159794893 0.1549748653713681 1.026915483204327e-09
-0.5493310561232749 0.1757027135714078 1.09944159332187e-09
-0.614955247809792 0.1980887897271135 1.158450280147605e-09
-0.6858293748127091 0.2222657519534121 1.199646826322009e-09
-0.7623734312604997 0.2483768708956555 1.217855816193492e-09
-0.8450410119689298 0.2765768792450795 1.206864719272005e-09
-0.9343219993524994 0.3070328883123128 1.159236318049039e-09
-1.030745465547689 0.3399253780150678 1.066090105084072e-09
-1.134882809175108 0.3754492669070854 9.168440451290394e-10
-1.247351140607032 0.4138150669785371 6.989149814451423e-10
-1.368816938711572 0.455250131063965 3.973655293698641e-10
-0.321266955974624 0.09817916124297971 0.09817916112500089
-0.3699449215544605 0.114773097554117 0.1147730974216102
-0.42251712389709 0.1326945485968944 0.1326945484505744
-0.4792951020660706 0.1520497155902165 0.1520497154311681
-0.5406153189545168 0.1729532960904173 0.1729532959201764
-0.6068411535280953 0.1955291631311854 0.1955291629518351
-0.6783650548486279 0.2199110995132174 0.219911099327504
-0.755610867552601 0.2462435905414894 0.2462435903529569
-0.83903634501504 0.2746826807429765 0.2746826805561263
-0.9291358608945577 0.3053968982109417 0.3053968980314227
-1.026443337863282 0.3385682529858199 0.3385682528206496
-1.131535413126848 0.3743933161559504 0.3743933160137781
-1.24503485472808 0.4130843844484706 0.4130843843398866
-1.367614251816214 0.4548707382128717 0.454870738150768
-0.2930164209676518 0.08925087180028435 0.1849492043117698
-0.3428610447467482 0.106213518370576 0.218608237473093
-0.3966932379329986 0.1245331764895804 0.2549599929497367
-0.454832006204449 0.1443184071224968 0.2942198886111223
-0.517621876414744 0.1656864563569937 0.3366205762432526
-0.5854349365839435 0.1887639496333374 0.3824133191118668
-0.6586730415473118 0.2136876423496536 0.4318694813909589
-0.7377701941682628 0.2406052302134901 0.4852821361460985
-0.8231951187348847 0.2696762249954424 0.5429678030953
-0.9154540374922255 0.3010728994119872 0.6052683235432241
-1.015093669564695 0.3349813076899708 0.6725528854907633
-1.122704472343639 0.3716023886445095 0.7452202124762934
-1.238924139669118 0.4111531561466045 0.8237009258246646
-1.364441380543301 0.4538679850585678 0.908460096333324
-0.3004085995840309 7.174449602118105e-10 -0.1897583989528502
-0.3499479496433006 8.195845026953696e-10 -0.2232188274484806
-0.4034504472155641 9.171226937609855e-10 -0.2593560898939879
-0.4612331442266305 1.007566103466973e-09 -0.2983843330900291
-0.5236384574733229 1.087867858295954e-09 -0.3405348360656309
-0.5910361961203603 1.154325350583019e-09 -0.386057379513097
-0.6638257538406392 1.202458556337493e-09 -0.435221726428233
-0.7424384754444305 1.226866941372862e-09 -0.4883192206058523
-0.8273402145151254 1.221065415446532e-09 -0.5456645141470871
-0.9190340929366397 1.17728338189238e-09 -0.6075974313306592
-1.018063481448896 1.086241166459168e-09 -0.6744849817734406
-1.125015221183521 9.368764236628024e-10 -0.7467235363566029
-1.24052310042098 7.160293608032831e-10 -0.8247411755363417
-1.365271610161239 4.080771415226891e-10 -0.909000225973972
-0.3319754109298576 7.981776645876737e-10 -0.1015571892274712
-0.380211151011769 8.969832480942852e-10 -0.1180116234436141
-0.4323057498214916 9.90920637211623e-10 -0.1357824122415596
-0.4885679161787485 1.077475261790362e-09 -0.1549748640305992
-0.5493310563069237 1.153577199042299e-09 -0.1757027121311191
-0.6149552479771041 1.215498784956637e-09 -0.1980887882052612
-0.6858293749629877 1.258733201003892e-09 -0.222265750373703
-0.7623734313930917 1.277850852909879e-09 -0.2483768692887222
-0.8450410120832508 1.266335578065103e-09 -0.2765768776498729
-0.9343219994480552 1.216382550239814e-09 -0.3070328867777448
-1.030745465624106 1.118675763134291e-09 -0.3399253766019442
-1.13488280923217 9.62113111402374e-10 -0.3754492656903878
-1.247351140644727 7.334922391688536e-10 -0.4138150660501081
-1.368816938730141 4.171442080647125e-10 -0.4552501305356603
-0.3441954544207558 8.293606305193046e-10 7.904510310186019e-10
-0.3919265451611762 9.268785183813577e-10 8.833917035377947e-10
-0.4434761226869398 1.019425072135149e-09 9.715934376486324e-10
-0.499149666061075 1.104477703739448e-09 1.052651250887937e-09
-0.5592770933624279 1.17895737616891e-09 1.12363121584913e-09
-0.6242147151759204 1.239126953822556e-09 1.18097018275698e-09
-0.6943473467164771 1.280469300035669e-09 1.220363143872305e-09
-0.7700905880727671 1.297543517075894e-09 1.23662458051399e-09
-0.8518932884854706 1.2838210772248e-09 1.223529971783321e-09
-0.9402402051478661 1.231484497710156e-09 1.173629970985246e-09
-1.03565487496664 1.131203408721859e-09 1.078030109624706e-09
-1.138702718506773 9.718604809805242e-10 9.261346134437076e-10
-1.249994389841926 7.40237093843632e-10 7.053434503134781e-10
-1.370189395041218 4.206464065958926e-10 4.007034148933997e-10
-0.3319754107162254 7.981776628529502e-10 0.1015571900920794
-0.3802111508099686 8.969832376859443e-10 0.1180116244214687
-0.4323057496321782 9.909206441505169e-10 0.1357824133272769
-0.4885679160025814 1.077475303423725e-09 0.1549748652159625
-0.5493310561445586 1.153577178225618e-09 0.1757027134044503
-0.6149552478291829 1.215498729445486e-09 0.1980887895506788
-0.6858293748301271 1.258733201003892e-09 0.2222657517702407
-0.7623734312758677 1.277850880665454e-09 0.2483768707092887
-0.8450410119821807 1.26633553643174e-09 0.2765768790600204
-0.9343219993635763 1.21638238370636e-09 0.3070328881342184
-1.030745465556548 1.118675596600838e-09 0.3399253778509694
-1.134882809181724 9.621130558912228e-10 0.3754492667656543
-1.247351140611402 7.334923779467317e-10 0.413815066870397
-1.368816938713725 4.171442635758638e-10 0.4552501310020527
-0.3004085994490895 7.174449541402783e-10 0.1897583992297829
-0.3499479495162481 8.195845252467748e-10 0.2232188277730021
-0.4034504470968072 9.171226555970691e-10 0.2593560902641787
-0.4612331441165719 1.007566086119738e-09 0.2983843335028641
-0.5236384573723531 1.087867851357061e-09 0.3405348365167303
-0.591036196028851 1.154325274255186e-09 0.3860573799964346
-0.663825753758932 1.202458577154175e-09 0.4352217269357895
-0.7424384753728259 1.226866941372862e-09 0.4883192211272023
-0.8273402144538685 1.221065304424229e-09 0.5456645146689139
-0.9190340928858985 1.177283270870078e-09 0.6075974318361819
-1.018063481408745 1.08624115258138e-09 0.6744849822417349
-1.125015221153909 9.368764097850146e-10 0.7467235367618104
-1.240523100401707 7.160294579477977e-10 0.8247411758467227
-1.365271610151915 4.080772386672038e-10 0.9090002261508104
-0.2930164212430222 -0.08925087093258659 -0.1849492041354897
-0.3428610450049102 -0.106213517363655 -0.2186082372427209
-0.3966932381731404 -0.1245331753492673 -0.2549599926668986
-0.4548320064257877 -0.1443184058579133 -0.2942198882785647
-0.5176218766165438 -0.1656864549812835 -0.3366205758650982
-0.5854349367655374 -0.1887639481645383 -0.3824133186939151
-0.6586730417081288 -0.213687640811727 -0.4318694809410454
-0.73777019430786 -0.24060522863754 -0.4852821356745191
-0.8231951188529858 -0.2696762234211581 -0.5429678026153132
-0.9154540375887716 -0.3010728978893427 -0.6052683230716447
-1.015093669639894 -0.3349813062812326 -0.6725528850486588
-1.122704472398041 -0.3716023874265975 -0.7452202120898128
-1.238924139703694 -0.411153155213877 -0.8237009255260074
-1.364441380559533 -0.4538679845260926 -0.9084600961618814
-0.3212669563825751 -0.09817916031850819 -0.09817916035354844
-0.3699449219390349 -0.1147730964925361 -0.114773096531891
-0.4225171242570497 -0.1326945474042261 -0.1326945474476838
-0.4792951024001829 -0.152049714275793 -0.1520497143230309
-0.5406153192615737 -0.1729532946676143 -0.1729532947181767
-0.6068411538069357 -0.1955291616182961 -0.1955291616715636
-0.6783650550981627 -0.2199110979344842 -0.2199110979896419
-0.755610867771851 -0.2462435889283277 -0.2462435889843229
-0.8390363452031723 -0.2746826791354194 -0.2746826791909146
-0.9291358610509405 -0.3053968966593442 -0.3053968967126626
-1.026443337987538 -0.3385682515528703 -0.3385682516019264
-1.131535413218932 -0.374393314919037 -0.374393314961263
-1.245034854788367 -0.4130843835024734 -0.4130843835347236
-1.367614251845588 -0.4548707376734378 -0.4548707376918833
-0.3319754109381739 -0.1015571891938122 7.607308862705997e-10
-0.3802111510196249 -0.1180116234055442 8.548989433032617e-10
-0.4323057498288619 -0.1357824121992873 9.444261692137523e-10
-0.488567916185607 -0.1549748639844429 1.02691552483769e-09
-0.5493310563132452 -0.1757027120815317 1.099441669649703e-09
-0.6149552479828635 -0.1980887881528596 1.15845037729212e-09
-0.6858293749681608 -0.2222657503193002 1.199646840199797e-09
-0.7623734313976563 -0.24837686923337 1.217855788437916e-09
-0.8450410120871858 -0.2765768775949096 1.206864774783156e-09
-0.934321999451345 -0.3070328867248493 1.159236456826918e-09
-1.030745465626737 -0.3399253765532064 1.066090049572921e-09
-1.134882809234135 -0.3754492656483825 9.168441006401906e-10
-1.247351140646026 -0.41381506601799 6.989150092007179e-10
-1.368816938730779 -0.4552501305172721 3.973655293698641e-10
-0.3212669561945791 -0.09817916025922682 0.09817916119435995
-0.3699449217618122 -0.1147730964367059 0.1147730974869317
-0.4225171240911703 -0.1326945473520264 0.1326945485116486
-0.479295102246215 -0.1520497142274006 0.152049715487788
-0.5406153191200741 -0.172953294623202 0.1729532959721397
-0.6068411536784395 -0.1955291615780282 0.1955291629989498
-0.6783650549831717 -0.2199110978985128 0.2199110993695921
-0.7556108676708164 -0.2462435888967866 0.2462435903898616
-0.839036345116478 -0.2746826791084187 0.2746826805877184
-0.9291358609788771 -0.305396896636962 0.3053968980576112
-1.026443337930279 -0.3385682515351437 0.3385682528413911
-1.131535413176499 -0.3743933149059506 0.3743933160290907
-1.245034854760586 -0.4130843834939453 0.4130843843498653
-1.367614251832054 -0.4548707376693059 0.454870738155603
-0.2930164211207025 -0.08925087089391036 0.1849492044113083
-0.3428610448899582 -0.1062135173273481 0.2186082375661741
-0.3966932380659213 -0.1245331753154446 0.2549599930360709
-0.4548320063266588 -0.144318405826686 0.2942198886904345
-0.5176218765258471 -0.1656864549527579 0.3366205763152905
-0.5854349366835923 -0.1887639481388123 0.3824133191764086
-0.65867304163522 -0.2136876407888857 0.4318694814478252
-0.7377701942442267 -0.2406052286176532 0.4852821361951654
-0.823195118798806 -0.2696762234042743 0.5429678031365154
-0.9154540375441429 -0.3010728978754822 0.6052683235766273
-1.015093669604813 -0.3349813062703815 0.6725528855165063
-1.122704472372376 -0.3716023874186977 0.7452202124946714
-1.238924139687152 -0.4111531552088168 0.8237009258361481
-1.364441380551627 -0.4538679845236928 0.9084600963385939
-0.2724639224798465 -0.1715670728199409 -0.1715670729243576
-0.3231572997677595 -0.2057787458225057 -0.2057787459408313
-0.3779061467356657 -0.2427273523299169 -0.2427273524615015
-0.4370349010856688 -0.2826318471094338 -0.282631847253281
-0.5008939562696957 -0.325728701804936 -0.3257287019596282
-0.5698617362172482 -0.3722733051180303 -0.3722733052816375
-0.6443469385419553 -0.4225414766912307 -0.4225414768612019
-0.7247909563017814 -0.4768311014924689 -0.4768311016655075
-0.8116704952153179 -0.5354638961079637 -0.5354638962798738
-0.9055003974728272 -0.5987873144606501 -0.5987873146261642
-1.006836691724257 -0.6671766061697153 -0.6671766063222799
-1.116279889661136 -0.7410370413300916 -0.7410370414616253
-1.234478543765343 -0.8208063115468617 -0.8208063116474641
-1.362133090366398 -0.9069571235171502 -0.9069571235747613
-0.2930164212766824 -0.1849492040447922 -0.08925087097499754
-0.3428610450365651 -0.2186082371371377 -0.1062135174098714
-0.3966932382026888 -0.2549599925470413 -0.1245331753990558
-0.4548320064531305 -0.2942198881453942 -0.1443184059109322
-0.5176218766415859 -0.3366205757200025 -0.1656864550370603
-0.5854349367881893 -0.3824133185388013 -0.1887639482224399
-0.6586730417283098 -0.4318694807784488 -0.2136876408709284
-0.7377701943255002 -0.4852821355077338 -0.2406052286969845
-0.8231951188680326 -0.5429678024485438 -0.2696762234795106
-0.9154540376011917 -0.6052683229101872 -0.301072897944937
-1.015093669649682 -0.6725528848991156 -0.3349813063320054
-1.122704472405223 -0.7452202119603407 -0.371602387470014
-1.238924139708339 -0.8237009254266154 -0.4111531552468431
-1.364441380561763 -0.9084600961047774 -0.4538679845448493
-0.300408599626782 -0.1897583988651115 6.837857138147774e-10
-0.3499479496835539 -0.2232188273456558 7.811313228189842e-10
-0.4034504472531904 -0.2593560897766806 8.740904198362154e-10
-0.4612331442615024 -0.2983843329591923 9.602861943125429e-10
-0.5236384575053172 -0.3405348359226456 1.036815112931411e-09
-0.5910361961493582 -0.386057379359863 1.100147008215036e-09
-0.6638257538665325 -0.435221726267283 1.146012090780246e-09
-0.7424384754671243 -0.4883192204404772 1.169263588729486e-09
-0.8273402145345418 -0.5456645139814914 1.163718371666178e-09
-0.9190340929527252 -0.6075974311701424 1.12197165447192e-09
-1.018063481461626 -0.674484981624612 1.035177318864378e-09
-1.125015221192909 -0.746723536227633 8.927914796341696e-10
-1.24052310042709 -0.8247411754372554 6.822712672605036e-10
-1.365271610164196 -0.9090002259170038 3.887236643684844e-10
-0.29301642114587 -0.1849492039597165 0.08925087174967315
-0.3428610449141641 -0.2186082370575816 0.1062135183015072
-0.3966932380890812 -0.2549599924732519 0.1245331764025656
-0.4548320063486798 -0.294219888077607 0.1443184070184198
-0.5176218765466292 -0.3366205756584338 0.1656864562371944
-0.5854349367030229 -0.3824133184836393 0.1887639494997129
-0.6586730416531784 -0.4318694807298479 0.2136876422047786
-0.7377701942605782 -0.4852821354657992 0.240605230060757
-0.823195118813403 -0.54296780241332 0.2696762248392292
-0.9154540375568229 -0.6052683228816407 0.3010728992578561
-1.015093669615397 -0.6725528848771161 0.3349813075448996
-1.122704472380665 -0.7452202119446351 0.3716023885171682
-1.238924139692928 -0.8237009254168022 0.4111531560476791
-1.364441380554649 -0.9084600961002741 0.4538679850011409
-0.2724639223880783 -0.1715670727601847 0.1715670731941761
-0.3231572996820972 -0.2057787457667614 0.2057787462585324
-0.3779061466563738 -0.242727352278356 0.2427273528251892
-0.4370349010129956 -0.2826318470622167 0.2826318476599552
-0.5008939562038653 -0.3257287017622066 0.3257287024049371
-0.5698617361584526 -0.3722733050799111 0.3722733057595846
-0.6443469384903424 -0.4225414766578136 0.4225414773637994
-0.7247909562574417 -0.4768311014638076 0.4768311021823641
-0.8116704951782693 -0.5354638960840624 0.5354638967977113
-0.9055003974429947 -0.5987873144414506 0.5987873151282409
-1.00683669170145 -0.667176606155082 0.6671766067877167
-1.11627988964502 -0.7410370413197928 0.7410370418646089
-1.23447854375541 -0.8208063115405471 0.8208063119563068
-1.362133090361923 -0.9069571235143272 0.9069571237508005
3 6 0 350
3493
3494
3495
3496
3497
3498
3499
3500
3501
3502
3503
3504
3505
3506
3507
3508
3509
3510
3511
3512
3513
3514
3515
3516
3517
3518
3519
3520
3521
3522
3523
3524
3525
3526
3527
3528
3529
3530
3531
3532
3533
3534
3535
3536
3537
3538
3539
3540
3541
3542
3543
3544
3545
3546
3547
3548
3549
3550
3551
3552
3553
3554
3555
3556
3557
3558
3559
3560
3561
3562
3563
3564
3565
3566
3567
3568
3569
3570
3571
3572
3573
3574
3575
3576
3577
3578
3579
3580
3581
3582
3583
3584
3585
3586
3587
3588
3589
3590
3591
3592
3593
3594
3595
3596
3597
3598
3599
3600
3601
3602
3603
3604
3605
3606
3607
3608
3609
3610
3611
3612
3613
3614
3615
3616
3617
3618
3619
3620
3621
3622
3623
3624
3625
3626
3627
3628
3629
3630
3631
3632
3633
3634
3635
3636
3637
3638
3639
3640
3641
3642
3643
3644
3645
3646
3647
3648
3649
3650
3651
3652
3653
3654
3655
3656
3657
3658
3659
3660
3661
3662
3663
3664
3665
3666
3667
3668
3669
3670
3671
3672
3673
3674
3675
3676
3677
3678
3679
3680
3681
3682
3683
3684
3685
3686
3687
3688
3689
3690
3691
3692
3693
3694
3695
3696
3697
3698
3699
3700
3701
3702
3703
3704
3705
3706
3707
3708
3709
3710
3711
3712
3713
3714
3715
3716
3717
3718
3719
3720
3721
3722
3723
3724
3725
3726
3727
3728
3729
3730
3731
3732
3733
3734
3735
3736
3737
3738
3739
3740
3741
3742
3743
3744
3745
3746
3747
3748
3749
3750
3751
3752
3753
3754
3755
3756
3757
3758
3759
3760
3761
3762
3763
3764
3765
3766
3767
3768
3769
3770
3771
3772
3773
3774
3775
3776
3777
3778
3779
3780
3781
3782
3783
3784
3785
3786
3787
3788
3789
3790
3791
3792
3793
3794
3795
3796
3797
3798
3799
3800
3801
3802
3803
3804
3805
3806
3807
3808
3809
3810
3811
3812
3813
3814
3815
3816
3817
3818
3819
3820
3821
3822
3823
3824
3825
3826
3827
3828
3829
3830
3831
3832
3833
3834
3835
3836
3837
3838
3839
3840
3841
3842
0.2724639224798466 -0.171567072819941 -0.1715670729243574
0.3231572997677595 -0.2057787458225056 -0.2057787459408313
0.3779061467356657 -0.2427273523299169 -0.2427273524615015
0.4370349010856688 -0.2826318471094338 -0.282631847253281
0.5008939562696959 -0.3257287018049359 -0.3257287019596283
0.5698617362172482 -0.3722733051180302 -0.3722733052816377
0.6443469385419553 -0.4225414766912306 -0.422541476861202
0.7247909563017814 -0.476831101492469 -0.4768311016655072
0.8116704952153183 -0.5354638961079637 -0.5354638962798738
0.9055003974728273 -0.5987873144606501 -0.5987873146261642
1.006836691724257 -0.6671766061697153 -0.6671766063222802
1.116279889661136 -0.7410370413300917 -0.7410370414616254
1.234478543765343 -0.8208063115468617 -0.8208063116474641
1.362133090366398 -0.9069571235171502 -0.9069571235747617
0.2930164212766824 -0.1849492040447922 -0.08925087097499751
0.3428610450365649 -0.2186082371371376 -0.1062135174098713
0.3966932382026888 -0.2549599925470412 -0.1245331753990558
0.4548320064531303 -0.2942198881453942 -0.1443184059109322
0.517621876641586 -0.3366205757200026 -0.1656864550370603
0.5854349367881897 -0.382413318538801 -0.1887639482224399
0.6586730417283098 -0.4318694807784487 -0.2136876408709283
0.7377701943255004 -0.4852821355077335 -0.2406052286969845
0.8231951188680326 -0.5429678024485439 -0.2696762234795106
0.9154540376011917 -0.6052683229101872 -0.301072897944937
1.015093669649682 -0.6725528848991154 -0.3349813063320053
1.122704472405223 -0.7452202119603408 -0.371602387470014
1.238924139708339 -0.8237009254266153 -0.4111531552468431
1.364441380561764 -0.9084600961047774 -0.4538679845448489
0.300408599626782 -0.1897583988651115 6.837857224883948e-10
0.349947949683554 -0.2232188273456558 7.811313540440068e-10
0.4034504472531903 -0.2593560897766806 8.740904389181736e-10
0.4612331442615024 -0.2983843329591924 9.602862394153533e-10
0.5236384575053173 -0.3405348359226455 1.036815133748092e-09
0.5910361961493582 -0.3860573793598632 1.100147056787293e-09
0.6638257538665324 -0.4352217262672829 1.146012146291397e-09
0.7424384754671243 -0.4883192204404772 1.169263685874e-09
0.8273402145345418 -0.5456645139814913 1.163718454932905e-09
0.9190340929527252 -0.6075974311701425 1.121971737738647e-09
1.018063481461626 -0.674484981624612 1.035177388253317e-09
1.125015221192909 -0.746723536227633 8.927915629008965e-10
1.24052310042709 -0.8247411754372556 6.822713505272304e-10
1.365271610164196 -0.9090002259170036 3.887237198796356e-10
0.29301642114587 -0.1849492039597165 0.08925087174967317
0.342861044914164 -0.2186082370575816 0.1062135183015073
0.3966932380890812 -0.2549599924732519 0.1245331764025656
0.4548320063486799 -0.2942198880776073 0.1443184070184198
0.5176218765466294 -0.3366205756584338 0.1656864562371944
0.5854349367030229 -0.3824133184836396 0.188763949499713
0.6586730416531784 -0.4318694807298479 0.2136876422047786
0.7377701942605781 -0.4852821354657991 0.2406052300607571
0.823195118813403 -0.5429678024133202 0.2696762248392292
0.9154540375568228 -0.6052683228816408 0.3010728992578561
1.015093669615397 -0.6725528848771156 0.3349813075448996
1.122704472380665 -0.7452202119446352 0.3716023885171683
1.238924139692928 -0.8237009254168022 0.4111531560476789
1.364441380554649 -0.9084600961002741 0.4538679850011411
0.2724639223880782 -0.1715670727601846 0.1715670731941761
0.3231572996820971 -0.2057787457667613 0.2057787462585324
0.3779061466563738 -0.242727352278356 0.2427273528251892
0.4370349010129956 -0.2826318470622167 0.2826318476599552
0.5008939562038653 -0.3257287017622066 0.3257287024049371
0.5698617361584526 -0.3722733050799111 0.3722733057595844
0.6443469384903424 -0.4225414766578137 0.4225414773637997
0.7247909562574418 -0.4768311014638074 0.4768311021823644
0.8116704951782694 -0.5354638960840624 0.5354638967977113
0.9055003974429947 -0.5987873144414505 0.5987873151282409
1.00683669170145 -0.667176606155082 0.6671766067877167
1.11627988964502 -0.7410370413197928 0.7410370418646091
1.23447854375541 -0.8208063115405472 0.8208063119563069
1.362133090361924 -0.9069571235143269 0.9069571237508007
0.2930164212430221 -0.08925087093258653 -0.1849492041354897
0.3428610450049104 -0.106213517363655 -0.218608237242721
0.3966932381731404 -0.1245331753492674 -0.2549599926668987
0.4548320064257877 -0.1443184058579131 -0.2942198882785648
0.517621876616544 -0.1656864549812835 -0.3366205758650984
0.5854349367655373 -0.1887639481645384 -0.382413318693915
0.6586730417081288 -0.213687640811727 -0.4318694809410456
0.73777019430786 -0.2406052286375402 -0.4852821356745193
0.8231951188529858 -0.2696762234211583 -0.5429678026153131
0.9154540375887716 -0.301072897889343 -0.6052683230716447
1.015093669639894 -0.3349813062812327 -0.6725528850486593
1.122704472398041 -0.3716023874265977 -0.7452202120898128
1.238924139703694 -0.4111531552138772 -0.8237009255260074
1.364441380559533 -0.4538679845260927 -0.9084600961618816
0.3212669563825752 -0.09817916031850818 -0.09817916035354846
0.369944921939035 -0.114773096492536 -0.114773096531891
0.4225171242570495 -0.1326945474042261 -0.1326945474476837
0.479295102400183 -0.152049714275793 -0.1520497143230309
0.5406153192615737 -0.1729532946676142 -0.1729532947181767
0.6068411538069357 -0.1955291616182962 -0.1955291616715636
0.6783650550981626 -0.2199110979344843 -0.2199110979896418
0.7556108677718509 -0.2462435889283277 -0.2462435889843229
0.8390363452031725 -0.2746826791354194 -0.2746826791909146
0.9291358610509406 -0.3053968966593444 -0.3053968967126626
1.026443337987538 -0.33856825155287 -0.3385682516019264
1.131535413218932 -0.3743933149190377 -0.374393314961263
1.245034854788367 -0.4130843835024736 -0.4130843835347235
1.367614251845589 -0.454870737673438 -0.4548707376918834
0.331975410938174 -0.1015571891938124 7.607308810664293e-10
0.380211151019625 -0.1180116234055444 8.548989502421556e-10
0.4323057498288619 -0.1357824121992873 9.44426190030434e-10
0.4885679161856068 -0.154974863984443 1.02691552483769e-09
0.5493310563132452 -0.1757027120815318 1.099441662710809e-09
0.6149552479828634 -0.1980887881528596 1.158450391169907e-09
0.6858293749681608 -0.2222657503193002 1.199646881833161e-09
0.7623734313976565 -0.24837686923337 1.217855816193492e-09
0.8450410120871858 -0.2765768775949096 1.206864802538732e-09
0.9343219994513448 -0.3070328867248492 1.159236429071342e-09
1.030745465626737 -0.3399253765532063 1.066090105084072e-09
1.134882809234135 -0.3754492656483824 9.168441006401906e-10
1.247351140646026 -0.4138150660179898 6.989150924674448e-10
1.368816938730779 -0.455250130517272 3.973654738587129e-10
0.321266956194579 -0.09817916025922689 0.09817916119436
0.369944921761812 -0.114773096436706 0.1147730974869317
0.4225171240911702 -0.1326945473520266 0.1326945485116486
0.479295102246215 -0.1520497142274008 0.152049715487788
0.5406153191200741 -0.1729532946232023 0.1729532959721397
0.6068411536784393 -0.1955291615780284 0.19552916299895
0.6783650549831717 -0.219911097898513 0.2199110993695922
0.7556108676708164 -0.2462435888967867 0.2462435903898617
0.839036345116478 -0.2746826791084188 0.2746826805877186
0.9291358609788771 -0.3053968966369622 0.3053968980576113
1.026443337930279 -0.3385682515351439 0.3385682528413912
1.131535413176499 -0.3743933149059507 0.3743933160290908
1.245034854760586 -0.4130843834939457 0.4130843843498656
1.367614251832053 -0.4548707376693061 0.4548707381556031
0.2930164211207025 -0.08925087089391043 0.1849492044113082
0.3428610448899582 -0.1062135173273483 0.2186082375661741
0.3966932380659212 -0.1245331753154447 0.2549599930360709
0.4548320063266587 -0.1443184058266863 0.2942198886904344
0.5176218765258472 -0.1656864549527581 0.3366205763152904
0.5854349366835921 -0.1887639481388124 0.3824133191764084
0.65867304163522 -0.2136876407888859 0.4318694814478251
0.7377701942442267 -0.2406052286176533 0.4852821361951654
0.823195118798806 -0.2696762234042743 0.5429678031365153
0.9154540375441429 -0.3010728978754822 0.6052683235766272
1.015093669604813 -0.3349813062703816 0.672552885516506
1.122704472372376 -0.3716023874186982 0.7452202124946714
1.238924139687152 -0.4111531552088168 0.8237009258361476
1.364441380551628 -0.4538679845236928 0.9084600963385934
0.3004085995840312 7.174448994964888e-10 -0.1897583989528501
0.3499479496433006 8.195844870828584e-10 -0.2232188274484805
0.4034504472155641 9.171225792692361e-10 -0.2593560898939877
0.4612331442266305 1.007566124283654e-09 -0.2983843330900291
0.5236384574733232 1.087867906868212e-09 -0.3405348360656309
0.5910361961203603 1.154325232621822e-09 -0.3860573795130965
0.663825753840639 1.202458459192979e-09 -0.4352217264282331
0.7424384754444304 1.226866899739498e-09 -0.4883192206058521
0.8273402145151254 1.221065290546441e-09 -0.5456645141470865
0.9190340929366397 1.177283423525743e-09 -0.6075974313306591
1.018063481448897 1.08624127748147e-09 -0.6744849817734403
1.125015221183521 9.368763542738634e-10 -0.7467235363566028
1.240523100420979 7.160294995811611e-10 -0.8247411755363417
1.365271610161239 4.080769056002964e-10 -0.9090002259739716
0.3319754109298575 7.981774321347279e-10 -0.1015571892274712
0.3802111510117693 8.969830919691724e-10 -0.118011623443614
0.4323057498214918 9.909204741476163e-10 -0.1357824122415595
0.4885679161787485 1.077475171584741e-09 -0.1549748640305991
0.5493310563069238 1.15357703944774e-09 -0.175702712131119
0.6149552479771042 1.21549857678982e-09 -0.1980887882052612
0.6858293749629876 1.25873308998159e-09 -0.2222657503737029
0.7623734313930923 1.277850769643152e-09 -0.248376869288722
0.8450410120832506 1.266335397653862e-09 -0.2765768776498727
0.9343219994480549 1.21638257799539e-09 -0.3070328867777447
1.030745465624106 1.118675763134291e-09 -0.3399253766019442
1.13488280923217 9.621129448689203e-10 -0.3754492656903878
1.247351140644727 7.334922391688536e-10 -0.4138150660501079
1.368816938730141 4.171442635758638e-10 -0.4552501305356603
0.3441954544207559 8.293605975595586e-10 7.904510344880489e-10
0.3919265451611762 9.268783449090101e-10 8.833916965989008e-10
0.4434761226869397 1.019425044379574e-09 9.715934515264202e-10
0.499149666061075 1.104477675983873e-09 1.052651292521301e-09
0.5592770933624279 1.178957306779971e-09 1.123631201971342e-09
0.6242147151759204 1.239126884433617e-09 1.180970266023706e-09
0.694347346716477 1.280469202891155e-09 1.220363088361154e-09
0.7700905880727666 1.297543433809167e-09 1.236624552758414e-09
0.8518932884854706 1.283820938446922e-09 1.223529971783321e-09
0.9402402051478662 1.231484664243609e-09 1.173629915474095e-09
1.035654874966639 1.131203491988586e-09 1.078030054113555e-09
1.138702718506773 9.718605920028267e-10 9.261346134437076e-10
1.249994389841926 7.402373158882369e-10 7.053433948023269e-10
1.370189395041218 4.206462400624389e-10 4.007034148933997e-10
0.3319754107162253 7.981775032583904e-10 0.1015571900920794
0.3802111508099688 8.969831127858541e-10 0.1180116244214687
0.4323057496321782 9.909205192504267e-10 0.1357824133272769
0.4885679160025816 1.077475178523635e-09 0.1549748652159624
0.5493310561445588 1.153577094958891e-09 0.1757027134044504
0.6149552478291829 1.215498535156456e-09 0.1980887895506788
0.6858293748301272 1.25873308998159e-09 0.2222657517702408
0.7623734312758679 1.277850880665454e-09 0.248376870709289
0.8450410119821805 1.26633534214271e-09 0.2765768790600205
0.9343219993635763 1.216382550239814e-09 0.3070328881342183
1.030745465556548 1.11867570762314e-09 0.3399253778509694
1.134882809181724 9.621129448689203e-10 0.3754492667656544
1.247351140611402 7.334923224355805e-10 0.413815066870397
1.368816938713726 4.171442080647125e-10 0.4552501310020527
0.3004085994490895 7.174449159763618e-10 0.1897583992297829
0.3499479495162481 8.195844905523053e-10 0.2232188277730021
0.4034504470968069 9.171225584525544e-10 0.2593560902641787
0.4612331441165719 1.007566086119738e-09 0.2983843335028639
0.5236384573723535 1.087867906868212e-09 0.3405348365167303
0.591036196028851 1.154325190988459e-09 0.3860573799964347
0.6638257537589319 1.202458466131873e-09 0.4352217269357898
0.742438475372826 1.226866996884013e-09 0.4883192211272024
0.8273402144538685 1.221065248913078e-09 0.5456645146689139
0.9190340928858988 1.177283492914682e-09 0.6075974318361816
1.018063481408745 1.086241374625985e-09 0.6744849822417349
1.125015221153909 9.368764652961659e-10 0.7467235367618104
1.240523100401707 7.160295134589489e-10 0.8247411758467226
1.365271610151915 4.080769056002964e-10 0.9090002261508103
0.2930164210899716 0.08925087183896052 -0.1849492040359512
0.3428610448617004 0.1062135184068829 -0.2186082371496397
0.3966932380402178 0.1245331765234032 -0.2549599925805642
0.4548320063035781 0.1443184071537239 -0.2942198881992522
0.5176218765054408 0.165686456385519 -0.3366205757930603
0.5854349366658889 0.1887639496590633 -0.3824133186293733
0.6586730416202204 0.2136876423724948 -0.431869480884179
0.7377701942318963 0.2406052302333768 -0.4852821356254525
0.823195118789064 0.2696762250123264 -0.5429678025740982
0.9154540375368547 0.3010728994258473 -0.6052683230382416
1.015093669599776 0.3349813077008217 -0.6725528850229155
1.122704472369305 0.371602388652409 -0.7452202120714342
1.23892413968566 0.4111531561516644 -0.8237009255145237
1.364441380551208 0.4538679850609676 -0.9084600961566107
0.3212669561626199 0.09817916130226104 -0.09817916028418938
0.3699449217316834 0.1147730976099472 -0.1147730964665696
0.4225171240629692 0.1326945486490942 -0.1326945473866095
0.4792951022200383 0.1520497156386087 -0.1520497142664113
0.5406153190960159 0.1729532961348295 -0.1729532946662134
0.6068411536565916 0.1955291631714532 -0.1955291616244492
0.6783650549636187 0.2199110995491888 -0.2199110979475538
0.7556108676536357 0.2462435905730306 -0.2462435889474183
0.8390363451017346 0.2746826807699772 -0.2746826791593222
0.9291358609666213 0.3053968982333237 -0.3053968966864736
1.02644333792054 0.3385682530035464 -0.3385682515811849
1.131535413169281 0.3743933161690371 -0.3743933149459506
1.24503485475586 0.4130843844569986 -0.4130843835247448
1.36761425182975 0.4548707382170037 -0.4548707376870483
0.3319754106882245 0.1015571902054072 7.607308498414067e-10
0.3802111507835179 0.1180116245496477 8.548989398338147e-10
0.4323057496073638 0.1357824134696057 9.444261761526462e-10
0.4885679159794893 0.154974865371368 1.02691555953216e-09
0.5493310561232749 0.1757027135714078 1.099441662710809e-09
0.614955247809792 0.1980887897271134 1.158450363414332e-09
0.6858293748127091 0.2222657519534121 1.199646854077585e-09
0.7623734312604995 0.2483768708956555 1.217855885582431e-09
0.8450410119689298 0.2765768792450796 1.206864774783156e-09
0.9343219993524994 0.3070328883123129 1.159236318049039e-09
1.03074546554769 0.3399253780150682 1.066090160595223e-09
1.134882809175108 0.3754492669070853 9.168439896178882e-10
1.247351140607032 0.4138150669785374 6.989148704228398e-10
1.368816938711573 0.4552501310639648 3.973654738587129e-10
0.3212669559746239 0.09817916124297968 0.09817916112500083
0.3699449215544606 0.114773097554117 0.1147730974216102
0.42251712389709 0.1326945485968943 0.1326945484505743
0.4792951020660704 0.1520497155902163 0.1520497154311681
0.5406153189545169 0.1729532960904172 0.1729532959201763
0.6068411535280953 0.1955291631311852 0.1955291629518351
0.678365054848628 0.2199110995132174 0.219911099327504
0.755610867552601 0.2462435905414892 0.2462435903529569
0.8390363450150399 0.2746826807429763 0.274682680556126
0.9291358608945579 0.3053968982109415 0.3053968980314227
1.026443337863282 0.3385682529858197 0.3385682528206494
1.131535413126848 0.3743933161559502 0.3743933160137779
1.24503485472808 0.4130843844484703 0.4130843843398865
1.367614251816214 0.4548707382128717 0.4548707381507678
0.2930164209676518 0.08925087180028439 0.1849492043117697
0.3428610447467483 0.106213518370576 0.2186082374730931
0.3966932379329987 0.1245331764895805 0.2549599929497368
0.454832006204449 0.1443184071224969 0.2942198886111222
0.5176218764147441 0.1656864563569937 0.3366205762432525
0.5854349365839435 0.1887639496333373 0.3824133191118668
0.6586730415473119 0.2136876423496535 0.431869481390959
0.7377701941682628 0.24060523021349 0.4852821361460984
0.8231951187348847 0.2696762249954423 0.5429678030953
0.9154540374922261 0.3010728994119869 0.6052683235432241
1.015093669564695 0.3349813076899708 0.6725528854907632
1.122704472343639 0.3716023886445097 0.7452202124762937
1.238924139669118 0.4111531561466044 0.8237009258246646
1.364441380543301 0.4538679850585681 0.9084600963333241
0.2724639223600732 0.1715670731721019 -0.1715670728463654
0.3231572996559539 0.2057787462371701 -0.2057787458680743
0.3779061466321729 0.2427273528046151 -0.2427273523942036
0.4370349009908134 0.2826318476402552 -0.2826318471916517
0.5008939561837702 0.3257287023862069 -0.3257287019038554
0.5698617361405034 0.3722733057419329 -0.3722733052318811
0.6443469384745832 0.4225414773473486 -0.422541476817582
0.7247909562439027 0.4768311021672513 -0.4768311016280932
0.811670495166954 0.5354638967840919 -0.5354638962486725
0.9055003974338811 0.5987873151162915 -0.5987873146010992
1.006836691694481 0.6671766067776376 -0.6671766063031753
1.116279889640095 0.7410370418566253 -0.7410370414481787
1.234478543752373 0.8208063119506784 -0.8208063116392191
1.362133090360555 0.9069571237478193 -0.9069571235710743
0.2930164211170348 0.1849492044047839 -0.08925087092451885
0.3428610448865319 0.2186082375593096 -0.1062135173624845
0.396693238062747 0.2549599930288977 -0.1245331753549107
0.4548320063237465 0.2942198886829969 -0.1443184058701744
0.5176218765232065 0.3366205763076476 -0.1656864549998281
0.5854349366812307 0.3824133191686374 -0.1887639481888609
0.6586730416331434 0.4318694814400251 -0.2136876408411142
0.7377701942424399 0.4852821361874614 -0.240605228671026
0.82319511879731 0.542967803129063 -0.2696762234574709
0.9154540375429348 0.6052683235696206 -0.3010728979268433
1.015093669603887 0.6725528855101842 -0.3349813063178392
1.122704472371718 0.7452202124893227 -0.3716023874597012
1.238924139686745 0.8237009258321264 -0.4111531552402365
1.364441380551441 0.9084600963363261 -0.4538679845417158
0.3004085994506611 0.1897583992265575 6.837856548341792e-10
0.3499479495177276 0.2232188277692223 7.811313505745598e-10
0.4034504470981902 0.2593560902598664 8.740904007542571e-10
0.4612331441178535 0.2983843334980542 9.602862324764594e-10
0.5236384573735295 0.340534836511474 1.036815050481366e-09
0.591036196029917 0.3860573799908016 1.100147008215036e-09
0.6638257537598841 0.4352217269298733 1.146012160169185e-09
0.7424384753736606 0.4883192211211231 1.169263602607273e-09
0.8273402144545816 0.5456645146628261 1.163718538199632e-09
0.9190340928864899 0.6075974318302807 1.121971668349708e-09
1.018063481409213 0.6744849822362643 1.035177416008892e-09
1.125015221154254 0.7467235367570698 8.927915490231086e-10
1.240523100401933 0.8247411758430809 6.82271378282806e-10
1.365271610152024 0.9090002261487159 3.887237337574234e-10
0.2930164209862224 0.1849492043197083 0.08925087169919443
0.3428610447641309 0.2186082374797536 0.1062135182541203
0.3966932379491392 0.2549599929551087 0.1245331763584203
0.454832006219296 0.2942198886152098 0.144318406977662
0.5176218764282493 0.3366205762460784 0.1656864561999622
0.5854349365960642 0.3824133191134758 0.188763949466134
0.6586730415580124 0.4318694813914242 0.2136876421749645
0.737770194177518 0.4852821361455266 0.2406052300347988
0.8231951187426798 0.5429678030938394 0.2696762248171898
0.9154540374985656 0.6052683235410745 0.3010728992397627
1.015093669569601 0.6725528854881841 0.3349813075307343
1.12270447234716 0.7452202124736176 0.3716023885068552
1.238924139671334 0.823700925822313 0.4111531560410728
1.364441380544328 0.908460096331823 0.4538679849980076
0.272463922268305 0.1715670731123455 0.1715670731161839
0.3231572995702915 0.2057787461814258 0.2057787461857754
0.377906146552881 0.2427273527530542 0.2427273527578913
0.4370349009181398 0.282631847593038 0.2826318475983259
0.5008939561179396 0.3257287023434781 0.3257287023491644
0.5698617360817076 0.3722733057038137 0.372273305709828
0.6443469384229704 0.4225414773139314 0.4225414773201793
0.7247909561995626 0.4768311021385897 0.4768311021449507
0.8116704951299056 0.535463896760191 0.53546389676651
0.9055003974040492 0.5987873150970917 0.5987873151031757
1.006836691671674 0.6671766067630038 0.6671766067686118
1.116279889623979 0.7410370418463266 0.741037041851162
1.23447854374244 0.8208063119443638 0.820806311948062
1.36213309035608 0.9069571237449959 0.9069571237471136
3 7 0 50
3843
3844
3845
3846
3847
3848
3849
3850
3851
3852
3853
3854
3855
3856
3857
3858
3859
3860
3861
3862
3863
3864
3865
3866
3867
3868
3869
3870
3871
3872
3873
3874
3875
3876
3877
3878
3879
3880
3881
3882
3883
3884
3885
3886
3887
3888
3889
3890
3891
3892
-1.055555555556507 -1.05555555555694 -1.583333333333333
-1.111111111111743 -1.11111111111197 -1.666666666666667
-0.5277777777796793 -1.05555555555694 -1.583333333333333
-0.5555555555568183 -1.111111111111971 -1.666666666666667
-2.740141447077349e-12 -1.055555555556939 -1.583333333333332
-1.689537398874563e-12 -1.111111111111971 -1.666666666666667
0.5277777777762082 -1.05555555555694 -1.583333333333332
0.5555555555549906 -1.111111111111971 -1.666666666666668
1.055555555554771 -1.05555555555694 -1.583333333333333
1.111111111110829 -1.111111111111972 -1.666666666666667
-1.055555555556072 -0.5277777777805466 -1.583333333333333
-1.111111111111514 -0.5555555555572746 -1.666666666666667
-0.5277777777788119 -0.5277777777805461 -1.583333333333333
-0.5555555555563617 -0.5555555555572746 -1.666666666666668
-1.370181745841137e-12 -0.5277777777805466 -1.583333333333333
-8.447686994372816e-13 -0.555555555557275 -1.666666666666668
0.5277777777770757 -0.5277777777805474 -1.583333333333333
0.5555555555554476 -0.5555555555572749 -1.666666666666668
1.055555555555204 -0.5277777777805464 -1.583333333333333
1.111111111111057 -0.555555555557275 -1.666666666666668
-1.055555555555638 -4.109844409239116e-12 -1.583333333333333
-1.111111111111285 -2.534569776280193e-12 -1.666666666666668
-0.5277777777779437 -4.109421136710978e-12 -1.583333333333333
-0.5555555555559047 -2.534777943097311e-12 -1.666666666666668
-1.110223024625157e-16 -4.109740325830558e-12 -1.583333333333333
0 -2.534750187521695e-12 -1.666666666666668
0.5277777777779438 -4.110073392737945e-12 -1.583333333333333
0.5555555555559049 -2.534805698672926e-12 -1.666666666666668
1.055555555555638 -4.109462770074401e-12 -1.583333333333333
1.111111111111285 -2.534805698672926e-12 -1.666666666666668
-1.055555555555205 0.5277777777753403 -1.583333333333334
-1.111111111111057 0.555555555554534 -1.666666666666668
-0.5277777777770762 0.5277777777753407 -1.583333333333334
-0.5555555555554479 0.5555555555545343 -1.666666666666668
1.370195623628945e-12 0.5277777777753403 -1.583333333333333
8.447964550128972e-13 0.555555555554534 -1.666666666666668
0.5277777777788113 0.5277777777753404 -1.583333333333333
0.5555555555563614 0.555555555554534 -1.666666666666668
1.055555555556072 0.5277777777753402 -1.583333333333332
1.111111111111515 0.555555555554534 -1.666666666666668
-1.055555555554771 1.055555555554336 -1.583333333333333
-1.111111111110829 1.1111111111106 -1.666666666666668
-0.5277777777762084 1.055555555554337 -1.583333333333333
-0.5555555555549913 1.1111111111106 -1.666666666666668
2.739711235655307e-12 1.055555555554336 -1.583333333333332
1.689787199055104e-12 1.1111111111106 -1.666666666666668
0.5277777777796788 1.055555555554336 -1.583333333333332
0.555555555556818 1.1111111111106 -1.666666666666668
1.055555555556507 1.055555555554336 -1.583333333333333
1.111111111111743 1.1111111111106 -1.666666666666667
3 8 0 50
3893
3894
3895
3896
3897
3898
3899
3900
3901
3902
3903
3904
3905
3906
3907
3908
3909
3910
3911
3912
3913
3914
3915
3916
3917
3918
3919
3920
3921
3922
3923
3924
3925
3926
3927
3928
3929
3930
3931
3932
3933
3934
3935
3936
3937
3938
3939
3940
3941
3942
-1.055555555556507 -1.05555555555694 1.583333333333332
-1.111111111111742 -1.111111111111971 1.666666666666667
-1.055555555556072 -0.5277777777805466 1.583333333333333
-1.111111111111514 -0.5555555555572745 1.666666666666668
-1.055555555555638 -4.109546036801248e-12 1.583333333333333
-1.111111111111285 -2.534639165219232e-12 1.666666666666668
-1.055555555555205 0.5277777777753403 1.583333333333332
-1.111111111111057 0.5555555555545342 1.666666666666668
-1.055555555554771 1.055555555554337 1.583333333333333
-1.111111111110828 1.1111111111106 1.666666666666668
-0.5277777777796789 -1.05555555555694 1.583333333333333
-0.5555555555568179 -1.111111111111971 1.666666666666667
-0.5277777777788113 -0.5277777777805466 1.583333333333333
-0.5555555555563614 -0.5555555555572753 1.666666666666669
-0.5277777777779435 -4.109740325830558e-12 1.583333333333333
-0.5555555555559046 -2.534805698672926e-12 1.666666666666668
-0.5277777777770761 0.527777777775341 1.583333333333334
-0.5555555555554473 0.5555555555545338 1.666666666666668
-0.5277777777762083 1.055555555554337 1.583333333333333
-0.5555555555549909 1.1111111111106 1.666666666666668
-2.739690418973595e-12 -1.055555555556939 1.583333333333333
-1.689856587994143e-12 -1.111111111111971 1.666666666666667
-1.36997357902402e-12 -0.5277777777805468 1.583333333333333
-8.448519661641285e-13 -0.5555555555572752 1.666666666666668
2.220446049250313e-16 -4.109712570254942e-12 1.583333333333333
5.551115123125783e-17 -2.534750187521695e-12 1.666666666666668
1.369709901055671e-12 0.5277777777753404 1.583333333333333
8.450462551934379e-13 0.5555555555545343 1.666666666666668
2.740002669199271e-12 1.055555555554336 1.583333333333332
1.689759443479488e-12 1.1111111111106 1.666666666666668
0.5277777777762079 -1.05555555555694 1.583333333333333
0.5555555555549906 -1.111111111111971 1.666666666666668
0.527777777777076 -0.5277777777805472 1.583333333333333
0.5555555555554476 -0.5555555555572748 1.666666666666668
0.5277777777779438 -4.110378704069717e-12 1.583333333333333
0.555555555555905 -2.534639165219232e-12 1.666666666666668
0.5277777777788117 0.5277777777753404 1.583333333333334
0.5555555555563613 0.5555555555545343 1.666666666666668
0.527777777779679 1.055555555554336 1.583333333333333
0.5555555555568179 1.1111111111106 1.666666666666668
1.05555555555477 -1.05555555555694 1.583333333333333
1.111111111110829 -1.111111111111971 1.666666666666667
1.055555555555204 -0.5277777777805468 1.583333333333333
1.111111111111058 -0.555555555557275 1.666666666666668
1.055555555555638 -4.109559914589056e-12 1.583333333333332
1.111111111111285 -2.534777943097311e-12 1.666666666666667
1.055555555556073 0.5277777777753409 1.583333333333333
1.111111111111514 0.5555555555545341 1.666666666666668
1.055555555556506 1.055555555554337 1.583333333333333
1.111111111111743 1.1111111111106 1.666666666666668
3 9 0 50
3943
3944
3945
3946
3947
3948
3949
3950
3951
3952
3953
3954
3955
3956
3957
3958
3959
3960
3961
3962
3963
3964
3965
3966
3967
3968
3969
3970
3971
3972
3973
3974
3975
3976
3977
3978
3979
3980
3981
3982
3983
3984
3985
3986
3987
3988
3989
3990
3991
3992
-1.05555555555694 -1.583333333333332 -1.05555555555694
-1.11111111111197 -1.666666666666667 -1.111111111111971
-1.055555555556941 -1.583333333333333 -0.527777777780547
-1.111111111111971 -1.666666666666668 -0.5555555555572748
-1.05555555555694 -1.583333333333333 -4.109435014498786e-12
-1.111111111111971 -1.666666666666667 -2.534750187521695e-12
-1.05555555555694 -1.583333333333332 0.5277777777753403
-1.111111111111971 -1.666666666666668 0.555555555554534
-1.05555555555694 -1.583333333333333 1.055555555554337
-1.111111111111971 -1.666666666666667 1.1111111111106
-0.527777777780547 -1.583333333333333 -1.055555555556941
-0.5555555555572751 -1.666666666666667 -1.111111111111971
-0.5277777777805469 -1.583333333333333 -0.527777777780547
-0.5555555555572751 -1.666666666666669 -0.5555555555572749
-0.5277777777805466 -1.583333333333333 -4.109740325830558e-12
-0.5555555555572753 -1.666666666666668 -2.534805698672926e-12
-0.527777777780547 -1.583333333333333 0.5277777777753405
-0.5555555555572746 -1.666666666666668 0.5555555555545341
-0.5277777777805468 -1.583333333333333 1.055555555554336
-0.5555555555572751 -1.666666666666668 1.1111111111106
-4.109650120209807e-12 -1.583333333333333 -1.055555555556939
-2.534791820885118e-12 -1.666666666666667 -1.111111111111971
-4.109892981496444e-12 -1.583333333333333 -0.5277777777805468
-2.534666920794848e-12 -1.666666666666668 -0.5555555555572752
-4.109712570254942e-12 -1.583333333333333 -4.109712570254942e-12
-2.534694676370464e-12 -1.666666666666668 -2.534750187521695e-12
-4.110239926191639e-12 -1.583333333333333 0.5277777777753404
-2.534805698672926e-12 -1.666666666666668 0.5555555555545343
-4.109795836981789e-12 -1.583333333333332 1.055555555554337
-2.534750187521695e-12 -1.666666666666668 1.1111111111106
0.5277777777753402 -1.583333333333333 -1.05555555555694
0.5555555555545338 -1.666666666666668 -1.111111111111971
0.5277777777753405 -1.583333333333334 -0.5277777777805472
0.5555555555545338 -1.666666666666668 -0.5555555555572748
0.5277777777753403 -1.583333333333333 -4.110156659464792e-12
0.5555555555545343 -1.666666666666668 -2.534750187521695e-12
0.5277777777753407 -1.583333333333334 0.5277777777753409
0.5555555555545341 -1.666666666666668 0.5555555555545341
0.5277777777753405 -1.583333333333333 1.055555555554337
0.555555555554534 -1.666666666666668 1.1111111111106
1.055555555554337 -1.583333333333333 -1.05555555555694
1.1111111111106 -1.666666666666667 -1.111111111111971
1.055555555554336 -1.583333333333333 -0.5277777777805468
1.1111111111106 -1.666666666666668 -0.5555555555572752
1.055555555554336 -1.583333333333332 -4.109781959193981e-12
1.1111111111106 -1.666666666666668 -2.534777943097311e-12
1.055555555554337 -1.583333333333333 0.5277777777753406
1.1111111111106 -1.666666666666668 0.5555555555545341
1.055555555554337 -1.583333333333333 1.055555555554337
1.1111111111106 -1.666666666666668 1.1111111111106
3 10 0 50
3993
3994
3995
3996
3997
3998
3999
4000
4001
4002
4003
4004
4005
4006
4007
4008
4009
4010
4011
4012
4013
4014
4015
4016
4017
4018
4019
4020
4021
4022
4023
4024
4025
4026
4027
4028
4029
4030
4031
4032
4033
4034
4035
4036
4037
4038
4039
4040
4041
4042
1.05555555555694 1.583333333333332 -1.05555555555694
1.11111111111197 1.666666666666667 -1.111111111111971
1.055555555556941 1.583333333333333 -0.527777777780547
1.111111111111971 1.666666666666668 -0.5555555555572748
1.05555555555694 1.583333333333333 -4.109435014498786e-12
1.111111111111971 1.666666666666667 -2.534750187521695e-12
1.05555555555694 1.583333333333332 0.5277777777753403
1.111111111111971 1.666666666666668 0.555555555554534
1.05555555555694 1.583333333333333 1.055555555554337
1.111111111111971 1.666666666666667 1.1111111111106
0.527777777780547 1.583333333333333 -1.055555555556941
0.5555555555572751 1.666666666666667 -1.111111111111971
0.5277777777805469 1.583333333333333 -0.527777777780547
0.5555555555572751 1.666666666666669 -0.5555555555572749
0.5277777777805466 1.583333333333333 -4.109740325830558e-12
0.5555555555572753 1.666666666666668 -2.534805698672926e-12
0.527777777780547 1.583333333333333 0.5277777777753405
0.5555555555572746 1.666666666666668 0.5555555555545341
0.5277777777805468 1.583333333333333 1.055555555554336
0.5555555555572751 1.666666666666668 1.1111111111106
4.109650120209807e-12 1.583333333333333 -1.055555555556939
2.534791820885118e-12 1.666666666666667 -1.111111111111971
4.109892981496444e-12 1.583333333333333 -0.5277777777805468
2.534666920794848e-12 1.666666666666668 -0.5555555555572752
4.109712570254942e-12 1.583333333333333 -4.109712570254942e-12
2.534694676370464e-12 1.666666666666668 -2.534750187521695e-12
4.110239926191639e-12 1.583333333333333 0.5277777777753404
2.534805698672926e-12 1.666666666666668 0.5555555555545343
4.109795836981789e-12 1.583333333333332 1.055555555554337
2.534750187521695e-12 1.666666666666668 1.1111111111106
-0.5277777777753402 1.583333333333333 -1.05555555555694
-0.5555555555545338 1.666666666666668 -1.111111111111971
-0.5277777777753405 1.583333333333334 -0.5277777777805472
-0.5555555555545338 1.666666666666668 -0.5555555555572748
-0.5277777777753403 1.583333333333333 -4.110156659464792e-12
-0.5555555555545343 1.666666666666668 -2.534750187521695e-12
-0.5277777777753407 1.583333333333334 0.5277777777753409
-0.5555555555545341 1.666666666666668 0.5555555555545341
-0.5277777777753405 1.583333333333333 1.055555555554337
-0.555555555554534 1.666666666666668 1.1111111111106
-1.055555555554337 1.583333333333333 -1.05555555555694
-1.1111111111106 1.666666666666667 -1.111111111111971
-1.055555555554336 1.583333333333333 -0.5277777777805468
-1.1111111111106 1.666666666666668 -0.5555555555572752
-1.055555555554336 1.583333333333332 -4.109781959193981e-12
-1.1111111111106 1.666666666666668 -2.534777943097311e-12
-1.055555555554337 1.583333333333333 0.5277777777753406
-1.1111111111106 1.666666666666668 0.5555555555545341
-1.055555555554337 1.583333333333333 1.055555555554337
-1.1111111111106 1.666666666666668 1.1111111111106
3 11 0 50
4043
4044
4045
4046
4047
4048
4049
4050
4051
4052
4053
4054
4055
4056
4057
4058
4059
4060
4061
4062
4063
4064
4065
4066
4067
4068
4069
4070
4071
4072
4073
4074
4075
4076
4077
4078
4079
4080
4081
4082
4083
4084
4085
4086
4087
4088
4089
4090
4091
4092
-1.583333333333333 1.055555555554337 -1.05555555555694
-1.666666666666667 1.1111111111106 -1.111111111111971
-1.583333333333333 1.055555555554336 -0.527777777780547
-1.666666666666668 1.1111111111106 -0.5555555555572752
-1.583333333333333 1.055555555554336 -4.109740325830558e-12
-1.666666666666668 1.1111111111106 -2.534694676370464e-12
-1.583333333333333 1.055555555554337 0.5277777777753406
-1.666666666666668 1.1111111111106 0.555555555554534
-1.583333333333333 1.055555555554337 1.055555555554337
-1.666666666666668 1.1111111111106 1.1111111111106
-1.583333333333333 0.5277777777753403 -1.05555555555694
-1.666666666666667 0.5555555555545343 -1.111111111111971
-1.583333333333333 0.5277777777753406 -0.5277777777805471
-1.666666666666668 0.5555555555545342 -0.5555555555572749
-1.583333333333332 0.5277777777753404 -4.109906859284251e-12
-1.666666666666668 0.5555555555545343 -2.534916720975389e-12
-1.583333333333335 0.5277777777753407 0.5277777777753407
-1.666666666666668 0.5555555555545344 0.5555555555545341
-1.583333333333333 0.5277777777753407 1.055555555554337
-1.666666666666668 0.5555555555545342 1.1111111111106
-1.583333333333333 -4.109594609058576e-12 -1.055555555556939
-1.666666666666667 -2.534736309733887e-12 -1.111111111111971
-1.583333333333333 -4.109781959193981e-12 -0.5277777777805468
-1.666666666666668 -2.534833454248542e-12 -0.5555555555572748
-1.583333333333333 -4.109712570254942e-12 -4.109712570254942e-12
-1.666666666666668 -2.534750187521695e-12 -2.534750187521695e-12
-1.583333333333333 -4.110101148313561e-12 0.5277777777753404
-1.666666666666668 -2.534750187521695e-12 0.5555555555545342
-1.583333333333332 -4.109795836981789e-12 1.055555555554337
-1.666666666666668 -2.534750187521695e-12 1.1111111111106
-1.583333333333333 -0.5277777777805467 -1.05555555555694
-1.666666666666667 -0.5555555555572746 -1.111111111111971
-1.583333333333333 -0.5277777777805466 -0.5277777777805468
-1.666666666666668 -0.5555555555572748 -0.5555555555572752
-1.583333333333333 -0.527777777780547 -4.109643181315903e-12
-1.666666666666668 -0.5555555555572753 -2.534833454248542e-12
-1.583333333333333 -0.5277777777805466 0.527777777775341
-1.666666666666668 -0.5555555555572746 0.555555555554534
-1.583333333333332 -0.5277777777805467 1.055555555554336
-1.666666666666668 -0.5555555555572751 1.1111111111106
-1.583333333333332 -1.05555555555694 -1.05555555555694
-1.666666666666667 -1.11111111111197 -1.111111111111971
-1.583333333333333 -1.05555555555694 -0.5277777777805469
-1.666666666666668 -1.111111111111971 -0.5555555555572748
-1.583333333333333 -1.05555555555694 -4.109546036801248e-12
-1.666666666666667 -1.111111111111971 -2.534861209824157e-12
-1.583333333333332 -1.055555555556941 0.5277777777753404
-1.666666666666668 -1.111111111111972 0.5555555555545341
-1.583333333333332 -1.05555555555694 1.055555555554336
-1.666666666666667 -1.111111111111971 1.1111111111106
3 12 0 50
4093
4094
4095
4096
4097
4098
4099
4100
4101
4102
4103
4104
4105
4106
4107
4108
4109
4110
4111
4112
4113
4114
4115
4116
4117
4118
4119
4120
4121
4122
4123
4124
4125
4126
4127
4128
4129
4130
4131
4132
4133
4134
4135
4136
4137
4138
4139
4140
4141
4142
1.583333333333332 -1.05555555555694 -1.05555555555694
1.666666666666667 -1.11111111111197 -1.111111111111971
1.583333333333333 -1.055555555556941 -0.527777777780547
1.666666666666668 -1.111111111111971 -0.5555555555572748
1.583333333333333 -1.05555555555694 -4.109435014498786e-12
1.666666666666667 -1.111111111111971 -2.534750187521695e-12
1.583333333333332 -1.05555555555694 0.5277777777753403
1.666666666666668 -1.111111111111971 0.555555555554534
1.583333333333333 -1.05555555555694 1.055555555554337
1.666666666666667 -1.111111111111971 1.1111111111106
1.583333333333333 -0.527777777780547 -1.055555555556941
1.666666666666667 -0.5555555555572751 -1.111111111111971
1.583333333333333 -0.5277777777805469 -0.527777777780547
1.666666666666669 -0.5555555555572751 -0.5555555555572749
1.583333333333333 -0.5277777777805466 -4.109740325830558e-12
1.666666666666668 -0.5555555555572753 -2.534805698672926e-12
1.583333333333333 -0.527777777780547 0.5277777777753405
1.666666666666668 -0.5555555555572746 0.5555555555545341
1.583333333333333 -0.5277777777805468 1.055555555554336
1.666666666666668 -0.5555555555572751 1.1111111111106
1.583333333333333 -4.109650120209807e-12 -1.055555555556939
1.666666666666667 -2.534791820885118e-12 -1.111111111111971
1.583333333333333 -4.109892981496444e-12 -0.5277777777805468
1.666666666666668 -2.534666920794848e-12 -0.5555555555572752
1.583333333333333 -4.109712570254942e-12 -4.109712570254942e-12
1.666666666666668 -2.534694676370464e-12 -2.534750187521695e-12
1.583333333333333 -4.110239926191639e-12 0.5277777777753404
1.666666666666668 -2.534805698672926e-12 0.5555555555545343
1.583333333333332 -4.109795836981789e-12 1.055555555554337
1.666666666666668 -2.534750187521695e-12 1.1111111111106
1.583333333333333 0.5277777777753402 -1.05555555555694
1.666666666666668 0.5555555555545338 -1.111111111111971
1.583333333333334 0.5277777777753405 -0.5277777777805472
1.666666666666668 0.5555555555545338 -0.5555555555572748
1.583333333333333 0.5277777777753403 -4.110156659464792e-12
1.666666666666668 0.5555555555545343 -2.534750187521695e-12
1.583333333333334 0.5277777777753407 0.5277777777753409
1.666666666666668 0.5555555555545341 0.5555555555545341
1.583333333333333 0.5277777777753405 1.055555555554337
1.666666666666668 0.555555555554534 1.1111111111106
1.583333333333333 1.055555555554337 -1.05555555555694
1.666666666666667 1.1111111111106 -1.111111111111971
1.583333333333333 1.055555555554336 -0.5277777777805468
1.666666666666668 1.1111111111106 -0.5555555555572752
1.583333333333332 1.055555555554336 -4.109781959193981e-12
1.666666666666668 1.1111111111106 -2.534777943097311e-12
1.583333333333333 1.055555555554337 0.5277777777753406
1.666666666666668 1.1111111111106 0.5555555555545341
1.583333333333333 1.055555555554337 1.055555555554337
1.666666666666668 1.1111111111106 1.1111111111106
$EndNodes
$Elements
24 4320 1 4320
2 1 3 36
1 1 40 333 25 
2 25 333 334 26 
3 26 334 335 27 
4 27 335 336 28 
5 28 336 337 29 
6 29 337 30 2 
7 40 41 338 333 
8 333 338 339 334 
9 334 339 340 335 
10 335 340 341 336 
11 336 341 342 337 
12 337 342 31 30 
13 41 42 343 338 
14 338 343 344 339 
15 339 344 345 340 
16 340 345 346 341 
17 341 346 347 342 
18 342 347 32 31 
19 42 43 348 343 
20 343 348 349 344 
21 344 349 350 345 
22 345 350 351 346 
23 346 351 352 347 
24 347 352 33 32 
25 43 44 353 348 
26 348 353 354 349 
27 349 354 355 350 
28 350 355 356 351 
29 351 356 357 352 
30 352 357 34 33 
31 44 4 39 353 
32 353 39 38 354 
33 354 38 37 355 
34 355 37 36 356 
35 356 36 35 357 
36 357 35 3 34 
2 2 3 36
37 5 45 358 60 
38 60 358 359 61 
39 61 359 360 62 
40 62 360 361 63 
41 63 361 362 64 
42 64 362 59 8 
43 45 46 363 358 
44 358 363 364 359 
45 359 364 365 360 
46 360 365 366 361 
47 361 366 367 362 
48 362 367 58 59 
49 46 47 368 363 
50 363 368 369 364 
51 364 369 370 365 
52 365 370 371 366 
53 366 371 372 367 
54 367 372 57 58 
55 47 48 373 368 
56 368 373 374 369 
57 369 374 375 370 
58 370 375 376 371 
59 371 376 377 372 
60 372 377 56 57 
61 48 49 378 373 
62 373 378 379 374 
63 374 379 380 375 
64 375 380 381 376 
65 376 381 382 377 
66 377 382 55 56 
67 49 6 50 378 
68 378 50 51 379 
69 379 51 52 380 
70 380 52 53 381 
71 381 53 54 382 
72 382 54 7 55 
2 3 3 36
73 1 25 383 65 
74 65 383 384 66 
75 66 384 385 67 
76 67 385 386 68 
77 68 386 387 69 
78 69 387 45 5 
79 25 26 388 383 
80 383 388 389 384 
81 384 389 390 385 
82 385 390 391 386 
83 386 391 392 387 
84 387 392 46 45 
85 26 27 393 388 
86 388 393 394 389 
87 389 394 395 390 
88 390 395 396 391 
89 391 396 397 392 
90 392 397 47 46 
91 27 28 398 393 
92 393 398 399 394 
93 394 399 400 395 
94 395 400 401 396 
95 396 401 402 397 
96 397 402 48 47 
97 28 29 403 398 
98 398 403 404 399 
99 399 404 405 400 
100 400 405 406 401 
101 401 406 407 402 
102 402 407 49 48 
103 29 2 70 403 
104 403 70 71 404 
105 404 71 72 405 
106 405 72 73 406 
107 406 73 74 407 
108 407 74 6 49 
2 4 3 36
109 3 35 408 75 
110 75 408 409 76 
111 76 409 410 77 
112 77 410 411 78 
113 78 411 412 79 
114 79 412 55 7 
115 35 36 413 408 
116 408 413 414 409 
117 409 414 415 410 
118 410 415 416 411 
119 411 416 417 412 
120 412 417 56 55 
121 36 37 418 413 
122 413 418 419 414 
123 414 419 420 415 
124 415 420 421 416 
125 416 421 422 417 
126 417 422 57 56 
127 37 38 423 418 
128 418 423 424 419 
129 419 424 425 420 
130 420 425 426 421 
131 421 426 427 422 
132 422 427 58 57 
133 38 39 428 423 
134 423 428 429 424 
135 424 429 430 425 
136 425 430 431 426 
137 426 431 432 427 
138 427 432 59 58 
139 39 4 80 428 
140 428 80 81 429 
141 429 81 82 430 
142 430 82 83 431 
143 431 83 84 432 
144 432 84 8 59 
2 5 3 36
145 4 44 433 80 
146 80 433 434 81 
147 81 434 435 82 
148 82 435 436 83 
149 83 436 437 84 
150 84 437 64 8 
151 44 43 438 433 
152 433 438 439 434 
153 434 439 440 435 
154 435 440 441 436 
155 436 441 442 437 
156 437 442 63 64 
157 43 42 443 438 
158 438 443 444 439 
159 439 444 445 440 
160 440 445 446 441 
161 441 446 447 442 
162 442 447 62 63 
163 42 41 448 443 
164 443 448 449 444 
165 444 449 450 445 
166 445 450 451 446 
167 446 451 452 447 
168 447 452 61 62 
169 41 40 453 448 
170 448 453 454 449 
171 449 454 455 450 
172 450 455 456 451 
173 451 456 457 452 
174 452 457 60 61 
175 40 1 65 453 
176 453 65 66 454 
177 454 66 67 455 
178 455 67 68 456 
179 456 68 69 457 
180 457 69 5 60 
2 6 3 36
181 2 30 458 70 
182 70 458 459 71 
183 71 459 460 72 
184 72 460 461 73 
185 73 461 462 74 
186 74 462 50 6 
187 30 31 463 458 
188 458 463 464 459 
189 459 464 465 460 
190 460 465 466 461 
191 461 466 467 462 
192 462 467 51 50 
193 31 32 468 463 
194 463 468 469 464 
195 464 469 470 465 
196 465 470 471 466 
197 466 471 472 467 
198 467 472 52 51 
199 32 33 473 468 
200 468 473 474 469 
201 469 474 475 470 
202 470 475 476 471 
203 471 476 477 472 
204 472 477 53 52 
205 33 34 478 473 
206 473 478 479 474 
207 474 479 480 475 
208 475 480 481 476 
209 476 481 482 477 
210 477 482 54 53 
211 34 3 75 478 
212 478 75 76 479 
213 479 76 77 480 
214 480 77 78 481 
215 481 78 79 482 
216 482 79 7 54 
2 25 3 36
217 17 272 1473 257 
218 257 1473 1474 258 
219 258 1474 1475 259 
220 259 1475 1476 260 
221 260 1476 1477 261 
222 261 1477 262 18 
223 272 273 1478 1473 
224 1473 1478 1479 1474 
225 1474 1479 1480 1475 
226 1475 1480 1481 1476 
227 1476 1481 1482 1477 
228 1477 1482 263 262 
229 273 274 1483 1478 
230 1478 1483 1484 1479 
231 1479 1484 1485 1480 
232 1480 1485 1486 1481 
233 1481 1486 1487 1482 
234 1482 1487 264 263 
235 274 275 1488 1483 
236 1483 1488 1489 1484 
237 1484 1489 1490 1485 
238 1485 1490 1491 1486 
239 1486 1491 1492 1487 
240 1487 1492 265 264 
241 275 276 1493 1488 
242 1488 1493 1494 1489 
243 1489 1494 1495 1490 
244 1490 1495 1496 1491 
245 1491 1496 1497 1492 
246 1492 1497 266 265 
247 276 20 271 1493 
248 1493 271 270 1494 
249 1494 270 269 1495 
250 1495 269 268 1496 
251 1496 268 267 1497 
252 1497 267 19 266 
2 26 3 36
253 21 277 1498 292 
254 292 1498 1499 293 
255 293 1499 1500 294 
256 294 1500 1501 295 
257 295 1501 1502 296 
258 296 1502 291 24 
259 277 278 1503 1498 
260 1498 1503 1504 1499 
261 1499 1504 1505 1500 
262 1500 1505 1506 1501 
263 1501 1506 1507 1502 
264 1502 1507 290 291 
265 278 279 1508 1503 
266 1503 1508 1509 1504 
267 1504 1509 1510 1505 
268 1505 1510 1511 1506 
269 1506 1511 1512 1507 
270 1507 1512 289 290 
271 279 280 1513 1508 
272 1508 1513 1514 1509 
273 1509 1514 1515 1510 
274 1510 1515 1516 1511 
275 1511 1516 1517 1512 
276 1512 1517 288 289 
277 280 281 1518 1513 
278 1513 1518 1519 1514 
279 1514 1519 1520 1515 
280 1515 1520 1521 1516 
281 1516 1521 1522 1517 
282 1517 1522 287 288 
283 281 22 282 1518 
284 1518 282 283 1519 
285 1519 283 284 1520 
286 1520 284 285 1521 
287 1521 285 286 1522 
288 1522 286 23 287 
2 27 3 36
289 17 257 1523 297 
290 297 1523 1524 298 
291 298 1524 1525 299 
292 299 1525 1526 300 
293 300 1526 1527 301 
294 301 1527 277 21 
295 257 258 1528 1523 
296 1523 1528 1529 1524 
297 1524 1529 1530 1525 
298 1525 1530 1531 1526 
299 1526 1531 1532 1527 
300 1527 1532 278 277 
301 258 259 1533 1528 
302 1528 1533 1534 1529 
303 1529 1534 1535 1530 
304 1530 1535 1536 1531 
305 1531 1536 1537 1532 
306 1532 1537 279 278 
307 259 260 1538 1533 
308 1533 1538 1539 1534 
309 1534 1539 1540 1535 
310 1535 1540 1541 1536 
311 1536 1541 1542 1537 
312 1537 1542 280 279 
313 260 261 1543 1538 
314 1538 1543 1544 1539 
315 1539 1544 1545 1540 
316 1540 1545 1546 1541 
317 1541 1546 1547 1542 
318 1542 1547 281 280 
319 261 18 302 1543 
320 1543 302 303 1544 
321 1544 303 304 1545 
322 1545 304 305 1546 
323 1546 305 306 1547 
324 1547 306 22 281 
2 28 3 36
325 19 267 1548 307 
326 307 1548 1549 308 
327 308 1549 1550 309 
328 309 1550 1551 310 
329 310 1551 1552 311 
330 311 1552 287 23 
331 267 268 1553 1548 
332 1548 1553 1554 1549 
333 1549 1554 1555 1550 
334 1550 1555 1556 1551 
335 1551 1556 1557 1552 
336 1552 1557 288 287 
337 268 269 1558 1553 
338 1553 1558 1559 1554 
339 1554 1559 1560 1555 
340 1555 1560 1561 1556 
341 1556 1561 1562 1557 
342 1557 1562 289 288 
343 269 270 1563 1558 
344 1558 1563 1564 1559 
345 1559 1564 1565 1560 
346 1560 1565 1566 1561 
347 1561 1566 1567 1562 
348 1562 1567 290 289 
349 270 271 1568 1563 
350 1563 1568 1569 1564 
351 1564 1569 1570 1565 
352 1565 1570 1571 1566 
353 1566 1571 1572 1567 
354 1567 1572 291 290 
355 271 20 312 1568 
356 1568 312 313 1569 
357 1569 313 314 1570 
358 1570 314 315 1571 
359 1571 315 316 1572 
360 1572 316 24 291 
2 29 3 36
361 20 276 1573 312 
362 312 1573 1574 313 
363 313 1574 1575 314 
364 314 1575 1576 315 
365 315 1576 1577 316 
366 316 1577 296 24 
367 276 275 1578 1573 
368 1573 1578 1579 1574 
369 1574 1579 1580 1575 
370 1575 1580 1581 1576 
371 1576 1581 1582 1577 
372 1577 1582 295 296 
373 275 274 1583 1578 
374 1578 1583 1584 1579 
375 1579 1584 1585 1580 
376 1580 1585 1586 1581 
377 1581 1586 1587 1582 
378 1582 1587 294 295 
379 274 273 1588 1583 
380 1583 1588 1589 1584 
381 1584 1589 1590 1585 
382 1585 1590 1591 1586 
383 1586 1591 1592 1587 
384 1587 1592 293 294 
385 273 272 1593 1588 
386 1588 1593 1594 1589 
387 1589 1594 1595 1590 
388 1590 1595 1596 1591 
389 1591 1596 1597 1592 
390 1592 1597 292 293 
391 272 17 297 1593 
392 1593 297 298 1594 
393 1594 298 299 1595 
394 1595 299 300 1596 
395 1596 300 301 1597 
396 1597 301 21 292 
2 30 3 36
397 18 262 1598 302 
398 302 1598 1599 303 
399 303 1599 1600 304 
400 304 1600 1601 305 
401 305 1601 1602 306 
402 306 1602 282 22 
403 262 263 1603 1598 
404 1598 1603 1604 1599 
405 1599 1604 1605 1600 
406 1600 1605 1606 1601 
407 1601 1606 1607 1602 
408 1602 1607 283 282 
409 263 264 1608 1603 
410 1603 1608 1609 1604 
411 1604 1609 1610 1605 
412 1605 1610 1611 1606 
413 1606 1611 1612 1607 
414 1607 1612 284 283 
415 264 265 1613 1608 
416 1608 1613 1614 1609 
417 1609 1614 1615 1610 
418 1610 1615 1616 1611 
419 1611 1616 1617 1612 
420 1612 1617 285 284 
421 265 266 1618 1613 
422 1613 1618 1619 1614 
423 1614 1619 1620 1615 
424 1615 1620 1621 1616 
425 1616 1621 1622 1617 
426 1617 1622 286 285 
427 266 19 307 1618 
428 1618 307 308 1619 
429 1619 308 309 1620 
430 1620 309 310 1621 
431 1621 310 311 1622 
432 1622 311 23 286 
3 1 5 540
433 1 40 333 25 145 843 1743 633 
434 145 843 1743 633 146 844 1744 634 
435 146 844 1744 634 147 845 1745 635 
436 147 845 1745 635 148 846 1746 636 
437 148 846 1746 636 149 847 1747 637 
438 149 847 1747 637 150 848 1748 638 
439 150 848 1748 638 151 849 1749 639 
440 151 849 1749 639 152 850 1750 640 
441 152 850 1750 640 153 851 1751 641 
442 153 851 1751 641 154 852 1752 642 
443 154 852 1752 642 155 853 1753 643 
444 155 853 1753 643 156 854 1754 644 
445 156 854 1754 644 157 855 1755 645 
446 157 855 1755 645 158 856 1756 646 
447 158 856 1756 646 9 100 483 85 
448 25 333 334 26 633 1743 1757 647 
449 633 1743 1757 647 634 1744 1758 648 
450 634 1744 1758 648 635 1745 1759 649 
451 635 1745 1759 649 636 1746 1760 650 
452 636 1746 1760 650 637 1747 1761 651 
453 637 1747 1761 651 638 1748 1762 652 
454 638 1748 1762 652 639 1749 1763 653 
455 639 1749 1763 653 640 1750 1764 654 
456 640 1750 1764 654 641 1751 1765 655 
457 641 1751 1765 655 642 1752 1766 656 
458 642 1752 1766 656 643 1753 1767 657 
459 643 1753 1767 657 644 1754 1768 658 
460 644 1754 1768 658 645 1755 1769 659 
461 645 1755 1769 659 646 1756 1770 660 
462 646 1756 1770 660 85 483 484 86 
463 26 334 335 27 647 1757 1771 661 
464 647 1757 1771 661 648 1758 1772 662 
465 648 1758 1772 662 649 1759 1773 663 
466 649 1759 1773 663 650 1760 1774 664 
467 650 1760 1774 664 651 1761 1775 665 
468 651 1761 1775 665 652 1762 1776 666 
469 652 1762 1776 666 653 1763 1777 667 
470 653 1763 1777 667 654 1764 1778 668 
471 654 1764 1778 668 655 1765 1779 669 
472 655 1765 1779 669 656 1766 1780 670 
473 656 1766 1780 670 657 1767 1781 671 
474 657 1767 1781 671 658 1768 1782 672 
475 658 1768 1782 672 659 1769 1783 673 
476 659 1769 1783 673 660 1770 1784 674 
477 660 1770 1784 674 86 484 485 87 
478 27 335 336 28 661 1771 1785 675 
479 661 1771 1785 675 662 1772 1786 676 
480 662 1772 1786 676 663 1773 1787 677 
481 663 1773 1787 677 664 1774 1788 678 
482 664 1774 1788 678 665 1775 1789 679 
483 665 1775 1789 679 666 1776 1790 680 
484 666 1776 1790 680 667 1777 1791 681 
485 667 1777 1791 681 668 1778 1792 682 
486 668 1778 1792 682 669 1779 1793 683 
487 669 1779 1793 683 670 1780 1794 684 
488 670 1780 1794 684 671 1781 1795 685 
489 671 1781 1795 685 672 1782 1796 686 
490 672 1782 1796 686 673 1783 1797 687 
491 673 1783 1797 687 674 1784 1798 688 
492 674 1784 1798 688 87 485 486 88 
493 28 336 337 29 675 1785 1799 689 
494 675 1785 1799 689 676 1786 1800 690 
495 676 1786 1800 690 677 1787 1801 691 
496 677 1787 1801 691 678 1788 1802 692 
497 678 1788 1802 692 679 1789 1803 693 
498 679 1789 1803 693 680 1790 1804 694 
499 680 1790 1804 694 681 1791 1805 695 
500 681 1791 1805 695 682 1792 1806 696 
501 682 1792 1806 696 683 1793 1807 697 
502 683 1793 1807 697 684 1794 1808 698 
503 684 1794 1808 698 685 1795 1809 699 
504 685 1795 1809 699 686 1796 1810 700 
505 686 1796 1810 700 687 1797 1811 701 
506 687 1797 1811 701 688 1798 1812 702 
507 688 1798 1812 702 88 486 487 89 
508 29 337 30 2 689 1799 703 159 
509 689 1799 703 159 690 1800 704 160 
510 690 1800 704 160 691 1801 705 161 
511 691 1801 705 161 692 1802 706 162 
512 692 1802 706 162 693 1803 707 163 
513 693 1803 707 163 694 1804 708 164 
514 694 1804 708 164 695 1805 709 165 
515 695 1805 709 165 696 1806 710 166 
516 696 1806 710 166 697 1807 711 167 
517 697 1807 711 167 698 1808 712 168 
518 698 1808 712 168 699 1809 713 169 
519 699 1809 713 169 700 1810 714 170 
520 700 1810 714 170 701 1811 715 171 
521 701 1811 715 171 702 1812 716 172 
522 702 1812 716 172 89 487 90 10 
523 40 41 338 333 843 857 1813 1743 
524 843 857 1813 1743 844 858 1814 1744 
525 844 858 1814 1744 845 859 1815 1745 
526 845 859 1815 1745 846 860 1816 1746 
527 846 860 1816 1746 847 861 1817 1747 
528 847 861 1817 1747 848 862 1818 1748 
529 848 862 1818 1748 849 863 1819 1749 
530 849 863 1819 1749 850 864 1820 1750 
531 850 864 1820 1750 851 865 1821 1751 
532 851 865 1821 1751 852 866 1822 1752 
533 852 866 1822 1752 853 867 1823 1753 
534 853 867 1823 1753 854 868 1824 1754 
535 854 868 1824 1754 855 869 1825 1755 
536 855 869 1825 1755 856 870 1826 1756 
537 856 870 1826 1756 100 101 488 483 
538 333 338 339 334 1743 1813 1827 1757 
539 1743 1813 1827 1757 1744 1814 1828 1758 
540 1744 1814 1828 1758 1745 1815 1829 1759 
541 1745 1815 1829 1759 1746 1816 1830 1760 
542 1746 1816 1830 1760 1747 1817 1831 1761 
543 1747 1817 1831 1761 1748 1818 1832 1762 
544 1748 1818 1832 1762 1749 1819 1833 1763 
545 1749 1819 1833 1763 1750 1820 1834 1764 
546 1750 1820 1834 1764 1751 1821 1835 1765 
547 1751 1821 1835 1765 1752 1822 1836 1766 
548 1752 1822 1836 1766 1753 1823 1837 1767 
549 1753 1823 1837 1767 1754 1824 1838 1768 
550 1754 1824 1838 1768 1755 1825 1839 1769 
551 1755 1825 1839 1769 1756 1826 1840 1770 
552 1756 1826 1840 1770 483 488 489 484 
553 334 339 340 335 1757 1827 1841 1771 
554 1757 1827 1841 1771 1758 1828 1842 1772 
555 1758 1828 1842 1772 1759 1829 1843 1773 
556 1759 1829 1843 1773 1760 1830 1844 1774 
557 1760 1830 1844 1774 1761 1831 1845 1775 
558 1761 1831 1845 1775 1762 1832 1846 1776 
559 1762 1832 1846 1776 1763 1833 1847 1777 
560 1763 1833 1847 1777 1764 1834 1848 1778 
561 1764 1834 1848 1778 1765 1835 1849 1779 
562 1765 1835 1849 1779 1766 1836 1850 1780 
563 1766 1836 1850 1780 1767 1837 1851 1781 
564 1767 1837 1851 1781 1768 1838 1852 1782 
565 1768 1838 1852 1782 1769 1839 1853 1783 
566 1769 1839 1853 1783 1770 1840 1854 1784 
567 1770 1840 1854 1784 484 489 490 485 
568 335 340 341 336 1771 1841 1855 1785 
569 1771 1841 1855 1785 1772 1842 1856 1786 
570 1772 1842 1856 1786 1773 1843 1857 1787 
571 1773 1843 1857 1787 1774 1844 1858 1788 
572 1774 1844 1858 1788 1775 1845 1859 1789 
573 1775 1845 1859 1789 1776 1846 1860 1790 
574 1776 1846 1860 1790 1777 1847 1861 1791 
575 1777 1847 1861 1791 1778 1848 1862 1792 
576 1778 1848 1862 1792 1779 1849 1863 1793 
577 1779 1849 1863 1793 1780 1850 1864 1794 
578 1780 1850 1864 1794 1781 1851 1865 1795 
579 1781 1851 1865 1795 1782 1852 1866 1796 
580 1782 1852 1866 1796 1783 1853 1867 1797 
581 1783 1853 1867 1797 1784 1854 1868 1798 
582 1784 1854 1868 1798 485 490 491 486 
583 336 341 342 337 1785 1855 1869 1799 
584 1785 1855 1869 1799 1786 1856 1870 1800 
585 1786 1856 1870 1800 1787 1857 1871 1801 
586 1787 1857 1871 1801 1788 1858 1872 1802 
587 1788 1858 1872 1802 1789 1859 1873 1803 
588 1789 1859 1873 1803 1790 1860 1874 1804 
589 1790 1860 1874 1804 1791 1861 1875 1805 
590 1791 1861 1875 1805 1792 1862 1876 1806 
591 1792 1862 1876 1806 1793 1863 1877 1807 
592 1793 1863 1877 1807 1794 1864 1878 1808 
593 1794 1864 1878 1808 1795 1865 1879 1809 
594 1795 1865 1879 1809 1796 1866 1880 1810 
595 1796 1866 1880 1810 1797 1867 1881 1811 
596 1797 1867 1881 1811 1798 1868 1882 1812 
597 1798 1868 1882 1812 486 491 492 487 
598 337 342 31 30 1799 1869 717 703 
599 1799 1869 717 703 1800 1870 718 704 
600 1800 1870 718 704 1801 1871 719 705 
601 1801 1871 719 705 1802 1872 720 706 
602 1802 1872 720 706 1803 1873 721 707 
603 1803 1873 721 707 1804 1874 722 708 
604 1804 1874 722 708 1805 1875 723 709 
605 1805 1875 723 709 1806 1876 724 710 
606 1806 1876 724 710 1807 1877 725 711 
607 1807 1877 725 711 1808 1878 726 712 
608 1808 1878 726 712 1809 1879 727 713 
609 1809 1879 727 713 1810 1880 728 714 
610 1810 1880 728 714 1811 1881 729 715 
611 1811 1881 729 715 1812 1882 730 716 
612 1812 1882 730 716 487 492 91 90 
613 41 42 343 338 857 871 1883 1813 
614 857 871 1883 1813 858 872 1884 1814 
615 858 872 1884 1814 859 873 1885 1815 
616 859 873 1885 1815 860 874 1886 1816 
617 860 874 1886 1816 861 875 1887 1817 
618 861 875 1887 1817 862 876 1888 1818 
619 862 876 1888 1818 863 877 1889 1819 
620 863 877 1889 1819 864 878 1890 1820 
621 864 878 1890 1820 865 879 1891 1821 
622 865 879 1891 1821 866 880 1892 1822 
623 866 880 1892 1822 867 881 1893 1823 
624 867 881 1893 1823 868 882 1894 1824 
625 868 882 1894 1824 869 883 1895 1825 
626 869 883 1895 1825 870 884 1896 1826 
627 870 884 1896 1826 101 102 493 488 
628 338 343 344 339 1813 1883 1897 1827 
629 1813 1883 1897 1827 1814 1884 1898 1828 
630 1814 1884 1898 1828 1815 1885 1899 1829 
631 1815 1885 1899 1829 1816 1886 1900 1830 
632 1816 1886 1900 1830 1817 1887 1901 1831 
633 1817 1887 1901 1831 1818 1888 1902 1832 
634 1818 1888 1902 1832 1819 1889 1903 1833 
635 1819 1889 1903 1833 1820 1890 1904 1834 
636 1820 1890 1904 1834 1821 1891 1905 1835 
637 1821 1891 1905 1835 1822 1892 1906 1836 
638 1822 1892 1906 1836 1823 1893 1907 1837 
639 1823 1893 1907 1837 1824 1894 1908 1838 
640 1824 1894 1908 1838 1825 1895 1909 1839 
641 1825 1895 1909 1839 1826 1896 1910 1840 
642 1826 1896 1910 1840 488 493 494 489 
643 339 344 345 340 1827 1897 1911 1841 
644 1827 1897 1911 1841 1828 1898 1912 1842 
645 1828 1898 1912 1842 1829 1899 1913 1843 
646 1829 1899 1913 1843 1830 1900 1914 1844 
647 1830 1900 1914 1844 1831 1901 1915 1845 
648 1831 1901 1915 1845 1832 1902 1916 1846 
649 1832 1902 1916 1846 1833 1903 1917 1847 
650 1833 1903 1917 1847 1834 1904 1918 1848 
651 1834 1904 1918 1848 1835 1905 1919 1849 
652 1835 1905 1919 1849 1836 1906 1920 1850 
653 1836 1906 1920 1850 1837 1907 1921 1851 
654 1837 1907 1921 1851 1838 1908 1922 1852 
655 1838 1908 1922 1852 1839 1909 1923 1853 
656 1839 1909 1923 1853 1840 1910 1924 1854 
657 1840 1910 1924 1854 489 494 495 490 
658 340 345 346 341 1841 1911 1925 1855 
659 1841 1911 1925 1855 1842 1912 1926 1856 
660 1842 1912 1926 1856 1843 1913 1927 1857 
661 1843 1913 1927 1857 1844 1914 1928 1858 
662 1844 1914 1928 1858 1845 1915 1929 1859 
663 1845 1915 1929 1859 1846 1916 1930 1860 
664 1846 1916 1930 1860 1847 1917 1931 1861 
665 1847 1917 1931 1861 1848 1918 1932 1862 
666 1848 1918 1932 1862 1849 1919 1933 1863 
667 1849 1919 1933 1863 1850 1920 1934 1864 
668 1850 1920 1934 1864 1851 1921 1935 1865 
669 1851 1921 1935 1865 1852 1922 1936 1866 
670 1852 1922 1936 1866 1853 1923 1937 1867 
671 1853 1923 1937 1867 1854 1924 1938 1868 
672 1854 1924 1938 1868 490 495 496 491 
673 341 346 347 342 1855 1925 1939 1869 
674 1855 1925 1939 1869 1856 1926 1940 1870 
675 1856 1926 1940 1870 1857 1927 1941 1871 
676 1857 1927 1941 1871 1858 1928 1942 1872 
677 1858 1928 1942 1872 1859 1929 1943 1873 
678 1859 1929 1943 1873 1860 1930 1944 1874 
679 1860 1930 1944 1874 1861 1931 1945 1875 
680 1861 1931 1945 1875 1862 1932 1946 1876 
681 1862 1932 1946 1876 1863 1933 1947 1877 
682 1863 1933 1947 1877 1864 1934 1948 1878 
683 1864 1934 1948 1878 1865 1935 1949 1879 
684 1865 1935 1949 1879 1866 1936 1950 1880 
685 1866 1936 1950 1880 1867 1937 1951 1881 
686 1867 1937 1951 1881 1868 1938 1952 1882 
687 1868 1938 1952 1882 491 496 497 492 
688 342 347 32 31 1869 1939 731 717 
689 1869 1939 731 717 1870 1940 732 718 
690 1870 1940 732 718 1871 1941 733 719 
691 1871 1941 733 719 1872 1942 734 720 
692 1872 1942 734 720 1873 1943 735 721 
693 1873 1943 735 721 1874 1944 736 722 
694 1874 1944 736 722 1875 1945 737 723 
695 1875 1945 737 723 1876 1946 738 724 
696 1876 1946 738 724 1877 1947 739 725 
697 1877 1947 739 725 1878 1948 740 726 
698 1878 1948 740 726 1879 1949 741 727 
699 1879 1949 741 727 1880 1950 742 728 
700 1880 1950 742 728 1881 1951 743 729 
701 1881 1951 743 729 1882 1952 744 730 
702 1882 1952 744 730 492 497 92 91 
703 42 43 348 343 871 885 1953 1883 
704 871 885 1953 1883 872 886 1954 1884 
705 872 886 1954 1884 873 887 1955 1885 
706 873 887 1955 1885 874 888 1956 1886 
707 874 888 1956 1886 875 889 1957 1887 
708 875 889 1957 1887 876 890 1958 1888 
709 876 890 1958 1888 877 891 1959 1889 
710 877 891 1959 1889 878 892 1960 1890 
711 878 892 1960 1890 879 893 1961 1891 
712 879 893 1961 1891 880 894 1962 1892 
713 880 894 1962 1892 881 895 1963 1893 
714 881 895 1963 1893 882 896 1964 1894 
715 882 896 1964 1894 883 897 1965 1895 
716 883 897 1965 1895 884 898 1966 1896 
717 884 898 1966 1896 102 103 498 493 
718 343 348 349 344 1883 1953 1967 1897 
719 1883 1953 1967 1897 1884 1954 1968 1898 
720 1884 1954 1968 1898 1885 1955 1969 1899 
721 1885 1955 1969 1899 1886 1956 1970 1900 
722 1886 1956 1970 1900 1887 1957 1971 1901 
723 1887 1957 1971 1901 1888 1958 1972 1902 
724 1888 1958 1972 1902 1889 1959 1973 1903 
725 1889 1959 1973 1903 1890 1960 1974 1904 
726 1890 1960 1974 1904 1891 1961 1975 1905 
727 1891 1961 1975 1905 1892 1962 1976 1906 
728 1892 1962 1976 1906 1893 1963 1977 1907 
729 1893 1963 1977 1907 1894 1964 1978 1908 
730 1894 1964 1978 1908 1895 1965 1979 1909 
731 1895 1965 1979 1909 1896 1966 1980 1910 
732 1896 1966 1980 1910 493 498 499 494 
733 344 349 350 345 1897 1967 1981 1911 
734 1897 1967 1981 1911 1898 1968 1982 1912 
735 1898 1968 1982 1912 1899 1969 1983 1913 
736 1899 1969 1983 1913 1900 1970 1984 1914 
737 1900 1970 1984 1914 1901 1971 1985 1915 
738 1901 1971 1985 1915 1902 1972 1986 1916 
739 1902 1972 1986 1916 1903 1973 1987 1917 
740 1903 1973 1987 1917 1904 1974 1988 1918 
741 1904 1974 1988 1918 1905 1975 1989 1919 
742 1905 1975 1989 1919 1906 1976 1990 1920 
743 1906 1976 1990 1920 1907 1977 1991 1921 
744 1907 1977 1991 1921 1908 1978 1992 1922 
745 1908 1978 1992 1922 1909 1979 1993 1923 
746 1909 1979 1993 1923 1910 1980 1994 1924 
747 1910 1980 1994 1924 494 499 500 495 
748 345 350 351 346 1911 1981 1995 1925 
749 1911 1981 1995 1925 1912 1982 1996 1926 
750 1912 1982 1996 1926 1913 1983 1997 1927 
751 1913 1983 1997 1927 1914 1984 1998 1928 
752 1914 1984 1998 1928 1915 1985 1999 1929 
753 1915 1985 1999 1929 1916 1986 2000 1930 
754 1916 1986 2000 1930 1917 1987 2001 1931 
755 1917 1987 2001 1931 1918 1988 2002 1932 
756 1918 1988 2002 1932 1919 1989 2003 1933 
757 1919 1989 2003 1933 1920 1990 2004 1934 
758 1920 1990 2004 1934 1921 1991 2005 1935 
759 1921 1991 2005 1935 1922 1992 2006 1936 
760 1922 1992 2006 1936 1923 1993 2007 1937 
761 1923 1993 2007 1937 1924 1994 2008 1938 
762 1924 1994 2008 1938 495 500 501 496 
763 346 351 352 347 1925 1995 2009 1939 
764 1925 1995 2009 1939 1926 1996 2010 1940 
765 1926 1996 2010 1940 1927 1997 2011 1941 
766 1927 1997 2011 1941 1928 1998 2012 1942 
767 1928 1998 2012 1942 1929 1999 2013 1943 
768 1929 1999 2013 1943 1930 2000 2014 1944 
769 1930 2000 2014 1944 1931 2001 2015 1945 
770 1931 2001 2015 1945 1932 2002 2016 1946 
771 1932 2002 2016 1946 1933 2003 2017 1947 
772 1933 2003 2017 1947 1934 2004 2018 1948 
773 1934 2004 2018 1948 1935 2005 2019 1949 
774 1935 2005 2019 1949 1936 2006 2020 1950 
775 1936 2006 2020 1950 1937 2007 2021 1951 
776 1937 2007 2021 1951 1938 2008 2022 1952 
777 1938 2008 2022 1952 496 501 502 497 
778 347 352 33 32 1939 2009 745 731 
779 1939 2009 745 731 1940 2010 746 732 
780 1940 2010 746 732 1941 2011 747 733 
781 1941 2011 747 733 1942 2012 748 734 
782 1942 2012 748 734 1943 2013 749 735 
783 1943 2013 749 735 1944 2014 750 736 
784 1944 2014 750 736 1945 2015 751 737 
785 1945 2015 751 737 1946 2016 752 738 
786 1946 2016 752 738 1947 2017 753 739 
787 1947 2017 753 739 1948 2018 754 740 
788 1948 2018 754 740 1949 2019 755 741 
789 1949 2019 755 741 1950 2020 756 742 
790 1950 2020 756 742 1951 2021 757 743 
791 1951 2021 757 743 1952 2022 758 744 
792 1952 2022 758 744 497 502 93 92 
793 43 44 353 348 885 899 2023 1953 
794 885 899 2023 1953 886 900 2024 1954 
795 886 900 2024 1954 887 901 2025 1955 
796 887 901 2025 1955 888 902 2026 1956 
797 888 902 2026 1956 889 903 2027 1957 
798 889 903 2027 1957 890 904 2028 1958 
799 890 904 2028 1958 891 905 2029 1959 
800 891 905 2029 1959 892 906 2030 1960 
801 892 906 2030 1960 893 907 2031 1961 
802 893 907 2031 1961 894 908 2032 1962 
803 894 908 2032 1962 895 909 2033 1963 
804 895 909 2033 1963 896 910 2034 1964 
805 896 910 2034 1964 897 911 2035 1965 
806 897 911 2035 1965 898 912 2036 1966 
807 898 912 2036 1966 103 104 503 498 
808 348 353 354 349 1953 2023 2037 1967 
809 1953 2023 2037 1967 1954 2024 2038 1968 
810 1954 2024 2038 1968 1955 2025 2039 1969 
811 1955 2025 2039 1969 1956 2026 2040 1970 
812 1956 2026 2040 1970 1957 2027 2041 1971 
813 1957 2027 2041 1971 1958 2028 2042 1972 
814 1958 2028 2042 1972 1959 2029 2043 1973 
815 1959 2029 2043 1973 1960 2030 2044 1974 
816 1960 2030 2044 1974 1961 2031 2045 1975 
817 1961 2031 2045 1975 1962 2032 2046 1976 
818 1962 2032 2046 1976 1963 2033 2047 1977 
819 1963 2033 2047 1977 1964 2034 2048 1978 
820 1964 2034 2048 1978 1965 2035 2049 1979 
821 1965 2035 2049 1979 1966 2036 2050 1980 
822 1966 2036 2050 1980 498 503 504 499 
823 349 354 355 350 1967 2037 2051 1981 
824 1967 2037 2051 1981 1968 2038 2052 1982 
825 1968 2038 2052 1982 1969 2039 2053 1983 
826 1969 2039 2053 1983 1970 2040 2054 1984 
827 1970 2040 2054 1984 1971 2041 2055 1985 
828 1971 2041 2055 1985 1972 2042 2056 1986 
829 1972 2042 2056 1986 1973 2043 2057 1987 
830 1973 2043 2057 1987 1974 2044 2058 1988 
831 1974 2044 2058 1988 1975 2045 2059 1989 
832 1975 2045 2059 1989 1976 2046 2060 1990 
833 1976 2046 2060 1990 1977 2047 2061 1991 
834 1977 2047 2061 1991 1978 2048 2062 1992 
835 1978 2048 2062 1992 1979 2049 2063 1993 
836 1979 2049 2063 1993 1980 2050 2064 1994 
837 1980 2050 2064 1994 499 504 505 500 
838 350 355 356 351 1981 2051 2065 1995 
839 1981 2051 2065 1995 1982 2052 2066 1996 
840 1982 2052 2066 1996 1983 2053 2067 1997 
841 1983 2053 2067 1997 1984 2054 2068 1998 
842 1984 2054 2068 1998 1985 2055 2069 1999 
843 1985 2055 2069 1999 1986 2056 2070 2000 
844 1986 2056 2070 2000 1987 2057 2071 2001 
845 1987 2057 2071 2001 1988 2058 2072 2002 
846 1988 2058 2072 2002 1989 2059 2073 2003 
847 1989 2059 2073 2003 1990 2060 2074 2004 
848 1990 2060 2074 2004 1991 2061 2075 2005 
849 1991 2061 2075 2005 1992 2062 2076 2006 
850 1992 2062 2076 2006 1993 2063 2077 2007 
851 1993 2063 2077 2007 1994 2064 2078 2008 
852 1994 2064 2078 2008 500 505 506 501 
853 351 356 357 352 1995 2065 2079 2009 
854 1995 2065 2079 2009 1996 2066 2080 2010 
855 1996 2066 2080 2010 1997 2067 2081 2011 
856 1997 2067 2081 2011 1998 2068 2082 2012 
857 1998 2068 2082 2012 1999 2069 2083 2013 
858 1999 2069 2083 2013 2000 2070 2084 2014 
859 2000 2070 2084 2014 2001 2071 2085 2015 
860 2001 2071 2085 2015 2002 2072 2086 2016 
861 2002 2072 2086 2016 2003 2073 2087 2017 
862 2003 2073 2087 2017 2004 2074 2088 2018 
863 2004 2074 2088 2018 2005 2075 2089 2019 
864 2005 2075 2089 2019 2006 2076 2090 2020 
865 2006 2076 2090 2020 2007 2077 2091 2021 
866 2007 2077 2091 2021 2008 2078 2092 2022 
867 2008 2078 2092 2022 501 506 507 502 
868 352 357 34 33 2009 2079 759 745 
869 2009 2079 759 745 2010 2080 760 746 
870 2010 2080 760 746 2011 2081 761 747 
871 2011 2081 761 747 2012 2082 762 748 
872 2012 2082 762 748 2013 2083 763 749 
873 2013 2083 763 749 2014 2084 764 750 
874 2014 2084 764 750 2015 2085 765 751 
875 2015 2085 765 751 2016 2086 766 752 
876 2016 2086 766 752 2017 2087 767 753 
877 2017 2087 767 753 2018 2088 768 754 
878 2018 2088 768 754 2019 2089 769 755 
879 2019 2089 769 755 2020 2090 770 756 
880 2020 2090 770 756 2021 2091 771 757 
881 2021 2091 771 757 2022 2092 772 758 
882 2022 2092 772 758 502 507 94 93 
883 44 4 39 353 899 187 829 2023 
884 899 187 829 2023 900 188 830 2024 
885 900 188 830 2024 901 189 831 2025 
886 901 189 831 2025 902 190 832 2026 
887 902 190 832 2026 903 191 833 2027 
888 903 191 833 2027 904 192 834 2028 
889 904 192 834 2028 905 193 835 2029 
890 905 193 835 2029 906 194 836 2030 
891 906 194 836 2030 907 195 837 2031 
892 907 195 837 2031 908 196 838 2032 
893 908 196 838 2032 909 197 839 2033 
894 909 197 839 2033 910 198 840 2034 
895 910 198 840 2034 911 199 841 2035 
896 911 199 841 2035 912 200 842 2036 
897 912 200 842 2036 104 12 99 503 
898 353 39 38 354 2023 829 815 2037 
899 2023 829 815 2037 2024 830 816 2038 
900 2024 830 816 2038 2025 831 817 2039 
901 2025 831 817 2039 2026 832 818 2040 
902 2026 832 818 2040 2027 833 819 2041 
903 2027 833 819 2041 2028 834 820 2042 
904 2028 834 820 2042 2029 835 821 2043 
905 2029 835 821 2043 2030 836 822 2044 
906 2030 836 822 2044 2031 837 823 2045 
907 2031 837 823 2045 2032 838 824 2046 
908 2032 838 824 2046 2033 839 825 2047 
909 2033 839 825 2047 2034 840 826 2048 
910 2034 840 826 2048 2035 841 827 2049 
911 2035 841 827 2049 2036 842 828 2050 
912 2036 842 828 2050 503 99 98 504 
913 354 38 37 355 2037 815 801 2051 
914 2037 815 801 2051 2038 816 802 2052 
915 2038 816 802 2052 2039 817 803 2053 
916 2039 817 803 2053 2040 818 804 2054 
917 2040 818 804 2054 2041 819 805 2055 
918 2041 819 805 2055 2042 820 806 2056 
919 2042 820 806 2056 2043 821 807 2057 
920 2043 821 807 2057 2044 822 808 2058 
921 2044 822 808 2058 2045 823 809 2059 
922 2045 823 809 2059 2046 824 810 2060 
923 2046 824 810 2060 2047 825 811 2061 
924 2047 825 811 2061 2048 826 812 2062 
925 2048 826 812 2062 2049 827 813 2063 
926 2049 827 813 2063 2050 828 814 2064 
927 2050 828 814 2064 504 98 97 505 
928 355 37 36 356 2051 801 787 2065 
929 2051 801 787 2065 2052 802 788 2066 
930 2052 802 788 2066 2053 803 789 2067 
931 2053 803 789 2067 2054 804 790 2068 
932 2054 804 790 2068 2055 805 791 2069 
933 2055 805 791 2069 2056 806 792 2070 
934 2056 806 792 2070 2057 807 793 2071 
935 2057 807 793 2071 2058 808 794 2072 
936 2058 808 794 2072 2059 809 795 2073 
937 2059 809 795 2073 2060 810 796 2074 
938 2060 810 796 2074 2061 811 797 2075 
939 2061 811 797 2075 2062 812 798 2076 
940 2062 812 798 2076 2063 813 799 2077 
941 2063 813 799 2077 2064 814 800 2078 
942 2064 814 800 2078 505 97 96 506 
943 356 36 35 357 2065 787 773 2079 
944 2065 787 773 2079 2066 788 774 2080 
945 2066 788 774 2080 2067 789 775 2081 
946 2067 789 775 2081 2068 790 776 2082 
947 2068 790 776 2082 2069 791 777 2083 
948 2069 791 777 2083 2070 792 778 2084 
949 2070 792 778 2084 2071 793 779 2085 
950 2071 793 779 2085 2072 794 780 2086 
951 2072 794 780 2086 2073 795 781 2087 
952 2073 795 781 2087 2074 796 782 2088 
953 2074 796 782 2088 2075 797 783 2089 
954 2075 797 783 2089 2076 798 784 2090 
955 2076 798 784 2090 2077 799 785 2091 
956 2077 799 785 2091 2078 800 786 2092 
957 2078 800 786 2092 506 96 95 507 
958 357 35 3 34 2079 773 173 759 
959 2079 773 173 759 2080 774 174 760 
960 2080 774 174 760 2081 775 175 761 
961 2081 775 175 761 2082 776 176 762 
962 2082 776 176 762 2083 777 177 763 
963 2083 777 177 763 2084 778 178 764 
964 2084 778 178 764 2085 779 179 765 
965 2085 779 179 765 2086 780 180 766 
966 2086 780 180 766 2087 781 181 767 
967 2087 781 181 767 2088 782 182 768 
968 2088 782 182 768 2089 783 183 769 
969 2089 783 183 769 2090 784 184 770 
970 2090 784 184 770 2091 785 185 771 
971 2091 785 185 771 2092 786 186 772 
972 2092 786 186 772 507 95 11 94 
3 2 5 540
973 5 45 358 60 201 913 2093 1123 
974 201 913 2093 1123 202 914 2094 1124 
975 202 914 2094 1124 203 915 2095 1125 
976 203 915 2095 1125 204 916 2096 1126 
977 204 916 2096 1126 205 917 2097 1127 
978 205 917 2097 1127 206 918 2098 1128 
979 206 918 2098 1128 207 919 2099 1129 
980 207 919 2099 1129 208 920 2100 1130 
981 208 920 2100 1130 209 921 2101 1131 
982 209 921 2101 1131 210 922 2102 1132 
983 210 922 2102 1132 211 923 2103 1133 
984 211 923 2103 1133 212 924 2104 1134 
985 212 924 2104 1134 213 925 2105 1135 
986 213 925 2105 1135 214 926 2106 1136 
987 214 926 2106 1136 13 105 508 120 
988 60 358 359 61 1123 2093 2107 1137 
989 1123 2093 2107 1137 1124 2094 2108 1138 
990 1124 2094 2108 1138 1125 2095 2109 1139 
991 1125 2095 2109 1139 1126 2096 2110 1140 
992 1126 2096 2110 1140 1127 2097 2111 1141 
993 1127 2097 2111 1141 1128 2098 2112 1142 
994 1128 2098 2112 1142 1129 2099 2113 1143 
995 1129 2099 2113 1143 1130 2100 2114 1144 
996 1130 2100 2114 1144 1131 2101 2115 1145 
997 1131 2101 2115 1145 1132 2102 2116 1146 
998 1132 2102 2116 1146 1133 2103 2117 1147 
999 1133 2103 2117 1147 1134 2104 2118 1148 
1000 1134 2104 2118 1148 1135 2105 2119 1149 
1001 1135 2105 2119 1149 1136 2106 2120 1150 
1002 1136 2106 2120 1150 120 508 509 121 
1003 61 359 360 62 1137 2107 2121 1151 
1004 1137 2107 2121 1151 1138 2108 2122 1152 
1005 1138 2108 2122 1152 1139 2109 2123 1153 
1006 1139 2109 2123 1153 1140 2110 2124 1154 
1007 1140 2110 2124 1154 1141 2111 2125 1155 
1008 1141 2111 2125 1155 1142 2112 2126 1156 
1009 1142 2112 2126 1156 1143 2113 2127 1157 
1010 1143 2113 2127 1157 1144 2114 2128 1158 
1011 1144 2114 2128 1158 1145 2115 2129 1159 
1012 1145 2115 2129 1159 1146 2116 2130 1160 
1013 1146 2116 2130 1160 1147 2117 2131 1161 
1014 1147 2117 2131 1161 1148 2118 2132 1162 
1015 1148 2118 2132 1162 1149 2119 2133 1163 
1016 1149 2119 2133 1163 1150 2120 2134 1164 
1017 1150 2120 2134 1164 121 509 510 122 
1018 62 360 361 63 1151 2121 2135 1165 
1019 1151 2121 2135 1165 1152 2122 2136 1166 
1020 1152 2122 2136 1166 1153 2123 2137 1167 
1021 1153 2123 2137 1167 1154 2124 2138 1168 
1022 1154 2124 2138 1168 1155 2125 2139 1169 
1023 1155 2125 2139 1169 1156 2126 2140 1170 
1024 1156 2126 2140 1170 1157 2127 2141 1171 
1025 1157 2127 2141 1171 1158 2128 2142 1172 
1026 1158 2128 2142 1172 1159 2129 2143 1173 
1027 1159 2129 2143 1173 1160 2130 2144 1174 
1028 1160 2130 2144 1174 1161 2131 2145 1175 
1029 1161 2131 2145 1175 1162 2132 2146 1176 
1030 1162 2132 2146 1176 1163 2133 2147 1177 
1031 1163 2133 2147 1177 1164 2134 2148 1178 
1032 1164 2134 2148 1178 122 510 511 123 
1033 63 361 362 64 1165 2135 2149 1179 
1034 1165 2135 2149 1179 1166 2136 2150 1180 
1035 1166 2136 2150 1180 1167 2137 2151 1181 
1036 1167 2137 2151 1181 1168 2138 2152 1182 
1037 1168 2138 2152 1182 1169 2139 2153 1183 
1038 1169 2139 2153 1183 1170 2140 2154 1184 
1039 1170 2140 2154 1184 1171 2141 2155 1185 
1040 1171 2141 2155 1185 1172 2142 2156 1186 
1041 1172 2142 2156 1186 1173 2143 2157 1187 
1042 1173 2143 2157 1187 1174 2144 2158 1188 
1043 1174 2144 2158 1188 1175 2145 2159 1189 
1044 1175 2145 2159 1189 1176 2146 2160 1190 
1045 1176 2146 2160 1190 1177 2147 2161 1191 
1046 1177 2147 2161 1191 1178 2148 2162 1192 
1047 1178 2148 2162 1192 123 511 512 124 
1048 64 362 59 8 1179 2149 1109 243 
1049 1179 2149 1109 243 1180 2150 1110 244 
1050 1180 2150 1110 244 1181 2151 1111 245 
1051 1181 2151 1111 245 1182 2152 1112 246 
1052 1182 2152 1112 246 1183 2153 1113 247 
1053 1183 2153 1113 247 1184 2154 1114 248 
1054 1184 2154 1114 248 1185 2155 1115 249 
1055 1185 2155 1115 249 1186 2156 1116 250 
1056 1186 2156 1116 250 1187 2157 1117 251 
1057 1187 2157 1117 251 1188 2158 1118 252 
1058 1188 2158 1118 252 1189 2159 1119 253 
1059 1189 2159 1119 253 1190 2160 1120 254 
1060 1190 2160 1120 254 1191 2161 1121 255 
1061 1191 2161 1121 255 1192 2162 1122 256 
1062 1192 2162 1122 256 124 512 119 16 
1063 45 46 363 358 913 927 2163 2093 
1064 913 927 2163 2093 914 928 2164 2094 
1065 914 928 2164 2094 915 929 2165 2095 
1066 915 929 2165 2095 916 930 2166 2096 
1067 916 930 2166 2096 917 931 2167 2097 
1068 917 931 2167 2097 918 932 2168 2098 
1069 918 932 2168 2098 919 933 2169 2099 
1070 919 933 2169 2099 920 934 2170 2100 
1071 920 934 2170 2100 921 935 2171 2101 
1072 921 935 2171 2101 922 936 2172 2102 
1073 922 936 2172 2102 923 937 2173 2103 
1074 923 937 2173 2103 924 938 2174 2104 
1075 924 938 2174 2104 925 939 2175 2105 
1076 925 939 2175 2105 926 940 2176 2106 
1077 926 940 2176 2106 105 106 513 508 
1078 358 363 364 359 2093 2163 2177 2107 
1079 2093 2163 2177 2107 2094 2164 2178 2108 
1080 2094 2164 2178 2108 2095 2165 2179 2109 
1081 2095 2165 2179 2109 2096 2166 2180 2110 
1082 2096 2166 2180 2110 2097 2167 2181 2111 
1083 2097 2167 2181 2111 2098 2168 2182 2112 
1084 2098 2168 2182 2112 2099 2169 2183 2113 
1085 2099 2169 2183 2113 2100 2170 2184 2114 
1086 2100 2170 2184 2114 2101 2171 2185 2115 
1087 2101 2171 2185 2115 2102 2172 2186 2116 
1088 2102 2172 2186 2116 2103 2173 2187 2117 
1089 2103 2173 2187 2117 2104 2174 2188 2118 
1090 2104 2174 2188 2118 2105 2175 2189 2119 
1091 2105 2175 2189 2119 2106 2176 2190 2120 
1092 2106 2176 2190 2120 508 513 514 509 
1093 359 364 365 360 2107 2177 2191 2121 
1094 2107 2177 2191 2121 2108 2178 2192 2122 
1095 2108 2178 2192 2122 2109 2179 2193 2123 
1096 2109 2179 2193 2123 2110 2180 2194 2124 
1097 2110 2180 2194 2124 2111 2181 2195 2125 
1098 2111 2181 2195 2125 2112 2182 2196 2126 
1099 2112 2182 2196 2126 2113 2183 2197 2127 
1100 2113 2183 2197 2127 2114 2184 2198 2128 
1101 2114 2184 2198 2128 2115 2185 2199 2129 
1102 2115 2185 2199 2129 2116 2186 2200 2130 
1103 2116 2186 2200 2130 2117 2187 2201 2131 
1104 2117 2187 2201 2131 2118 2188 2202 2132 
1105 2118 2188 2202 2132 2119 2189 2203 2133 
1106 2119 2189 2203 2133 2120 2190 2204 2134 
1107 2120 2190 2204 2134 509 514 515 510 
1108 360 365 366 361 2121 2191 2205 2135 
1109 2121 2191 2205 2135 2122 2192 2206 2136 
1110 2122 2192 2206 2136 2123 2193 2207 2137 
1111 2123 2193 2207 2137 2124 2194 2208 2138 
1112 2124 2194 2208 2138 2125 2195 2209 2139 
1113 2125 2195 2209 2139 2126 2196 2210 2140 
1114 2126 2196 2210 2140 2127 2197 2211 2141 
1115 2127 2197 2211 2141 2128 2198 2212 2142 
1116 2128 2198 2212 2142 2129 2199 2213 2143 
1117 2129 2199 2213 2143 2130 2200 2214 2144 
1118 2130 2200 2214 2144 2131 2201 2215 2145 
1119 2131 2201 2215 2145 2132 2202 2216 2146 
1120 2132 2202 2216 2146 2133 2203 2217 2147 
1121 2133 2203 2217 2147 2134 2204 2218 2148 
1122 2134 2204 2218 2148 510 515 516 511 
1123 361 366 367 362 2135 2205 2219 2149 
1124 2135 2205 2219 2149 2136 2206 2220 2150 
1125 2136 2206 2220 2150 2137 2207 2221 2151 
1126 2137 2207 2221 2151 2138 2208 2222 2152 
1127 2138 2208 2222 2152 2139 2209 2223 2153 
1128 2139 2209 2223 2153 2140 2210 2224 2154 
1129 2140 2210 2224 2154 2141 2211 2225 2155 
1130 2141 2211 2225 2155 2142 2212 2226 2156 
1131 2142 2212 2226 2156 2143 2213 2227 2157 
1132 2143 2213 2227 2157 2144 2214 2228 2158 
1133 2144 2214 2228 2158 2145 2215 2229 2159 
1134 2145 2215 2229 2159 2146 2216 2230 2160 
1135 2146 2216 2230 2160 2147 2217 2231 2161 
1136 2147 2217 2231 2161 2148 2218 2232 2162 
1137 2148 2218 2232 2162 511 516 517 512 
1138 362 367 58 59 2149 2219 1095 1109 
1139 2149 2219 1095 1109 2150 2220 1096 1110 
1140 2150 2220 1096 1110 2151 2221 1097 1111 
1141 2151 2221 1097 1111 2152 2222 1098 1112 
1142 2152 2222 1098 1112 2153 2223 1099 1113 
1143 2153 2223 1099 1113 2154 2224 1100 1114 
1144 2154 2224 1100 1114 2155 2225 1101 1115 
1145 2155 2225 1101 1115 2156 2226 1102 1116 
1146 2156 2226 1102 1116 2157 2227 1103 1117 
1147 2157 2227 1103 1117 2158 2228 1104 1118 
1148 2158 2228 1104 1118 2159 2229 1105 1119 
1149 2159 2229 1105 1119 2160 2230 1106 1120 
1150 2160 2230 1106 1120 2161 2231 1107 1121 
1151 2161 2231 1107 1121 2162 2232 1108 1122 
1152 2162 2232 1108 1122 512 517 118 119 
1153 46 47 368 363 927 941 2233 2163 
1154 927 941 2233 2163 928 942 2234 2164 
1155 928 942 2234 2164 929 943 2235 2165 
1156 929 943 2235 2165 930 944 2236 2166 
1157 930 944 2236 2166 931 945 2237 2167 
1158 931 945 2237 2167 932 946 2238 2168 
1159 932 946 2238 2168 933 947 2239 2169 
1160 933 947 2239 2169 934 948 2240 2170 
1161 934 948 2240 2170 935 949 2241 2171 
1162 935 949 2241 2171 936 950 2242 2172 
1163 936 950 2242 2172 937 951 2243 2173 
1164 937 951 2243 2173 938 952 2244 2174 
1165 938 952 2244 2174 939 953 2245 2175 
1166 939 953 2245 2175 940 954 2246 2176 
1167 940 954 2246 2176 106 107 518 513 
1168 363 368 369 364 2163 2233 2247 2177 
1169 2163 2233 2247 2177 2164 2234 2248 2178 
1170 2164 2234 2248 2178 2165 2235 2249 2179 
1171 2165 2235 2249 2179 2166 2236 2250 2180 
1172 2166 2236 2250 2180 2167 2237 2251 2181 
1173 2167 2237 2251 2181 2168 2238 2252 2182 
1174 2168 2238 2252 2182 2169 2239 2253 2183 
1175 2169 2239 2253 2183 2170 2240 2254 2184 
1176 2170 2240 2254 2184 2171 2241 2255 2185 
1177 2171 2241 2255 2185 2172 2242 2256 2186 
1178 2172 2242 2256 2186 2173 2243 2257 2187 
1179 2173 2243 2257 2187 2174 2244 2258 2188 
1180 2174 2244 2258 2188 2175 2245 2259 2189 
1181 2175 2245 2259 2189 2176 2246 2260 2190 
1182 2176 2246 2260 2190 513 518 519 514 
1183 364 369 370 365 2177 2247 2261 2191 
1184 2177 2247 2261 2191 2178 2248 2262 2192 
1185 2178 2248 2262 2192 2179 2249 2263 2193 
1186 2179 2249 2263 2193 2180 2250 2264 2194 
1187 2180 2250 2264 2194 2181 2251 2265 2195 
1188 2181 2251 2265 2195 2182 2252 2266 2196 
1189 2182 2252 2266 2196 2183 2253 2267 2197 
1190 2183 2253 2267 2197 2184 2254 2268 2198 
1191 2184 2254 2268 2198 2185 2255 2269 2199 
1192 2185 2255 2269 2199 2186 2256 2270 2200 
1193 2186 2256 2270 2200 2187 2257 2271 2201 
1194 2187 2257 2271 2201 2188 2258 2272 2202 
1195 2188 2258 2272 2202 2189 2259 2273 2203 
1196 2189 2259 2273 2203 2190 2260 2274 2204 
1197 2190 2260 2274 2204 514 519 520 515 
1198 365 370 371 366 2191 2261 2275 2205 
1199 2191 2261 2275 2205 2192 2262 2276 2206 
1200 2192 2262 2276 2206 2193 2263 2277 2207 
1201 2193 2263 2277 2207 2194 2264 2278 2208 
1202 2194 2264 2278 2208 2195 2265 2279 2209 
1203 2195 2265 2279 2209 2196 2266 2280 2210 
1204 2196 2266 2280 2210 2197 2267 2281 2211 
1205 2197 2267 2281 2211 2198 2268 2282 2212 
1206 2198 2268 2282 2212 2199 2269 2283 2213 
1207 2199 2269 2283 2213 2200 2270 2284 2214 
1208 2200 2270 2284 2214 2201 2271 2285 2215 
1209 2201 2271 2285 2215 2202 2272 2286 2216 
1210 2202 2272 2286 2216 2203 2273 2287 2217 
1211 2203 2273 2287 2217 2204 2274 2288 2218 
1212 2204 2274 2288 2218 515 520 521 516 
1213 366 371 372 367 2205 2275 2289 2219 
1214 2205 2275 2289 2219 2206 2276 2290 2220 
1215 2206 2276 2290 2220 2207 2277 2291 2221 
1216 2207 2277 2291 2221 2208 2278 2292 2222 
1217 2208 2278 2292 2222 2209 2279 2293 2223 
1218 2209 2279 2293 2223 2210 2280 2294 2224 
1219 2210 2280 2294 2224 2211 2281 2295 2225 
1220 2211 2281 2295 2225 2212 2282 2296 2226 
1221 2212 2282 2296 2226 2213 2283 2297 2227 
1222 2213 2283 2297 2227 2214 2284 2298 2228 
1223 2214 2284 2298 2228 2215 2285 2299 2229 
1224 2215 2285 2299 2229 2216 2286 2300 2230 
1225 2216 2286 2300 2230 2217 2287 2301 2231 
1226 2217 2287 2301 2231 2218 2288 2302 2232 
1227 2218 2288 2302 2232 516 521 522 517 
1228 367 372 57 58 2219 2289 1081 1095 
1229 2219 2289 1081 1095 2220 2290 1082 1096 
1230 2220 2290 1082 1096 2221 2291 1083 1097 
1231 2221 2291 1083 1097 2222 2292 1084 1098 
1232 2222 2292 1084 1098 2223 2293 1085 1099 
1233 2223 2293 1085 1099 2224 2294 1086 1100 
1234 2224 2294 1086 1100 2225 2295 1087 1101 
1235 2225 2295 1087 1101 2226 2296 1088 1102 
1236 2226 2296 1088 1102 2227 2297 1089 1103 
1237 2227 2297 1089 1103 2228 2298 1090 1104 
1238 2228 2298 1090 1104 2229 2299 1091 1105 
1239 2229 2299 1091 1105 2230 2300 1092 1106 
1240 2230 2300 1092 1106 2231 2301 1093 1107 
1241 2231 2301 1093 1107 2232 2302 1094 1108 
1242 2232 2302 1094 1108 517 522 117 118 
1243 47 48 373 368 941 955 2303 2233 
1244 941 955 2303 2233 942 956 2304 2234 
1245 942 956 2304 2234 943 957 2305 2235 
1246 943 957 2305 2235 944 958 2306 2236 
1247 944 958 2306 2236 945 959 2307 2237 
1248 945 959 2307 2237 946 960 2308 2238 
1249 946 960 2308 2238 947 961 2309 2239 
1250 947 961 2309 2239 948 962 2310 2240 
1251 948 962 2310 2240 949 963 2311 2241 
1252 949 963 2311 2241 950 964 2312 2242 
1253 950 964 2312 2242 951 965 2313 2243 
1254 951 965 2313 2243 952 966 2314 2244 
1255 952 966 2314 2244 953 967 2315 2245 
1256 953 967 2315 2245 954 968 2316 2246 
1257 954 968 2316 2246 107 108 523 518 
1258 368 373 374 369 2233 2303 2317 2247 
1259 2233 2303 2317 2247 2234 2304 2318 2248 
1260 2234 2304 2318 2248 2235 2305 2319 2249 
1261 2235 2305 2319 2249 2236 2306 2320 2250 
1262 2236 2306 2320 2250 2237 2307 2321 2251 
1263 2237 2307 2321 2251 2238 2308 2322 2252 
1264 2238 2308 2322 2252 2239 2309 2323 2253 
1265 2239 2309 2323 2253 2240 2310 2324 2254 
1266 2240 2310 2324 2254 2241 2311 2325 2255 
1267 2241 2311 2325 2255 2242 2312 2326 2256 
1268 2242 2312 2326 2256 2243 2313 2327 2257 
1269 2243 2313 2327 2257 2244 2314 2328 2258 
1270 2244 2314 2328 2258 2245 2315 2329 2259 
1271 2245 2315 2329 2259 2246 2316 2330 2260 
1272 2246 2316 2330 2260 518 523 524 519 
1273 369 374 375 370 2247 2317 2331 2261 
1274 2247 2317 2331 2261 2248 2318 2332 2262 
1275 2248 2318 2332 2262 2249 2319 2333 2263 
1276 2249 2319 2333 2263 2250 2320 2334 2264 
1277 2250 2320 2334 2264 2251 2321 2335 2265 
1278 2251 2321 2335 2265 2252 2322 2336 2266 
1279 2252 2322 2336 2266 2253 2323 2337 2267 
1280 2253 2323 2337 2267 2254 2324 2338 2268 
1281 2254 2324 2338 2268 2255 2325 2339 2269 
1282 2255 2325 2339 2269 2256 2326 2340 2270 
1283 2256 2326 2340 2270 2257 2327 2341 2271 
1284 2257 2327 2341 2271 2258 2328 2342 2272 
1285 2258 2328 2342 2272 2259 2329 2343 2273 
1286 2259 2329 2343 2273 2260 2330 2344 2274 
1287 2260 2330 2344 2274 519 524 525 520 
1288 370 375 376 371 2261 2331 2345 2275 
1289 2261 2331 2345 2275 2262 2332 2346 2276 
1290 2262 2332 2346 2276 2263 2333 2347 2277 
1291 2263 2333 2347 2277 2264 2334 2348 2278 
1292 2264 2334 2348 2278 2265 2335 2349 2279 
1293 2265 2335 2349 2279 2266 2336 2350 2280 
1294 2266 2336 2350 2280 2267 2337 2351 2281 
1295 2267 2337 2351 2281 2268 2338 2352 2282 
1296 2268 2338 2352 2282 2269 2339 2353 2283 
1297 2269 2339 2353 2283 2270 2340 2354 2284 
1298 2270 2340 2354 2284 2271 2341 2355 2285 
1299 2271 2341 2355 2285 2272 2342 2356 2286 
1300 2272 2342 2356 2286 2273 2343 2357 2287 
1301 2273 2343 2357 2287 2274 2344 2358 2288 
1302 2274 2344 2358 2288 520 525 526 521 
1303 371 376 377 372 2275 2345 2359 2289 
1304 2275 2345 2359 2289 2276 2346 2360 2290 
1305 2276 2346 2360 2290 2277 2347 2361 2291 
1306 2277 2347 2361 2291 2278 2348 2362 2292 
1307 2278 2348 2362 2292 2279 2349 2363 2293 
1308 2279 2349 2363 2293 2280 2350 2364 2294 
1309 2280 2350 2364 2294 2281 2351 2365 2295 
1310 2281 2351 2365 2295 2282 2352 2366 2296 
1311 2282 2352 2366 2296 2283 2353 2367 2297 
1312 2283 2353 2367 2297 2284 2354 2368 2298 
1313 2284 2354 2368 2298 2285 2355 2369 2299 
1314 2285 2355 2369 2299 2286 2356 2370 2300 
1315 2286 2356 2370 2300 2287 2357 2371 2301 
1316 2287 2357 2371 2301 2288 2358 2372 2302 
1317 2288 2358 2372 2302 521 526 527 522 
1318 372 377 56 57 2289 2359 1067 1081 
1319 2289 2359 1067 1081 2290 2360 1068 1082 
1320 2290 2360 1068 1082 2291 2361 1069 1083 
1321 2291 2361 1069 1083 2292 2362 1070 1084 
1322 2292 2362 1070 1084 2293 2363 1071 1085 
1323 2293 2363 1071 1085 2294 2364 1072 1086 
1324 2294 2364 1072 1086 2295 2365 1073 1087 
1325 2295 2365 1073 1087 2296 2366 1074 1088 
1326 2296 2366 1074 1088 2297 2367 1075 1089 
1327 2297 2367 1075 1089 2298 2368 1076 1090 
1328 2298 2368 1076 1090 2299 2369 1077 1091 
1329 2299 2369 1077 1091 2300 2370 1078 1092 
1330 2300 2370 1078 1092 2301 2371 1079 1093 
1331 2301 2371 1079 1093 2302 2372 1080 1094 
1332 2302 2372 1080 1094 522 527 116 117 
1333 48 49 378 373 955 969 2373 2303 
1334 955 969 2373 2303 956 970 2374 2304 
1335 956 970 2374 2304 957 971 2375 2305 
1336 957 971 2375 2305 958 972 2376 2306 
1337 958 972 2376 2306 959 973 2377 2307 
1338 959 973 2377 2307 960 974 2378 2308 
1339 960 974 2378 2308 961 975 2379 2309 
1340 961 975 2379 2309 962 976 2380 2310 
1341 962 976 2380 2310 963 977 2381 2311 
1342 963 977 2381 2311 964 978 2382 2312 
1343 964 978 2382 2312 965 979 2383 2313 
1344 965 979 2383 2313 966 980 2384 2314 
1345 966 980 2384 2314 967 981 2385 2315 
1346 967 981 2385 2315 968 982 2386 2316 
1347 968 982 2386 2316 108 109 528 523 
1348 373 378 379 374 2303 2373 2387 2317 
1349 2303 2373 2387 2317 2304 2374 2388 2318 
1350 2304 2374 2388 2318 2305 2375 2389 2319 
1351 2305 2375 2389 2319 2306 2376 2390 2320 
1352 2306 2376 2390 2320 2307 2377 2391 2321 
1353 2307 2377 2391 2321 2308 2378 2392 2322 
1354 2308 2378 2392 2322 2309 2379 2393 2323 
1355 2309 2379 2393 2323 2310 2380 2394 2324 
1356 2310 2380 2394 2324 2311 2381 2395 2325 
1357 2311 2381 2395 2325 2312 2382 2396 2326 
1358 2312 2382 2396 2326 2313 2383 2397 2327 
1359 2313 2383 2397 2327 2314 2384 2398 2328 
1360 2314 2384 2398 2328 2315 2385 2399 2329 
1361 2315 2385 2399 2329 2316 2386 2400 2330 
1362 2316 2386 2400 2330 523 528 529 524 
1363 374 379 380 375 2317 2387 2401 2331 
1364 2317 2387 2401 2331 2318 2388 2402 2332 
1365 2318 2388 2402 2332 2319 2389 2403 2333 
1366 2319 2389 2403 2333 2320 2390 2404 2334 
1367 2320 2390 2404 2334 2321 2391 2405 2335 
1368 2321 2391 2405 2335 2322 2392 2406 2336 
1369 2322 2392 2406 2336 2323 2393 2407 2337 
1370 2323 2393 2407 2337 2324 2394 2408 2338 
1371 2324 2394 2408 2338 2325 2395 2409 2339 
1372 2325 2395 2409 2339 2326 2396 2410 2340 
1373 2326 2396 2410 2340 2327 2397 2411 2341 
1374 2327 2397 2411 2341 2328 2398 2412 2342 
1375 2328 2398 2412 2342 2329 2399 2413 2343 
1376 2329 2399 2413 2343 2330 2400 2414 2344 
1377 2330 2400 2414 2344 524 529 530 525 
1378 375 380 381 376 2331 2401 2415 2345 
1379 2331 2401 2415 2345 2332 2402 2416 2346 
1380 2332 2402 2416 2346 2333 2403 2417 2347 
1381 2333 2403 2417 2347 2334 2404 2418 2348 
1382 2334 2404 2418 2348 2335 2405 2419 2349 
1383 2335 2405 2419 2349 2336 2406 2420 2350 
1384 2336 2406 2420 2350 2337 2407 2421 2351 
1385 2337 2407 2421 2351 2338 2408 2422 2352 
1386 2338 2408 2422 2352 2339 2409 2423 2353 
1387 2339 2409 2423 2353 2340 2410 2424 2354 
1388 2340 2410 2424 2354 2341 2411 2425 2355 
1389 2341 2411 2425 2355 2342 2412 2426 2356 
1390 2342 2412 2426 2356 2343 2413 2427 2357 
1391 2343 2413 2427 2357 2344 2414 2428 2358 
1392 2344 2414 2428 2358 525 530 531 526 
1393 376 381 382 377 2345 2415 2429 2359 
1394 2345 2415 2429 2359 2346 2416 2430 2360 
1395 2346 2416 2430 2360 2347 2417 2431 2361 
1396 2347 2417 2431 2361 2348 2418 2432 2362 
1397 2348 2418 2432 2362 2349 2419 2433 2363 
1398 2349 2419 2433 2363 2350 2420 2434 2364 
1399 2350 2420 2434 2364 2351 2421 2435 2365 
1400 2351 2421 2435 2365 2352 2422 2436 2366 
1401 2352 2422 2436 2366 2353 2423 2437 2367 
1402 2353 2423 2437 2367 2354 2424 2438 2368 
1403 2354 2424 2438 2368 2355 2425 2439 2369 
1404 2355 2425 2439 2369 2356 2426 2440 2370 
1405 2356 2426 2440 2370 2357 2427 2441 2371 
1406 2357 2427 2441 2371 2358 2428 2442 2372 
1407 2358 2428 2442 2372 526 531 532 527 
1408 377 382 55 56 2359 2429 1053 1067 
1409 2359 2429 1053 1067 2360 2430 1054 1068 
1410 2360 2430 1054 1068 2361 2431 1055 1069 
1411 2361 2431 1055 1069 2362 2432 1056 1070 
1412 2362 2432 1056 1070 2363 2433 1057 1071 
1413 2363 2433 1057 1071 2364 2434 1058 1072 
1414 2364 2434 1058 1072 2365 2435 1059 1073 
1415 2365 2435 1059 1073 2366 2436 1060 1074 
1416 2366 2436 1060 1074 2367 2437 1061 1075 
1417 2367 2437 1061 1075 2368 2438 1062 1076 
1418 2368 2438 1062 1076 2369 2439 1063 1077 
1419 2369 2439 1063 1077 2370 2440 1064 1078 
1420 2370 2440 1064 1078 2371 2441 1065 1079 
1421 2371 2441 1065 1079 2372 2442 1066 1080 
1422 2372 2442 1066 1080 527 532 115 116 
1423 49 6 50 378 969 215 983 2373 
1424 969 215 983 2373 970 216 984 2374 
1425 970 216 984 2374 971 217 985 2375 
1426 971 217 985 2375 972 218 986 2376 
1427 972 218 986 2376 973 219 987 2377 
1428 973 219 987 2377 974 220 988 2378 
1429 974 220 988 2378 975 221 989 2379 
1430 975 221 989 2379 976 222 990 2380 
1431 976 222 990 2380 977 223 991 2381 
1432 977 223 991 2381 978 224 992 2382 
1433 978 224 992 2382 979 225 993 2383 
1434 979 225 993 2383 980 226 994 2384 
1435 980 226 994 2384 981 227 995 2385 
1436 981 227 995 2385 982 228 996 2386 
1437 982 228 996 2386 109 14 110 528 
1438 378 50 51 379 2373 983 997 2387 
1439 2373 983 997 2387 2374 984 998 2388 
1440 2374 984 998 2388 2375 985 999 2389 
1441 2375 985 999 2389 2376 986 1000 2390 
1442 2376 986 1000 2390 2377 987 1001 2391 
1443 2377 987 1001 2391 2378 988 1002 2392 
1444 2378 988 1002 2392 2379 989 1003 2393 
1445 2379 989 1003 2393 2380 990 1004 2394 
1446 2380 990 1004 2394 2381 991 1005 2395 
1447 2381 991 1005 2395 2382 992 1006 2396 
1448 2382 992 1006 2396 2383 993 1007 2397 
1449 2383 993 1007 2397 2384 994 1008 2398 
1450 2384 994 1008 2398 2385 995 1009 2399 
1451 2385 995 1009 2399 2386 996 1010 2400 
1452 2386 996 1010 2400 528 110 111 529 
1453 379 51 52 380 2387 997 1011 2401 
1454 2387 997 1011 2401 2388 998 1012 2402 
1455 2388 998 1012 2402 2389 999 1013 2403 
1456 2389 999 1013 2403 2390 1000 1014 2404 
1457 2390 1000 1014 2404 2391 1001 1015 2405 
1458 2391 1001 1015 2405 2392 1002 1016 2406 
1459 2392 1002 1016 2406 2393 1003 1017 2407 
1460 2393 1003 1017 2407 2394 1004 1018 2408 
1461 2394 1004 1018 2408 2395 1005 1019 2409 
1462 2395 1005 1019 2409 2396 1006 1020 2410 
1463 2396 1006 1020 2410 2397 1007 1021 2411 
1464 2397 1007 1021 2411 2398 1008 1022 2412 
1465 2398 1008 1022 2412 2399 1009 1023 2413 
1466 2399 1009 1023 2413 2400 1010 1024 2414 
1467 2400 1010 1024 2414 529 111 112 530 
1468 380 52 53 381 2401 1011 1025 2415 
1469 2401 1011 1025 2415 2402 1012 1026 2416 
1470 2402 1012 1026 2416 2403 1013 1027 2417 
1471 2403 1013 1027 2417 2404 1014 1028 2418 
1472 2404 1014 1028 2418 2405 1015 1029 2419 
1473 2405 1015 1029 2419 2406 1016 1030 2420 
1474 2406 1016 1030 2420 2407 1017 1031 2421 
1475 2407 1017 1031 2421 2408 1018 1032 2422 
1476 2408 1018 1032 2422 2409 1019 1033 2423 
1477 2409 1019 1033 2423 2410 1020 1034 2424 
1478 2410 1020 1034 2424 2411 1021 1035 2425 
1479 2411 1021 1035 2425 2412 1022 1036 2426 
1480 2412 1022 1036 2426 2413 1023 1037 2427 
1481 2413 1023 1037 2427 2414 1024 1038 2428 
1482 2414 1024 1038 2428 530 112 113 531 
1483 381 53 54 382 2415 1025 1039 2429 
1484 2415 1025 1039 2429 2416 1026 1040 2430 
1485 2416 1026 1040 2430 2417 1027 1041 2431 
1486 2417 1027 1041 2431 2418 1028 1042 2432 
1487 2418 1028 1042 2432 2419 1029 1043 2433 
1488 2419 1029 1043 2433 2420 1030 1044 2434 
1489 2420 1030 1044 2434 2421 1031 1045 2435 
1490 2421 1031 1045 2435 2422 1032 1046 2436 
1491 2422 1032 1046 2436 2423 1033 1047 2437 
1492 2423 1033 1047 2437 2424 1034 1048 2438 
1493 2424 1034 1048 2438 2425 1035 1049 2439 
1494 2425 1035 1049 2439 2426 1036 1050 2440 
1495 2426 1036 1050 2440 2427 1037 1051 2441 
1496 2427 1037 1051 2441 2428 1038 1052 2442 
1497 2428 1038 1052 2442 531 113 114 532 
1498 382 54 7 55 2429 1039 229 1053 
1499 2429 1039 229 1053 2430 1040 230 1054 
1500 2430 1040 230 1054 2431 1041 231 1055 
1501 2431 1041 231 1055 2432 1042 232 1056 
1502 2432 1042 232 1056 2433 1043 233 1057 
1503 2433 1043 233 1057 2434 1044 234 1058 
1504 2434 1044 234 1058 2435 1045 235 1059 
1505 2435 1045 235 1059 2436 1046 236 1060 
1506 2436 1046 236 1060 2437 1047 237 1061 
1507 2437 1047 237 1061 2438 1048 238 1062 
1508 2438 1048 238 1062 2439 1049 239 1063 
1509 2439 1049 239 1063 2440 1050 240 1064 
1510 2440 1050 240 1064 2441 1051 241 1065 
1511 2441 1051 241 1065 2442 1052 242 1066 
1512 2442 1052 242 1066 532 114 15 115 
3 3 5 540
1513 1 25 383 65 145 633 2443 1193 
1514 145 633 2443 1193 146 634 2444 1194 
1515 146 634 2444 1194 147 635 2445 1195 
1516 147 635 2445 1195 148 636 2446 1196 
1517 148 636 2446 1196 149 637 2447 1197 
1518 149 637 2447 1197 150 638 2448 1198 
1519 150 638 2448 1198 151 639 2449 1199 
1520 151 639 2449 1199 152 640 2450 1200 
1521 152 640 2450 1200 153 641 2451 1201 
1522 153 641 2451 1201 154 642 2452 1202 
1523 154 642 2452 1202 155 643 2453 1203 
1524 155 643 2453 1203 156 644 2454 1204 
1525 156 644 2454 1204 157 645 2455 1205 
1526 157 645 2455 1205 158 646 2456 1206 
1527 158 646 2456 1206 9 85 533 125 
1528 65 383 384 66 1193 2443 2457 1207 
1529 1193 2443 2457 1207 1194 2444 2458 1208 
1530 1194 2444 2458 1208 1195 2445 2459 1209 
1531 1195 2445 2459 1209 1196 2446 2460 1210 
1532 1196 2446 2460 1210 1197 2447 2461 1211 
1533 1197 2447 2461 1211 1198 2448 2462 1212 
1534 1198 2448 2462 1212 1199 2449 2463 1213 
1535 1199 2449 2463 1213 1200 2450 2464 1214 
1536 1200 2450 2464 1214 1201 2451 2465 1215 
1537 1201 2451 2465 1215 1202 2452 2466 1216 
1538 1202 2452 2466 1216 1203 2453 2467 1217 
1539 1203 2453 2467 1217 1204 2454 2468 1218 
1540 1204 2454 2468 1218 1205 2455 2469 1219 
1541 1205 2455 2469 1219 1206 2456 2470 1220 
1542 1206 2456 2470 1220 125 533 534 126 
1543 66 384 385 67 1207 2457 2471 1221 
1544 1207 2457 2471 1221 1208 2458 2472 1222 
1545 1208 2458 2472 1222 1209 2459 2473 1223 
1546 1209 2459 2473 1223 1210 2460 2474 1224 
1547 1210 2460 2474 1224 1211 2461 2475 1225 
1548 1211 2461 2475 1225 1212 2462 2476 1226 
1549 1212 2462 2476 1226 1213 2463 2477 1227 
1550 1213 2463 2477 1227 1214 2464 2478 1228 
1551 1214 2464 2478 1228 1215 2465 2479 1229 
1552 1215 2465 2479 1229 1216 2466 2480 1230 
1553 1216 2466 2480 1230 1217 2467 2481 1231 
1554 1217 2467 2481 1231 1218 2468 2482 1232 
1555 1218 2468 2482 1232 1219 2469 2483 1233 
1556 1219 2469 2483 1233 1220 2470 2484 1234 
1557 1220 2470 2484 1234 126 534 535 127 
1558 67 385 386 68 1221 2471 2485 1235 
1559 1221 2471 2485 1235 1222 2472 2486 1236 
1560 1222 2472 2486 1236 1223 2473 2487 1237 
1561 1223 2473 2487 1237 1224 2474 2488 1238 
1562 1224 2474 2488 1238 1225 2475 2489 1239 
1563 1225 2475 2489 1239 1226 2476 2490 1240 
1564 1226 2476 2490 1240 1227 2477 2491 1241 
1565 1227 2477 2491 1241 1228 2478 2492 1242 
1566 1228 2478 2492 1242 1229 2479 2493 1243 
1567 1229 2479 2493 1243 1230 2480 2494 1244 
1568 1230 2480 2494 1244 1231 2481 2495 1245 
1569 1231 2481 2495 1245 1232 2482 2496 1246 
1570 1232 2482 2496 1246 1233 2483 2497 1247 
1571 1233 2483 2497 1247 1234 2484 2498 1248 
1572 1234 2484 2498 1248 127 535 536 128 
1573 68 386 387 69 1235 2485 2499 1249 
1574 1235 2485 2499 1249 1236 2486 2500 1250 
1575 1236 2486 2500 1250 1237 2487 2501 1251 
1576 1237 2487 2501 1251 1238 2488 2502 1252 
1577 1238 2488 2502 1252 1239 2489 2503 1253 
1578 1239 2489 2503 1253 1240 2490 2504 1254 
1579 1240 2490 2504 1254 1241 2491 2505 1255 
1580 1241 2491 2505 1255 1242 2492 2506 1256 
1581 1242 2492 2506 1256 1243 2493 2507 1257 
1582 1243 2493 2507 1257 1244 2494 2508 1258 
1583 1244 2494 2508 1258 1245 2495 2509 1259 
1584 1245 2495 2509 1259 1246 2496 2510 1260 
1585 1246 2496 2510 1260 1247 2497 2511 1261 
1586 1247 2497 2511 1261 1248 2498 2512 1262 
1587 1248 2498 2512 1262 128 536 537 129 
1588 69 387 45 5 1249 2499 913 201 
1589 1249 2499 913 201 1250 2500 914 202 
1590 1250 2500 914 202 1251 2501 915 203 
1591 1251 2501 915 203 1252 2502 916 204 
1592 1252 2502 916 204 1253 2503 917 205 
1593 1253 2503 917 205 1254 2504 918 206 
1594 1254 2504 918 206 1255 2505 919 207 
1595 1255 2505 919 207 1256 2506 920 208 
1596 1256 2506 920 208 1257 2507 921 209 
1597 1257 2507 921 209 1258 2508 922 210 
1598 1258 2508 922 210 1259 2509 923 211 
1599 1259 2509 923 211 1260 2510 924 212 
1600 1260 2510 924 212 1261 2511 925 213 
1601 1261 2511 925 213 1262 2512 926 214 
1602 1262 2512 926 214 129 537 105 13 
1603 25 26 388 383 633 647 2513 2443 
1604 633 647 2513 2443 634 648 2514 2444 
1605 634 648 2514 2444 635 649 2515 2445 
1606 635 649 2515 2445 636 650 2516 2446 
1607 636 650 2516 2446 637 651 2517 2447 
1608 637 651 2517 2447 638 652 2518 2448 
1609 638 652 2518 2448 639 653 2519 2449 
1610 639 653 2519 2449 640 654 2520 2450 
1611 640 654 2520 2450 641 655 2521 2451 
1612 641 655 2521 2451 642 656 2522 2452 
1613 642 656 2522 2452 643 657 2523 2453 
1614 643 657 2523 2453 644 658 2524 2454 
1615 644 658 2524 2454 645 659 2525 2455 
1616 645 659 2525 2455 646 660 2526 2456 
1617 646 660 2526 2456 85 86 538 533 
1618 383 388 389 384 2443 2513 2527 2457 
1619 2443 2513 2527 2457 2444 2514 2528 2458 
1620 2444 2514 2528 2458 2445 2515 2529 2459 
1621 2445 2515 2529 2459 2446 2516 2530 2460 
1622 2446 2516 2530 2460 2447 2517 2531 2461 
1623 2447 2517 2531 2461 2448 2518 2532 2462 
1624 2448 2518 2532 2462 2449 2519 2533 2463 
1625 2449 2519 2533 2463 2450 2520 2534 2464 
1626 2450 2520 2534 2464 2451 2521 2535 2465 
1627 2451 2521 2535 2465 2452 2522 2536 2466 
1628 2452 2522 2536 2466 2453 2523 2537 2467 
1629 2453 2523 2537 2467 2454 2524 2538 2468 
1630 2454 2524 2538 2468 2455 2525 2539 2469 
1631 2455 2525 2539 2469 2456 2526 2540 2470 
1632 2456 2526 2540 2470 533 538 539 534 
1633 384 389 390 385 2457 2527 2541 2471 
1634 2457 2527 2541 2471 2458 2528 2542 2472 
1635 2458 2528 2542 2472 2459 2529 2543 2473 
1636 2459 2529 2543 2473 2460 2530 2544 2474 
1637 2460 2530 2544 2474 2461 2531 2545 2475 
1638 2461 2531 2545 2475 2462 2532 2546 2476 
1639 2462 2532 2546 2476 2463 2533 2547 2477 
1640 2463 2533 2547 2477 2464 2534 2548 2478 
1641 2464 2534 2548 2478 2465 2535 2549 2479 
1642 2465 2535 2549 2479 2466 2536 2550 2480 
1643 2466 2536 2550 2480 2467 2537 2551 2481 
1644 2467 2537 2551 2481 2468 2538 2552 2482 
1645 2468 2538 2552 2482 2469 2539 2553 2483 
1646 2469 2539 2553 2483 2470 2540 2554 2484 
1647 2470 2540 2554 2484 534 539 540 535 
1648 385 390 391 386 2471 2541 2555 2485 
1649 2471 2541 2555 2485 2472 2542 2556 2486 
1650 2472 2542 2556 2486 2473 2543 2557 2487 
1651 2473 2543 2557 2487 2474 2544 2558 2488 
1652 2474 2544 2558 2488 2475 2545 2559 2489 
1653 2475 2545 2559 2489 2476 2546 2560 2490 
1654 2476 2546 2560 2490 2477 2547 2561 2491 
1655 2477 2547 2561 2491 2478 2548 2562 2492 
1656 2478 2548 2562 2492 2479 2549 2563 2493 
1657 2479 2549 2563 2493 2480 2550 2564 2494 
1658 2480 2550 2564 2494 2481 2551 2565 2495 
1659 2481 2551 2565 2495 2482 2552 2566 2496 
1660 2482 2552 2566 2496 2483 2553 2567 2497 
1661 2483 2553 2567 2497 2484 2554 2568 2498 
1662 2484 2554 2568 2498 535 540 541 536 
1663 386 391 392 387 2485 2555 2569 2499 
1664 2485 2555 2569 2499 2486 2556 2570 2500 
1665 2486 2556 2570 2500 2487 2557 2571 2501 
1666 2487 2557 2571 2501 2488 2558 2572 2502 
1667 2488 2558 2572 2502 2489 2559 2573 2503 
1668 2489 2559 2573 2503 2490 2560 2574 2504 
1669 2490 2560 2574 2504 2491 2561 2575 2505 
1670 2491 2561 2575 2505 2492 2562 2576 2506 
1671 2492 2562 2576 2506 2493 2563 2577 2507 
1672 2493 2563 2577 2507 2494 2564 2578 2508 
1673 2494 2564 2578 2508 2495 2565 2579 2509 
1674 2495 2565 2579 2509 2496 2566 2580 2510 
1675 2496 2566 2580 2510 2497 2567 2581 2511 
1676 2497 2567 2581 2511 2498 2568 2582 2512 
1677 2498 2568 2582 2512 536 541 542 537 
1678 387 392 46 45 2499 2569 927 913 
1679 2499 2569 927 913 2500 2570 928 914 
1680 2500 2570 928 914 2501 2571 929 915 
1681 2501 2571 929 915 2502 2572 930 916 
1682 2502 2572 930 916 2503 2573 931 917 
1683 2503 2573 931 917 2504 2574 932 918 
1684 2504 2574 932 918 2505 2575 933 919 
1685 2505 2575 933 919 2506 2576 934 920 
1686 2506 2576 934 920 2507 2577 935 921 
1687 2507 2577 935 921 2508 2578 936 922 
1688 2508 2578 936 922 2509 2579 937 923 
1689 2509 2579 937 923 2510 2580 938 924 
1690 2510 2580 938 924 2511 2581 939 925 
1691 2511 2581 939 925 2512 2582 940 926 
1692 2512 2582 940 926 537 542 106 105 
1693 26 27 393 388 647 661 2583 2513 
1694 647 661 2583 2513 648 662 2584 2514 
1695 648 662 2584 2514 649 663 2585 2515 
1696 649 663 2585 2515 650 664 2586 2516 
1697 650 664 2586 2516 651 665 2587 2517 
1698 651 665 2587 2517 652 666 2588 2518 
1699 652 666 2588 2518 653 667 2589 2519 
1700 653 667 2589 2519 654 668 2590 2520 
1701 654 668 2590 2520 655 669 2591 2521 
1702 655 669 2591 2521 656 670 2592 2522 
1703 656 670 2592 2522 657 671 2593 2523 
1704 657 671 2593 2523 658 672 2594 2524 
1705 658 672 2594 2524 659 673 2595 2525 
1706 659 673 2595 2525 660 674 2596 2526 
1707 660 674 2596 2526 86 87 543 538 
1708 388 393 394 389 2513 2583 2597 2527 
1709 2513 2583 2597 2527 2514 2584 2598 2528 
1710 2514 2584 2598 2528 2515 2585 2599 2529 
1711 2515 2585 2599 2529 2516 2586 2600 2530 
1712 2516 2586 2600 2530 2517 2587 2601 2531 
1713 2517 2587 2601 2531 2518 2588 2602 2532 
1714 2518 2588 2602 2532 2519 2589 2603 2533 
1715 2519 2589 2603 2533 2520 2590 2604 2534 
1716 2520 2590 2604 2534 2521 2591 2605 2535 
1717 2521 2591 2605 2535 2522 2592 2606 2536 
1718 2522 2592 2606 2536 2523 2593 2607 2537 
1719 2523 2593 2607 2537 2524 2594 2608 2538 
1720 2524 2594 2608 2538 2525 2595 2609 2539 
1721 2525 2595 2609 2539 2526 2596 2610 2540 
1722 2526 2596 2610 2540 538 543 544 539 
1723 389 394 395 390 2527 2597 2611 2541 
1724 2527 2597 2611 2541 2528 2598 2612 2542 
1725 2528 2598 2612 2542 2529 2599 2613 2543 
1726 2529 2599 2613 2543 2530 2600 2614 2544 
1727 2530 2600 2614 2544 2531 2601 2615 2545 
1728 2531 2601 2615 2545 2532 2602 2616 2546 
1729 2532 2602 2616 2546 2533 2603 2617 2547 
1730 2533 2603 2617 2547 2534 2604 2618 2548 
1731 2534 2604 2618 2548 2535 2605 2619 2549 
1732 2535 2605 2619 2549 2536 2606 2620 2550 
1733 2536 2606 2620 2550 2537 2607 2621 2551 
1734 2537 2607 2621 2551 2538 2608 2622 2552 
1735 2538 2608 2622 2552 2539 2609 2623 2553 
1736 2539 2609 2623 2553 2540 2610 2624 2554 
1737 2540 2610 2624 2554 539 544 545 540 
1738 390 395 396 391 2541 2611 2625 2555 
1739 2541 2611 2625 2555 2542 2612 2626 2556 
1740 2542 2612 2626 2556 2543 2613 2627 2557 
1741 2543 2613 2627 2557 2544 2614 2628 2558 
1742 2544 2614 2628 2558 2545 2615 2629 2559 
1743 2545 2615 2629 2559 2546 2616 2630 2560 
1744 2546 2616 2630 2560 2547 2617 2631 2561 
1745 2547 2617 2631 2561 2548 2618 2632 2562 
1746 2548 2618 2632 2562 2549 2619 2633 2563 
1747 2549 2619 2633 2563 2550 2620 2634 2564 
1748 2550 2620 2634 2564 2551 2621 2635 2565 
1749 2551 2621 2635 2565 2552 2622 2636 2566 
1750 2552 2622 2636 2566 2553 2623 2637 2567 
1751 2553 2623 2637 2567 2554 2624 2638 2568 
1752 2554 2624 2638 2568 540 545 546 541 
1753 391 396 397 392 2555 2625 2639 2569 
1754 2555 2625 2639 2569 2556 2626 2640 2570 
1755 2556 2626 2640 2570 2557 2627 2641 2571 
1756 2557 2627 2641 2571 2558 2628 2642 2572 
1757 2558 2628 2642 2572 2559 2629 2643 2573 
1758 2559 2629 2643 2573 2560 2630 2644 2574 
1759 2560 2630 2644 2574 2561 2631 2645 2575 
1760 2561 2631 2645 2575 2562 2632 2646 2576 
1761 2562 2632 2646 2576 2563 2633 2647 2577 
1762 2563 2633 2647 2577 2564 2634 2648 2578 
1763 2564 2634 2648 2578 2565 2635 2649 2579 
1764 2565 2635 2649 2579 2566 2636 2650 2580 
1765 2566 2636 2650 2580 2567 2637 2651 2581 
1766 2567 2637 2651 2581 2568 2638 2652 2582 
1767 2568 2638 2652 2582 541 546 547 542 
1768 392 397 47 46 2569 2639 941 927 
1769 2569 2639 941 927 2570 2640 942 928 
1770 2570 2640 942 928 2571 2641 943 929 
1771 2571 2641 943 929 2572 2642 944 930 
1772 2572 2642 944 930 2573 2643 945 931 
1773 2573 2643 945 931 2574 2644 946 932 
1774 2574 2644 946 932 2575 2645 947 933 
1775 2575 2645 947 933 2576 2646 948 934 
1776 2576 2646 948 934 2577 2647 949 935 
1777 2577 2647 949 935 2578 2648 950 936 
1778 2578 2648 950 936 2579 2649 951 937 
1779 2579 2649 951 937 2580 2650 952 938 
1780 2580 2650 952 938 2581 2651 953 939 
1781 2581 2651 953 939 2582 2652 954 940 
1782 2582 2652 954 940 542 547 107 106 
1783 27 28 398 393 661 675 2653 2583 
1784 661 675 2653 2583 662 676 2654 2584 
1785 662 676 2654 2584 663 677 2655 2585 
1786 663 677 2655 2585 664 678 2656 2586 
1787 664 678 2656 2586 665 679 2657 2587 
1788 665 679 2657 2587 666 680 2658 2588 
1789 666 680 2658 2588 667 681 2659 2589 
1790 667 681 2659 2589 668 682 2660 2590 
1791 668 682 2660 2590 669 683 2661 2591 
1792 669 683 2661 2591 670 684 2662 2592 
1793 670 684 2662 2592 671 685 2663 2593 
1794 671 685 2663 2593 672 686 2664 2594 
1795 672 686 2664 2594 673 687 2665 2595 
1796 673 687 2665 2595 674 688 2666 2596 
1797 674 688 2666 2596 87 88 548 543 
1798 393 398 399 394 2583 2653 2667 2597 
1799 2583 2653 2667 2597 2584 2654 2668 2598 
1800 2584 2654 2668 2598 2585 2655 2669 2599 
1801 2585 2655 2669 2599 2586 2656 2670 2600 
1802 2586 2656 2670 2600 2587 2657 2671 2601 
1803 2587 2657 2671 2601 2588 2658 2672 2602 
1804 2588 2658 2672 2602 2589 2659 2673 2603 
1805 2589 2659 2673 2603 2590 2660 2674 2604 
1806 2590 2660 2674 2604 2591 2661 2675 2605 
1807 2591 2661 2675 2605 2592 2662 2676 2606 
1808 2592 2662 2676 2606 2593 2663 2677 2607 
1809 2593 2663 2677 2607 2594 2664 2678 2608 
1810 2594 2664 2678 2608 2595 2665 2679 2609 
1811 2595 2665 2679 2609 2596 2666 2680 2610 
1812 2596 2666 2680 2610 543 548 549 544 
1813 394 399 400 395 2597 2667 2681 2611 
1814 2597 2667 2681 2611 2598 2668 2682 2612 
1815 2598 2668 2682 2612 2599 2669 2683 2613 
1816 2599 2669 2683 2613 2600 2670 2684 2614 
1817 2600 2670 2684 2614 2601 2671 2685 2615 
1818 2601 2671 2685 2615 2602 2672 2686 2616 
1819 2602 2672 2686 2616 2603 2673 2687 2617 
1820 2603 2673 2687 2617 2604 2674 2688 2618 
1821 2604 2674 2688 2618 2605 2675 2689 2619 
1822 2605 2675 2689 2619 2606 2676 2690 2620 
1823 2606 2676 2690 2620 2607 2677 2691 2621 
1824 2607 2677 2691 2621 2608 2678 2692 2622 
1825 2608 2678 2692 2622 2609 2679 2693 2623 
1826 2609 2679 2693 2623 2610 2680 2694 2624 
1827 2610 2680 2694 2624 544 549 550 545 
1828 395 400 401 396 2611 2681 2695 2625 
1829 2611 2681 2695 2625 2612 2682 2696 2626 
1830 2612 2682 2696 2626 2613 2683 2697 2627 
1831 2613 2683 2697 2627 2614 2684 2698 2628 
1832 2614 2684 2698 2628 2615 2685 2699 2629 
1833 2615 2685 2699 2629 2616 2686 2700 2630 
1834 2616 2686 2700 2630 2617 2687 2701 2631 
1835 2617 2687 2701 2631 2618 2688 2702 2632 
1836 2618 2688 2702 2632 2619 2689 2703 2633 
1837 2619 2689 2703 2633 2620 2690 2704 2634 
1838 2620 2690 2704 2634 2621 2691 2705 2635 
1839 2621 2691 2705 2635 2622 2692 2706 2636 
1840 2622 2692 2706 2636 2623 2693 2707 2637 
1841 2623 2693 2707 2637 2624 2694 2708 2638 
1842 2624 2694 2708 2638 545 550 551 546 
1843 396 401 402 397 2625 2695 2709 2639 
1844 2625 2695 2709 2639 2626 2696 2710 2640 
1845 2626 2696 2710 2640 2627 2697 2711 2641 
1846 2627 2697 2711 2641 2628 2698 2712 2642 
1847 2628 2698 2712 2642 2629 2699 2713 2643 
1848 2629 2699 2713 2643 2630 2700 2714 2644 
1849 2630 2700 2714 2644 2631 2701 2715 2645 
1850 2631 2701 2715 2645 2632 2702 2716 2646 
1851 2632 2702 2716 2646 2633 2703 2717 2647 
1852 2633 2703 2717 2647 2634 2704 2718 2648 
1853 2634 2704 2718 2648 2635 2705 2719 2649 
1854 2635 2705 2719 2649 2636 2706 2720 2650 
1855 2636 2706 2720 2650 2637 2707 2721 2651 
1856 2637 2707 2721 2651 2638 2708 2722 2652 
1857 2638 2708 2722 2652 546 551 552 547 
1858 397 402 48 47 2639 2709 955 941 
1859 2639 2709 955 941 2640 2710 956 942 
1860 2640 2710 956 942 2641 2711 957 943 
1861 2641 2711 957 943 2642 2712 958 944 
1862 2642 2712 958 944 2643 2713 959 945 
1863 2643 2713 959 945 2644 2714 960 946 
1864 2644 2714 960 946 2645 2715 961 947 
1865 2645 2715 961 947 2646 2716 962 948 
1866 2646 2716 962 948 2647 2717 963 949 
1867 2647 2717 963 949 2648 2718 964 950 
1868 2648 2718 964 950 2649 2719 965 951 
1869 2649 2719 965 951 2650 2720 966 952 
1870 2650 2720 966 952 2651 2721 967 953 
1871 2651 2721 967 953 2652 2722 968 954 
1872 2652 2722 968 954 547 552 108 107 
1873 28 29 403 398 675 689 2723 2653 
1874 675 689 2723 2653 676 690 2724 2654 
1875 676 690 2724 2654 677 691 2725 2655 
1876 677 691 2725 2655 678 692 2726 2656 
1877 678 692 2726 2656 679 693 2727 2657 
1878 679 693 2727 2657 680 694 2728 2658 
1879 680 694 2728 2658 681 695 2729 2659 
1880 681 695 2729 2659 682 696 2730 2660 
1881 682 696 2730 2660 683 697 2731 2661 
1882 683 697 2731 2661 684 698 2732 2662 
1883 684 698 2732 2662 685 699 2733 2663 
1884 685 699 2733 2663 686 700 2734 2664 
1885 686 700 2734 2664 687 701 2735 2665 
1886 687 701 2735 2665 688 702 2736 2666 
1887 688 702 2736 2666 88 89 553 548 
1888 398 403 404 399 2653 2723 2737 2667 
1889 2653 2723 2737 2667 2654 2724 2738 2668 
1890 2654 2724 2738 2668 2655 2725 2739 2669 
1891 2655 2725 2739 2669 2656 2726 2740 2670 
1892 2656 2726 2740 2670 2657 2727 2741 2671 
1893 2657 2727 2741 2671 2658 2728 2742 2672 
1894 2658 2728 2742 2672 2659 2729 2743 2673 
1895 2659 2729 2743 2673 2660 2730 2744 2674 
1896 2660 2730 2744 2674 2661 2731 2745 2675 
1897 2661 2731 2745 2675 2662 2732 2746 2676 
1898 2662 2732 2746 2676 2663 2733 2747 2677 
1899 2663 2733 2747 2677 2664 2734 2748 2678 
1900 2664 2734 2748 2678 2665 2735 2749 2679 
1901 2665 2735 2749 2679 2666 2736 2750 2680 
1902 2666 2736 2750 2680 548 553 554 549 
1903 399 404 405 400 2667 2737 2751 2681 
1904 2667 2737 2751 2681 2668 2738 2752 2682 
1905 2668 2738 2752 2682 2669 2739 2753 2683 
1906 2669 2739 2753 2683 2670 2740 2754 2684 
1907 2670 2740 2754 2684 2671 2741 2755 2685 
1908 2671 2741 2755 2685 2672 2742 2756 2686 
1909 2672 2742 2756 2686 2673 2743 2757 2687 
1910 2673 2743 2757 2687 2674 2744 2758 2688 
1911 2674 2744 2758 2688 2675 2745 2759 2689 
1912 2675 2745 2759 2689 2676 2746 2760 2690 
1913 2676 2746 2760 2690 2677 2747 2761 2691 
1914 2677 2747 2761 2691 2678 2748 2762 2692 
1915 2678 2748 2762 2692 2679 2749 2763 2693 
1916 2679 2749 2763 2693 2680 2750 2764 2694 
1917 2680 2750 2764 2694 549 554 555 550 
1918 400 405 406 401 2681 2751 2765 2695 
1919 2681 2751 2765 2695 2682 2752 2766 2696 
1920 2682 2752 2766 2696 2683 2753 2767 2697 
1921 2683 2753 2767 2697 2684 2754 2768 2698 
1922 2684 2754 2768 2698 2685 2755 2769 2699 
1923 2685 2755 2769 2699 2686 2756 2770 2700 
1924 2686 2756 2770 2700 2687 2757 2771 2701 
1925 2687 2757 2771 2701 2688 2758 2772 2702 
1926 2688 2758 2772 2702 2689 2759 2773 2703 
1927 2689 2759 2773 2703 2690 2760 2774 2704 
1928 2690 2760 2774 2704 2691 2761 2775 2705 
1929 2691 2761 2775 2705 2692 2762 2776 2706 
1930 2692 2762 2776 2706 2693 2763 2777 2707 
1931 2693 2763 2777 2707 2694 2764 2778 2708 
1932 2694 2764 2778 2708 550 555 556 551 
1933 401 406 407 402 2695 2765 2779 2709 
1934 2695 2765 2779 2709 2696 2766 2780 2710 
1935 2696 2766 2780 2710 2697 2767 2781 2711 
1936 2697 2767 2781 2711 2698 2768 2782 2712 
1937 2698 2768 2782 2712 2699 2769 2783 2713 
1938 2699 2769 2783 2713 2700 2770 2784 2714 
1939 2700 2770 2784 2714 2701 2771 2785 2715 
1940 2701 2771 2785 2715 2702 2772 2786 2716 
1941 2702 2772 2786 2716 2703 2773 2787 2717 
1942 2703 2773 2787 2717 2704 2774 2788 2718 
1943 2704 2774 2788 2718 2705 2775 2789 2719 
1944 2705 2775 2789 2719 2706 2776 2790 2720 
1945 2706 2776 2790 2720 2707 2777 2791 2721 
1946 2707 2777 2791 2721 2708 2778 2792 2722 
1947 2708 2778 2792 2722 551 556 557 552 
1948 402 407 49 48 2709 2779 969 955 
1949 2709 2779 969 955 2710 2780 970 956 
1950 2710 2780 970 956 2711 2781 971 957 
1951 2711 2781 971 957 2712 2782 972 958 
1952 2712 2782 972 958 2713 2783 973 959 
1953 2713 2783 973 959 2714 2784 974 960 
1954 2714 2784 974 960 2715 2785 975 961 
1955 2715 2785 975 961 2716 2786 976 962 
1956 2716 2786 976 962 2717 2787 977 963 
1957 2717 2787 977 963 2718 2788 978 964 
1958 2718 2788 978 964 2719 2789 979 965 
1959 2719 2789 979 965 2720 2790 980 966 
1960 2720 2790 980 966 2721 2791 981 967 
1961 2721 2791 981 967 2722 2792 982 968 
1962 2722 2792 982 968 552 557 109 108 
1963 29 2 70 403 689 159 1263 2723 
1964 689 159 1263 2723 690 160 1264 2724 
1965 690 160 1264 2724 691 161 1265 2725 
1966 691 161 1265 2725 692 162 1266 2726 
1967 692 162 1266 2726 693 163 1267 2727 
1968 693 163 1267 2727 694 164 1268 2728 
1969 694 164 1268 2728 695 165 1269 2729 
1970 695 165 1269 2729 696 166 1270 2730 
1971 696 166 1270 2730 697 167 1271 2731 
1972 697 167 1271 2731 698 168 1272 2732 
1973 698 168 1272 2732 699 169 1273 2733 
1974 699 169 1273 2733 700 170 1274 2734 
1975 700 170 1274 2734 701 171 1275 2735 
1976 701 171 1275 2735 702 172 1276 2736 
1977 702 172 1276 2736 89 10 130 553 
1978 403 70 71 404 2723 1263 1277 2737 
1979 2723 1263 1277 2737 2724 1264 1278 2738 
1980 2724 1264 1278 2738 2725 1265 1279 2739 
1981 2725 1265 1279 2739 2726 1266 1280 2740 
1982 2726 1266 1280 2740 2727 1267 1281 2741 
1983 2727 1267 1281 2741 2728 1268 1282 2742 
1984 2728 1268 1282 2742 2729 1269 1283 2743 
1985 2729 1269 1283 2743 2730 1270 1284 2744 
1986 2730 1270 1284 2744 2731 1271 1285 2745 
1987 2731 1271 1285 2745 2732 1272 1286 2746 
1988 2732 1272 1286 2746 2733 1273 1287 2747 
1989 2733 1273 1287 2747 2734 1274 1288 2748 
1990 2734 1274 1288 2748 2735 1275 1289 2749 
1991 2735 1275 1289 2749 2736 1276 1290 2750 
1992 2736 1276 1290 2750 553 130 131 554 
1993 404 71 72 405 2737 1277 1291 2751 
1994 2737 1277 1291 2751 2738 1278 1292 2752 
1995 2738 1278 1292 2752 2739 1279 1293 2753 
1996 2739 1279 1293 2753 2740 1280 1294 2754 
1997 2740 1280 1294 2754 2741 1281 1295 2755 
1998 2741 1281 1295 2755 2742 1282 1296 2756 
1999 2742 1282 1296 2756 2743 1283 1297 2757 
2000 2743 1283 1297 2757 2744 1284 1298 2758 
2001 2744 1284 1298 2758 2745 1285 1299 2759 
2002 2745 1285 1299 2759 2746 1286 1300 2760 
2003 2746 1286 1300 2760 2747 1287 1301 2761 
2004 2747 1287 1301 2761 2748 1288 1302 2762 
2005 2748 1288 1302 2762 2749 1289 1303 2763 
2006 2749 1289 1303 2763 2750 1290 1304 2764 
2007 2750 1290 1304 2764 554 131 132 555 
2008 405 72 73 406 2751 1291 1305 2765 
2009 2751 1291 1305 2765 2752 1292 1306 2766 
2010 2752 1292 1306 2766 2753 1293 1307 2767 
2011 2753 1293 1307 2767 2754 1294 1308 2768 
2012 2754 1294 1308 2768 2755 1295 1309 2769 
2013 2755 1295 1309 2769 2756 1296 1310 2770 
2014 2756 1296 1310 2770 2757 1297 1311 2771 
2015 2757 1297 1311 2771 2758 1298 1312 2772 
2016 2758 1298 1312 2772 2759 1299 1313 2773 
2017 2759 1299 1313 2773 2760 1300 1314 2774 
2018 2760 1300 1314 2774 2761 1301 1315 2775 
2019 2761 1301 1315 2775 2762 1302 1316 2776 
2020 2762 1302 1316 2776 2763 1303 1317 2777 
2021 2763 1303 1317 2777 2764 1304 1318 2778 
2022 2764 1304 1318 2778 555 132 133 556 
2023 406 73 74 407 2765 1305 1319 2779 
2024 2765 1305 1319 2779 2766 1306 1320 2780 
2025 2766 1306 1320 2780 2767 1307 1321 2781 
2026 2767 1307 1321 2781 2768 1308 1322 2782 
2027 2768 1308 1322 2782 2769 1309 1323 2783 
2028 2769 1309 1323 2783 2770 1310 1324 2784 
2029 2770 1310 1324 2784 2771 1311 1325 2785 
2030 2771 1311 1325 2785 2772 1312 1326 2786 
2031 2772 1312 1326 2786 2773 1313 1327 2787 
2032 2773 1313 1327 2787 2774 1314 1328 2788 
2033 2774 1314 1328 2788 2775 1315 1329 2789 
2034 2775 1315 1329 2789 2776 1316 1330 2790 
2035 2776 1316 1330 2790 2777 1317 1331 2791 
2036 2777 1317 1331 2791 2778 1318 1332 2792 
2037 2778 1318 1332 2792 556 133 134 557 
2038 407 74 6 49 2779 1319 215 969 
2039 2779 1319 215 969 2780 1320 216 970 
2040 2780 1320 216 970 2781 1321 217 971 
2041 2781 1321 217 971 2782 1322 218 972 
2042 2782 1322 218 972 2783 1323 219 973 
2043 2783 1323 219 973 2784 1324 220 974 
2044 2784 1324 220 974 2785 1325 221 975 
2045 2785 1325 221 975 2786 1326 222 976 
2046 2786 1326 222 976 2787 1327 223 977 
2047 2787 1327 223 977 2788 1328 224 978 
2048 2788 1328 224 978 2789 1329 225 979 
2049 2789 1329 225 979 2790 1330 226 980 
2050 2790 1330 226 980 2791 1331 227 981 
2051 2791 1331 227 981 2792 1332 228 982 
2052 2792 1332 228 982 557 134 14 109 
3 4 5 540
2053 3 35 408 75 173 773 2793 1333 
2054 173 773 2793 1333 174 774 2794 1334 
2055 174 774 2794 1334 175 775 2795 1335 
2056 175 775 2795 1335 176 776 2796 1336 
2057 176 776 2796 1336 177 777 2797 1337 
2058 177 777 2797 1337 178 778 2798 1338 
2059 178 778 2798 1338 179 779 2799 1339 
2060 179 779 2799 1339 180 780 2800 1340 
2061 180 780 2800 1340 181 781 2801 1341 
2062 181 781 2801 1341 182 782 2802 1342 
2063 182 782 2802 1342 183 783 2803 1343 
2064 183 783 2803 1343 184 784 2804 1344 
2065 184 784 2804 1344 185 785 2805 1345 
2066 185 785 2805 1345 186 786 2806 1346 
2067 186 786 2806 1346 11 95 558 135 
2068 75 408 409 76 1333 2793 2807 1347 
2069 1333 2793 2807 1347 1334 2794 2808 1348 
2070 1334 2794 2808 1348 1335 2795 2809 1349 
2071 1335 2795 2809 1349 1336 2796 2810 1350 
2072 1336 2796 2810 1350 1337 2797 2811 1351 
2073 1337 2797 2811 1351 1338 2798 2812 1352 
2074 1338 2798 2812 1352 1339 2799 2813 1353 
2075 1339 2799 2813 1353 1340 2800 2814 1354 
2076 1340 2800 2814 1354 1341 2801 2815 1355 
2077 1341 2801 2815 1355 1342 2802 2816 1356 
2078 1342 2802 2816 1356 1343 2803 2817 1357 
2079 1343 2803 2817 1357 1344 2804 2818 1358 
2080 1344 2804 2818 1358 1345 2805 2819 1359 
2081 1345 2805 2819 1359 1346 2806 2820 1360 
2082 1346 2806 2820 1360 135 558 559 136 
2083 76 409 410 77 1347 2807 2821 1361 
2084 1347 2807 2821 1361 1348 2808 2822 1362 
2085 1348 2808 2822 1362 1349 2809 2823 1363 
2086 1349 2809 2823 1363 1350 2810 2824 1364 
2087 1350 2810 2824 1364 1351 2811 2825 1365 
2088 1351 2811 2825 1365 1352 2812 2826 1366 
2089 1352 2812 2826 1366 1353 2813 2827 1367 
2090 1353 2813 2827 1367 1354 2814 2828 1368 
2091 1354 2814 2828 1368 1355 2815 2829 1369 
2092 1355 2815 2829 1369 1356 2816 2830 1370 
2093 1356 2816 2830 1370 1357 2817 2831 1371 
2094 1357 2817 2831 1371 1358 2818 2832 1372 
2095 1358 2818 2832 1372 1359 2819 2833 1373 
2096 1359 2819 2833 1373 1360 2820 2834 1374 
2097 1360 2820 2834 1374 136 559 560 137 
2098 77 410 411 78 1361 2821 2835 1375 
2099 1361 2821 2835 1375 1362 2822 2836 1376 
2100 1362 2822 2836 1376 1363 2823 2837 1377 
2101 1363 2823 2837 1377 1364 2824 2838 1378 
2102 1364 2824 2838 1378 1365 2825 2839 1379 
2103 1365 2825 2839 1379 1366 2826 2840 1380 
2104 1366 2826 2840 1380 1367 2827 2841 1381 
2105 1367 2827 2841 1381 1368 2828 2842 1382 
2106 1368 2828 2842 1382 1369 2829 2843 1383 
2107 1369 2829 2843 1383 1370 2830 2844 1384 
2108 1370 2830 2844 1384 1371 2831 2845 1385 
2109 1371 2831 2845 1385 1372 2832 2846 1386 
2110 1372 2832 2846 1386 1373 2833 2847 1387 
2111 1373 2833 2847 1387 1374 2834 2848 1388 
2112 1374 2834 2848 1388 137 560 561 138 
2113 78 411 412 79 1375 2835 2849 1389 
2114 1375 2835 2849 1389 1376 2836 2850 1390 
2115 1376 2836 2850 1390 1377 2837 2851 1391 
2116 1377 2837 2851 1391 1378 2838 2852 1392 
2117 1378 2838 2852 1392 1379 2839 2853 1393 
2118 1379 2839 2853 1393 1380 2840 2854 1394 
2119 1380 2840 2854 1394 1381 2841 2855 1395 
2120 1381 2841 2855 1395 1382 2842 2856 1396 
2121 1382 2842 2856 1396 1383 2843 2857 1397 
2122 1383 2843 2857 1397 1384 2844 2858 1398 
2123 1384 2844 2858 1398 1385 2845 2859 1399 
2124 1385 2845 2859 1399 1386 2846 2860 1400 
2125 1386 2846 2860 1400 1387 2847 2861 1401 
2126 1387 2847 2861 1401 1388 2848 2862 1402 
2127 1388 2848 2862 1402 138 561 562 139 
2128 79 412 55 7 1389 2849 1053 229 
2129 1389 2849 1053 229 1390 2850 1054 230 
2130 1390 2850 1054 230 1391 2851 1055 231 
2131 1391 2851 1055 231 1392 2852 1056 232 
2132 1392 2852 1056 232 1393 2853 1057 233 
2133 1393 2853 1057 233 1394 2854 1058 234 
2134 1394 2854 1058 234 1395 2855 1059 235 
2135 1395 2855 1059 235 1396 2856 1060 236 
2136 1396 2856 1060 236 1397 2857 1061 237 
2137 1397 2857 1061 237 1398 2858 1062 238 
2138 1398 2858 1062 238 1399 2859 1063 239 
2139 1399 2859 1063 239 1400 2860 1064 240 
2140 1400 2860 1064 240 1401 2861 1065 241 
2141 1401 2861 1065 241 1402 2862 1066 242 
2142 1402 2862 1066 242 139 562 115 15 
2143 35 36 413 408 773 787 2863 2793 
2144 773 787 2863 2793 774 788 2864 2794 
2145 774 788 2864 2794 775 789 2865 2795 
2146 775 789 2865 2795 776 790 2866 2796 
2147 776 790 2866 2796 777 791 2867 2797 
2148 777 791 2867 2797 778 792 2868 2798 
2149 778 792 2868 2798 779 793 2869 2799 
2150 779 793 2869 2799 780 794 2870 2800 
2151 780 794 2870 2800 781 795 2871 2801 
2152 781 795 2871 2801 782 796 2872 2802 
2153 782 796 2872 2802 783 797 2873 2803 
2154 783 797 2873 2803 784 798 2874 2804 
2155 784 798 2874 2804 785 799 2875 2805 
2156 785 799 2875 2805 786 800 2876 2806 
2157 786 800 2876 2806 95 96 563 558 
2158 408 413 414 409 2793 2863 2877 2807 
2159 2793 2863 2877 2807 2794 2864 2878 2808 
2160 2794 2864 2878 2808 2795 2865 2879 2809 
2161 2795 2865 2879 2809 2796 2866 2880 2810 
2162 2796 2866 2880 2810 2797 2867 2881 2811 
2163 2797 2867 2881 2811 2798 2868 2882 2812 
2164 2798 2868 2882 2812 2799 2869 2883 2813 
2165 2799 2869 2883 2813 2800 2870 2884 2814 
2166 2800 2870 2884 2814 2801 2871 2885 2815 
2167 2801 2871 2885 2815 2802 2872 2886 2816 
2168 2802 2872 2886 2816 2803 2873 2887 2817 
2169 2803 2873 2887 2817 2804 2874 2888 2818 
2170 2804 2874 2888 2818 2805 2875 2889 2819 
2171 2805 2875 2889 2819 2806 2876 2890 2820 
2172 2806 2876 2890 2820 558 563 564 559 
2173 409 414 415 410 2807 2877 2891 2821 
2174 2807 2877 2891 2821 2808 2878 2892 2822 
2175 2808 2878 2892 2822 2809 2879 2893 2823 
2176 2809 2879 2893 2823 2810 2880 2894 2824 
2177 2810 2880 2894 2824 2811 2881 2895 2825 
2178 2811 2881 2895 2825 2812 2882 2896 2826 
2179 2812 2882 2896 2826 2813 2883 2897 2827 
2180 2813 2883 2897 2827 2814 2884 2898 2828 
2181 2814 2884 2898 2828 2815 2885 2899 2829 
2182 2815 2885 2899 2829 2816 2886 2900 2830 
2183 2816 2886 2900 2830 2817 2887 2901 2831 
2184 2817 2887 2901 2831 2818 2888 2902 2832 
2185 2818 2888 2902 2832 2819 2889 2903 2833 
2186 2819 2889 2903 2833 2820 2890 2904 2834 
2187 2820 2890 2904 2834 559 564 565 560 
2188 410 415 416 411 2821 2891 2905 2835 
2189 2821 2891 2905 2835 2822 2892 2906 2836 
2190 2822 2892 2906 2836 2823 2893 2907 2837 
2191 2823 2893 2907 2837 2824 2894 2908 2838 
2192 2824 2894 2908 2838 2825 2895 2909 2839 
2193 2825 2895 2909 2839 2826 2896 2910 2840 
2194 2826 2896 2910 2840 2827 2897 2911 2841 
2195 2827 2897 2911 2841 2828 2898 2912 2842 
2196 2828 2898 2912 2842 2829 2899 2913 2843 
2197 2829 2899 2913 2843 2830 2900 2914 2844 
2198 2830 2900 2914 2844 2831 2901 2915 2845 
2199 2831 2901 2915 2845 2832 2902 2916 2846 
2200 2832 2902 2916 2846 2833 2903 2917 2847 
2201 2833 2903 2917 2847 2834 2904 2918 2848 
2202 2834 2904 2918 2848 560 565 566 561 
2203 411 416 417 412 2835 2905 2919 2849 
2204 2835 2905 2919 2849 2836 2906 2920 2850 
2205 2836 2906 2920 2850 2837 2907 2921 2851 
2206 2837 2907 2921 2851 2838 2908 2922 2852 
2207 2838 2908 2922 2852 2839 2909 2923 2853 
2208 2839 2909 2923 2853 2840 2910 2924 2854 
2209 2840 2910 2924 2854 2841 2911 2925 2855 
2210 2841 2911 2925 2855 2842 2912 2926 2856 
2211 2842 2912 2926 2856 2843 2913 2927 2857 
2212 2843 2913 2927 2857 2844 2914 2928 2858 
2213 2844 2914 2928 2858 2845 2915 2929 2859 
2214 2845 2915 2929 2859 2846 2916 2930 2860 
2215 2846 2916 2930 2860 2847 2917 2931 2861 
2216 2847 2917 2931 2861 2848 2918 2932 2862 
2217 2848 2918 2932 2862 561 566 567 562 
2218 412 417 56 55 2849 2919 1067 1053 
2219 2849 2919 1067 1053 2850 2920 1068 1054 
2220 2850 2920 1068 1054 2851 2921 1069 1055 
2221 2851 2921 1069 1055 2852 2922 1070 1056 
2222 2852 2922 1070 1056 2853 2923 1071 1057 
2223 2853 2923 1071 1057 2854 2924 1072 1058 
2224 2854 2924 1072 1058 2855 2925 1073 1059 
2225 2855 2925 1073 1059 2856 2926 1074 1060 
2226 2856 2926 1074 1060 2857 2927 1075 1061 
2227 2857 2927 1075 1061 2858 2928 1076 1062 
2228 2858 2928 1076 1062 2859 2929 1077 1063 
2229 2859 2929 1077 1063 2860 2930 1078 1064 
2230 2860 2930 1078 1064 2861 2931 1079 1065 
2231 2861 2931 1079 1065 2862 2932 1080 1066 
2232 2862 2932 1080 1066 562 567 116 115 
2233 36 37 418 413 787 801 2933 2863 
2234 787 801 2933 2863 788 802 2934 2864 
2235 788 802 2934 2864 789 803 2935 2865 
2236 789 803 2935 2865 790 804 2936 2866 
2237 790 804 2936 2866 791 805 2937 2867 
2238 791 805 2937 2867 792 806 2938 2868 
2239 792 806 2938 2868 793 807 2939 2869 
2240 793 807 2939 2869 794 808 2940 2870 
2241 794 808 2940 2870 795 809 2941 2871 
2242 795 809 2941 2871 796 810 2942 2872 
2243 796 810 2942 2872 797 811 2943 2873 
2244 797 811 2943 2873 798 812 2944 2874 
2245 798 812 2944 2874 799 813 2945 2875 
2246 799 813 2945 2875 800 814 2946 2876 
2247 800 814 2946 2876 96 97 568 563 
2248 413 418 419 414 2863 2933 2947 2877 
2249 2863 2933 2947 2877 2864 2934 2948 2878 
2250 2864 2934 2948 2878 2865 2935 2949 2879 
2251 2865 2935 2949 2879 2866 2936 2950 2880 
2252 2866 2936 2950 2880 2867 2937 2951 2881 
2253 2867 2937 2951 2881 2868 2938 2952 2882 
2254 2868 2938 2952 2882 2869 2939 2953 2883 
2255 2869 2939 2953 2883 2870 2940 2954 2884 
2256 2870 2940 2954 2884 2871 2941 2955 2885 
2257 2871 2941 2955 2885 2872 2942 2956 2886 
2258 2872 2942 2956 2886 2873 2943 2957 2887 
2259 2873 2943 2957 2887 2874 2944 2958 2888 
2260 2874 2944 2958 2888 2875 2945 2959 2889 
2261 2875 2945 2959 2889 2876 2946 2960 2890 
2262 2876 2946 2960 2890 563 568 569 564 
2263 414 419 420 415 2877 2947 2961 2891 
2264 2877 2947 2961 2891 2878 2948 2962 2892 
2265 2878 2948 2962 2892 2879 2949 2963 2893 
2266 2879 2949 2963 2893 2880 2950 2964 2894 
2267 2880 2950 2964 2894 2881 2951 2965 2895 
2268 2881 2951 2965 2895 2882 2952 2966 2896 
2269 2882 2952 2966 2896 2883 2953 2967 2897 
2270 2883 2953 2967 2897 2884 2954 2968 2898 
2271 2884 2954 2968 2898 2885 2955 2969 2899 
2272 2885 2955 2969 2899 2886 2956 2970 2900 
2273 2886 2956 2970 2900 2887 2957 2971 2901 
2274 2887 2957 2971 2901 2888 2958 2972 2902 
2275 2888 2958 2972 2902 2889 2959 2973 2903 
2276 2889 2959 2973 2903 2890 2960 2974 2904 
2277 2890 2960 2974 2904 564 569 570 565 
2278 415 420 421 416 2891 2961 2975 2905 
2279 2891 2961 2975 2905 2892 2962 2976 2906 
2280 2892 2962 2976 2906 2893 2963 2977 2907 
2281 2893 2963 2977 2907 2894 2964 2978 2908 
2282 2894 2964 2978 2908 2895 2965 2979 2909 
2283 2895 2965 2979 2909 2896 2966 2980 2910 
2284 2896 2966 2980 2910 2897 2967 2981 2911 
2285 2897 2967 2981 2911 2898 2968 2982 2912 
2286 2898 2968 2982 2912 2899 2969 2983 2913 
2287 2899 2969 2983 2913 2900 2970 2984 2914 
2288 2900 2970 2984 2914 2901 2971 2985 2915 
2289 2901 2971 2985 2915 2902 2972 2986 2916 
2290 2902 2972 2986 2916 2903 2973 2987 2917 
2291 2903 2973 2987 2917 2904 2974 2988 2918 
2292 2904 2974 2988 2918 565 570 571 566 
2293 416 421 422 417 2905 2975 2989 2919 
2294 2905 2975 2989 2919 2906 2976 2990 2920 
2295 2906 2976 2990 2920 2907 2977 2991 2921 
2296 2907 2977 2991 2921 2908 2978 2992 2922 
2297 2908 2978 2992 2922 2909 2979 2993 2923 
2298 2909 2979 2993 2923 2910 2980 2994 2924 
2299 2910 2980 2994 2924 2911 2981 2995 2925 
2300 2911 2981 2995 2925 2912 2982 2996 2926 
2301 2912 2982 2996 2926 2913 2983 2997 2927 
2302 2913 2983 2997 2927 2914 2984 2998 2928 
2303 2914 2984 2998 2928 2915 2985 2999 2929 
2304 2915 2985 2999 2929 2916 2986 3000 2930 
2305 2916 2986 3000 2930 2917 2987 3001 2931 
2306 2917 2987 3001 2931 2918 2988 3002 2932 
2307 2918 2988 3002 2932 566 571 572 567 
2308 417 422 57 56 2919 2989 1081 1067 
2309 2919 2989 1081 1067 2920 2990 1082 1068 
2310 2920 2990 1082 1068 2921 2991 1083 1069 
2311 2921 2991 1083 1069 2922 2992 1084 1070 
2312 2922 2992 1084 1070 2923 2993 1085 1071 
2313 2923 2993 1085 1071 2924 2994 1086 1072 
2314 2924 2994 1086 1072 2925 2995 1087 1073 
2315 2925 2995 1087 1073 2926 2996 1088 1074 
2316 2926 2996 1088 1074 2927 2997 1089 1075 
2317 2927 2997 1089 1075 2928 2998 1090 1076 
2318 2928 2998 1090 1076 2929 2999 1091 1077 
2319 2929 2999 1091 1077 2930 3000 1092 1078 
2320 2930 3000 1092 1078 2931 3001 1093 1079 
2321 2931 3001 1093 1079 2932 3002 1094 1080 
2322 2932 3002 1094 1080 567 572 117 116 
2323 37 38 423 418 801 815 3003 2933 
2324 801 815 3003 2933 802 816 3004 2934 
2325 802 816 3004 2934 803 817 3005 2935 
2326 803 817 3005 2935 804 818 3006 2936 
2327 804 818 3006 2936 805 819 3007 2937 
2328 805 819 3007 2937 806 820 3008 2938 
2329 806 820 3008 2938 807 821 3009 2939 
2330 807 821 3009 2939 808 822 3010 2940 
2331 808 822 3010 2940 809 823 3011 2941 
2332 809 823 3011 2941 810 824 3012 2942 
2333 810 824 3012 2942 811 825 3013 2943 
2334 811 825 3013 2943 812 826 3014 2944 
2335 812 826 3014 2944 813 827 3015 2945 
2336 813 827 3015 2945 814 828 3016 2946 
2337 814 828 3016 2946 97 98 573 568 
2338 418 423 424 419 2933 3003 3017 2947 
2339 2933 3003 3017 2947 2934 3004 3018 2948 
2340 2934 3004 3018 2948 2935 3005 3019 2949 
2341 2935 3005 3019 2949 2936 3006 3020 2950 
2342 2936 3006 3020 2950 2937 3007 3021 2951 
2343 2937 3007 3021 2951 2938 3008 3022 2952 
2344 2938 3008 3022 2952 2939 3009 3023 2953 
2345 2939 3009 3023 2953 2940 3010 3024 2954 
2346 2940 3010 3024 2954 2941 3011 3025 2955 
2347 2941 3011 3025 2955 2942 3012 3026 2956 
2348 2942 3012 3026 2956 2943 3013 3027 2957 
2349 2943 3013 3027 2957 2944 3014 3028 2958 
2350 2944 3014 3028 2958 2945 3015 3029 2959 
2351 2945 3015 3029 2959 2946 3016 3030 2960 
2352 2946 3016 3030 2960 568 573 574 569 
2353 419 424 425 420 2947 3017 3031 2961 
2354 2947 3017 3031 2961 2948 3018 3032 2962 
2355 2948 3018 3032 2962 2949 3019 3033 2963 
2356 2949 3019 3033 2963 2950 3020 3034 2964 
2357 2950 3020 3034 2964 2951 3021 3035 2965 
2358 2951 3021 3035 2965 2952 3022 3036 2966 
2359 2952 3022 3036 2966 2953 3023 3037 2967 
2360 2953 3023 3037 2967 2954 3024 3038 2968 
2361 2954 3024 3038 2968 2955 3025 3039 2969 
2362 2955 3025 3039 2969 2956 3026 3040 2970 
2363 2956 3026 3040 2970 2957 3027 3041 2971 
2364 2957 3027 3041 2971 2958 3028 3042 2972 
2365 2958 3028 3042 2972 2959 3029 3043 2973 
2366 2959 3029 3043 2973 2960 3030 3044 2974 
2367 2960 3030 3044 2974 569 574 575 570 
2368 420 425 426 421 2961 3031 3045 2975 
2369 2961 3031 3045 2975 2962 3032 3046 2976 
2370 2962 3032 3046 2976 2963 3033 3047 2977 
2371 2963 3033 3047 2977 2964 3034 3048 2978 
2372 2964 3034 3048 2978 2965 3035 3049 2979 
2373 2965 3035 3049 2979 2966 3036 3050 2980 
2374 2966 3036 3050 2980 2967 3037 3051 2981 
2375 2967 3037 3051 2981 2968 3038 3052 2982 
2376 2968 3038 3052 2982 2969 3039 3053 2983 
2377 2969 3039 3053 2983 2970 3040 3054 2984 
2378 2970 3040 3054 2984 2971 3041 3055 2985 
2379 2971 3041 3055 2985 2972 3042 3056 2986 
2380 2972 3042 3056 2986 2973 3043 3057 2987 
2381 2973 3043 3057 2987 2974 3044 3058 2988 
2382 2974 3044 3058 2988 570 575 576 571 
2383 421 426 427 422 2975 3045 3059 2989 
2384 2975 3045 3059 2989 2976 3046 3060 2990 
2385 2976 3046 3060 2990 2977 3047 3061 2991 
2386 2977 3047 3061 2991 2978 3048 3062 2992 
2387 2978 3048 3062 2992 2979 3049 3063 2993 
2388 2979 3049 3063 2993 2980 3050 3064 2994 
2389 2980 3050 3064 2994 2981 3051 3065 2995 
2390 2981 3051 3065 2995 2982 3052 3066 2996 
2391 2982 3052 3066 2996 2983 3053 3067 2997 
2392 2983 3053 3067 2997 2984 3054 3068 2998 
2393 2984 3054 3068 2998 2985 3055 3069 2999 
2394 2985 3055 3069 2999 2986 3056 3070 3000 
2395 2986 3056 3070 3000 2987 3057 3071 3001 
2396 2987 3057 3071 3001 2988 3058 3072 3002 
2397 2988 3058 3072 3002 571 576 577 572 
2398 422 427 58 57 2989 3059 1095 1081 
2399 2989 3059 1095 1081 2990 3060 1096 1082 
2400 2990 3060 1096 1082 2991 3061 1097 1083 
2401 2991 3061 1097 1083 2992 3062 1098 1084 
2402 2992 3062 1098 1084 2993 3063 1099 1085 
2403 2993 3063 1099 1085 2994 3064 1100 1086 
2404 2994 3064 1100 1086 2995 3065 1101 1087 
2405 2995 3065 1101 1087 2996 3066 1102 1088 
2406 2996 3066 1102 1088 2997 3067 1103 1089 
2407 2997 3067 1103 1089 2998 3068 1104 1090 
2408 2998 3068 1104 1090 2999 3069 1105 1091 
2409 2999 3069 1105 1091 3000 3070 1106 1092 
2410 3000 3070 1106 1092 3001 3071 1107 1093 
2411 3001 3071 1107 1093 3002 3072 1108 1094 
2412 3002 3072 1108 1094 572 577 118 117 
2413 38 39 428 423 815 829 3073 3003 
2414 815 829 3073 3003 816 830 3074 3004 
2415 816 830 3074 3004 817 831 3075 3005 
2416 817 831 3075 3005 818 832 3076 3006 
2417 818 832 3076 3006 819 833 3077 3007 
2418 819 833 3077 3007 820 834 3078 3008 
2419 820 834 3078 3008 821 835 3079 3009 
2420 821 835 3079 3009 822 836 3080 3010 
2421 822 836 3080 3010 823 837 3081 3011 
2422 823 837 3081 3011 824 838 3082 3012 
2423 824 838 3082 3012 825 839 3083 3013 
2424 825 839 3083 3013 826 840 3084 3014 
2425 826 840 3084 3014 827 841 3085 3015 
2426 827 841 3085 3015 828 842 3086 3016 
2427 828 842 3086 3016 98 99 578 573 
2428 423 428 429 424 3003 3073 3087 3017 
2429 3003 3073 3087 3017 3004 3074 3088 3018 
2430 3004 3074 3088 3018 3005 3075 3089 3019 
2431 3005 3075 3089 3019 3006 3076 3090 3020 
2432 3006 3076 3090 3020 3007 3077 3091 3021 
2433 3007 3077 3091 3021 3008 3078 3092 3022 
2434 3008 3078 3092 3022 3009 3079 3093 3023 
2435 3009 3079 3093 3023 3010 3080 3094 3024 
2436 3010 3080 3094 3024 3011 3081 3095 3025 
2437 3011 3081 3095 3025 3012 3082 3096 3026 
2438 3012 3082 3096 3026 3013 3083 3097 3027 
2439 3013 3083 3097 3027 3014 3084 3098 3028 
2440 3014 3084 3098 3028 3015 3085 3099 3029 
2441 3015 3085 3099 3029 3016 3086 3100 3030 
2442 3016 3086 3100 3030 573 578 579 574 
2443 424 429 430 425 3017 3087 3101 3031 
2444 3017 3087 3101 3031 3018 3088 3102 3032 
2445 3018 3088 3102 3032 3019 3089 3103 3033 
2446 3019 3089 3103 3033 3020 3090 3104 3034 
2447 3020 3090 3104 3034 3021 3091 3105 3035 
2448 3021 3091 3105 3035 3022 3092 3106 3036 
2449 3022 3092 3106 3036 3023 3093 3107 3037 
2450 3023 3093 3107 3037 3024 3094 3108 3038 
2451 3024 3094 3108 3038 3025 3095 3109 3039 
2452 3025 3095 3109 3039 3026 3096 3110 3040 
2453 3026 3096 3110 3040 3027 3097 3111 3041 
2454 3027 3097 3111 3041 3028 3098 3112 3042 
2455 3028 3098 3112 3042 3029 3099 3113 3043 
2456 3029 3099 3113 3043 3030 3100 3114 3044 
2457 3030 3100 3114 3044 574 579 580 575 
2458 425 430 431 426 3031 3101 3115 3045 
2459 3031 3101 3115 3045 3032 3102 3116 3046 
2460 3032 3102 3116 3046 3033 3103 3117 3047 
2461 3033 3103 3117 3047 3034 3104 3118 3048 
2462 3034 3104 3118 3048 3035 3105 3119 3049 
2463 3035 3105 3119 3049 3036 3106 3120 3050 
2464 3036 3106 3120 3050 3037 3107 3121 3051 
2465 3037 3107 3121 3051 3038 3108 3122 3052 
2466 3038 3108 3122 3052 3039 3109 3123 3053 
2467 3039 3109 3123 3053 3040 3110 3124 3054 
2468 3040 3110 3124 3054 3041 3111 3125 3055 
2469 3041 3111 3125 3055 3042 3112 3126 3056 
2470 3042 3112 3126 3056 3043 3113 3127 3057 
2471 3043 3113 3127 3057 3044 3114 3128 3058 
2472 3044 3114 3128 3058 575 580 581 576 
2473 426 431 432 427 3045 3115 3129 3059 
2474 3045 3115 3129 3059 3046 3116 3130 3060 
2475 3046 3116 3130 3060 3047 3117 3131 3061 
2476 3047 3117 3131 3061 3048 3118 3132 3062 
2477 3048 3118 3132 3062 3049 3119 3133 3063 
2478 3049 3119 3133 3063 3050 3120 3134 3064 
2479 3050 3120 3134 3064 3051 3121 3135 3065 
2480 3051 3121 3135 3065 3052 3122 3136 3066 
2481 3052 3122 3136 3066 3053 3123 3137 3067 
2482 3053 3123 3137 3067 3054 3124 3138 3068 
2483 3054 3124 3138 3068 3055 3125 3139 3069 
2484 3055 3125 3139 3069 3056 3126 3140 3070 
2485 3056 3126 3140 3070 3057 3127 3141 3071 
2486 3057 3127 3141 3071 3058 3128 3142 3072 
2487 3058 3128 3142 3072 576 581 582 577 
2488 427 432 59 58 3059 3129 1109 1095 
2489 3059 3129 1109 1095 3060 3130 1110 1096 
2490 3060 3130 1110 1096 3061 3131 1111 1097 
2491 3061 3131 1111 1097 3062 3132 1112 1098 
2492 3062 3132 1112 1098 3063 3133 1113 1099 
2493 3063 3133 1113 1099 3064 3134 1114 1100 
2494 3064 3134 1114 1100 3065 3135 1115 1101 
2495 3065 3135 1115 1101 3066 3136 1116 1102 
2496 3066 3136 1116 1102 3067 3137 1117 1103 
2497 3067 3137 1117 1103 3068 3138 1118 1104 
2498 3068 3138 1118 1104 3069 3139 1119 1105 
2499 3069 3139 1119 1105 3070 3140 1120 1106 
2500 3070 3140 1120 1106 3071 3141 1121 1107 
2501 3071 3141 1121 1107 3072 3142 1122 1108 
2502 3072 3142 1122 1108 577 582 119 118 
2503 39 4 80 428 829 187 1403 3073 
2504 829 187 1403 3073 830 188 1404 3074 
2505 830 188 1404 3074 831 189 1405 3075 
2506 831 189 1405 3075 832 190 1406 3076 
2507 832 190 1406 3076 833 191 1407 3077 
2508 833 191 1407 3077 834 192 1408 3078 
2509 834 192 1408 3078 835 193 1409 3079 
2510 835 193 1409 3079 836 194 1410 3080 
2511 836 194 1410 3080 837 195 1411 3081 
2512 837 195 1411 3081 838 196 1412 3082 
2513 838 196 1412 3082 839 197 1413 3083 
2514 839 197 1413 3083 840 198 1414 3084 
2515 840 198 1414 3084 841 199 1415 3085 
2516 841 199 1415 3085 842 200 1416 3086 
2517 842 200 1416 3086 99 12 140 578 
2518 428 80 81 429 3073 1403 1417 3087 
2519 3073 1403 1417 3087 3074 1404 1418 3088 
2520 3074 1404 1418 3088 3075 1405 1419 3089 
2521 3075 1405 1419 3089 3076 1406 1420 3090 
2522 3076 1406 1420 3090 3077 1407 1421 3091 
2523 3077 1407 1421 3091 3078 1408 1422 3092 
2524 3078 1408 1422 3092 3079 1409 1423 3093 
2525 3079 1409 1423 3093 3080 1410 1424 3094 
2526 3080 1410 1424 3094 3081 1411 1425 3095 
2527 3081 1411 1425 3095 3082 1412 1426 3096 
2528 3082 1412 1426 3096 3083 1413 1427 3097 
2529 3083 1413 1427 3097 3084 1414 1428 3098 
2530 3084 1414 1428 3098 3085 1415 1429 3099 
2531 3085 1415 1429 3099 3086 1416 1430 3100 
2532 3086 1416 1430 3100 578 140 141 579 
2533 429 81 82 430 3087 1417 1431 3101 
2534 3087 1417 1431 3101 3088 1418 1432 3102 
2535 3088 1418 1432 3102 3089 1419 1433 3103 
2536 3089 1419 1433 3103 3090 1420 1434 3104 
2537 3090 1420 1434 3104 3091 1421 1435 3105 
2538 3091 1421 1435 3105 3092 1422 1436 3106 
2539 3092 1422 1436 3106 3093 1423 1437 3107 
2540 3093 1423 1437 3107 3094 1424 1438 3108 
2541 3094 1424 1438 3108 3095 1425 1439 3109 
2542 3095 1425 1439 3109 3096 1426 1440 3110 
2543 3096 1426 1440 3110 3097 1427 1441 3111 
2544 3097 1427 1441 3111 3098 1428 1442 3112 
2545 3098 1428 1442 3112 3099 1429 1443 3113 
2546 3099 1429 1443 3113 3100 1430 1444 3114 
2547 3100 1430 1444 3114 579 141 142 580 
2548 430 82 83 431 3101 1431 1445 3115 
2549 3101 1431 1445 3115 3102 1432 1446 3116 
2550 3102 1432 1446 3116 3103 1433 1447 3117 
2551 3103 1433 1447 3117 3104 1434 1448 3118 
2552 3104 1434 1448 3118 3105 1435 1449 3119 
2553 3105 1435 1449 3119 3106 1436 1450 3120 
2554 3106 1436 1450 3120 3107 1437 1451 3121 
2555 3107 1437 1451 3121 3108 1438 1452 3122 
2556 3108 1438 1452 3122 3109 1439 1453 3123 
2557 3109 1439 1453 3123 3110 1440 1454 3124 
2558 3110 1440 1454 3124 3111 1441 1455 3125 
2559 3111 1441 1455 3125 3112 1442 1456 3126 
2560 3112 1442 1456 3126 3113 1443 1457 3127 
2561 3113 1443 1457 3127 3114 1444 1458 3128 
2562 3114 1444 1458 3128 580 142 143 581 
2563 431 83 84 432 3115 1445 1459 3129 
2564 3115 1445 1459 3129 3116 1446 1460 3130 
2565 3116 1446 1460 3130 3117 1447 1461 3131 
2566 3117 1447 1461 3131 3118 1448 1462 3132 
2567 3118 1448 1462 3132 3119 1449 1463 3133 
2568 3119 1449 1463 3133 3120 1450 1464 3134 
2569 3120 1450 1464 3134 3121 1451 1465 3135 
2570 3121 1451 1465 3135 3122 1452 1466 3136 
2571 3122 1452 1466 3136 3123 1453 1467 3137 
2572 3123 1453 1467 3137 3124 1454 1468 3138 
2573 3124 1454 1468 3138 3125 1455 1469 3139 
2574 3125 1455 1469 3139 3126 1456 1470 3140 
2575 3126 1456 1470 3140 3127 1457 1471 3141 
2576 3127 1457 1471 3141 3128 1458 1472 3142 
2577 3128 1458 1472 3142 581 143 144 582 
2578 432 84 8 59 3129 1459 243 1109 
2579 3129 1459 243 1109 3130 1460 244 1110 
2580 3130 1460 244 1110 3131 1461 245 1111 
2581 3131 1461 245 1111 3132 1462 246 1112 
2582 3132 1462 246 1112 3133 1463 247 1113 
2583 3133 1463 247 1113 3134 1464 248 1114 
2584 3134 1464 248 1114 3135 1465 249 1115 
2585 3135 1465 249 1115 3136 1466 250 1116 
2586 3136 1466 250 1116 3137 1467 251 1117 
2587 3137 1467 251 1117 3138 1468 252 1118 
2588 3138 1468 252 1118 3139 1469 253 1119 
2589 3139 1469 253 1119 3140 1470 254 1120 
2590 3140 1470 254 1120 3141 1471 255 1121 
2591 3141 1471 255 1121 3142 1472 256 1122 
2592 3142 1472 256 1122 582 144 16 119 
3 5 5 540
2593 4 44 433 80 187 899 3143 1403 
2594 187 899 3143 1403 188 900 3144 1404 
2595 188 900 3144 1404 189 901 3145 1405 
2596 189 901 3145 1405 190 902 3146 1406 
2597 190 902 3146 1406 191 903 3147 1407 
2598 191 903 3147 1407 192 904 3148 1408 
2599 192 904 3148 1408 193 905 3149 1409 
2600 193 905 3149 1409 194 906 3150 1410 
2601 194 906 3150 1410 195 907 3151 1411 
2602 195 907 3151 1411 196 908 3152 1412 
2603 196 908 3152 1412 197 909 3153 1413 
2604 197 909 3153 1413 198 910 3154 1414 
2605 198 910 3154 1414 199 911 3155 1415 
2606 199 911 3155 1415 200 912 3156 1416 
2607 200 912 3156 1416 12 104 583 140 
2608 80 433 434 81 1403 3143 3157 1417 
2609 1403 3143 3157 1417 1404 3144 3158 1418 
2610 1404 3144 3158 1418 1405 3145 3159 1419 
2611 1405 3145 3159 1419 1406 3146 3160 1420 
2612 1406 3146 3160 1420 1407 3147 3161 1421 
2613 1407 3147 3161 1421 1408 3148 3162 1422 
2614 1408 3148 3162 1422 1409 3149 3163 1423 
2615 1409 3149 3163 1423 1410 3150 3164 1424 
2616 1410 3150 3164 1424 1411 3151 3165 1425 
2617 1411 3151 3165 1425 1412 3152 3166 1426 
2618 1412 3152 3166 1426 1413 3153 3167 1427 
2619 1413 3153 3167 1427 1414 3154 3168 1428 
2620 1414 3154 3168 1428 1415 3155 3169 1429 
2621 1415 3155 3169 1429 1416 3156 3170 1430 
2622 1416 3156 3170 1430 140 583 584 141 
2623 81 434 435 82 1417 3157 3171 1431 
2624 1417 3157 3171 1431 1418 3158 3172 1432 
2625 1418 3158 3172 1432 1419 3159 3173 1433 
2626 1419 3159 3173 1433 1420 3160 3174 1434 
2627 1420 3160 3174 1434 1421 3161 3175 1435 
2628 1421 3161 3175 1435 1422 3162 3176 1436 
2629 1422 3162 3176 1436 1423 3163 3177 1437 
2630 1423 3163 3177 1437 1424 3164 3178 1438 
2631 1424 3164 3178 1438 1425 3165 3179 1439 
2632 1425 3165 3179 1439 1426 3166 3180 1440 
2633 1426 3166 3180 1440 1427 3167 3181 1441 
2634 1427 3167 3181 1441 1428 3168 3182 1442 
2635 1428 3168 3182 1442 1429 3169 3183 1443 
2636 1429 3169 3183 1443 1430 3170 3184 1444 
2637 1430 3170 3184 1444 141 584 585 142 
2638 82 435 436 83 1431 3171 3185 1445 
2639 1431 3171 3185 1445 1432 3172 3186 1446 
2640 1432 3172 3186 1446 1433 3173 3187 1447 
2641 1433 3173 3187 1447 1434 3174 3188 1448 
2642 1434 3174 3188 1448 1435 3175 3189 1449 
2643 1435 3175 3189 1449 1436 3176 3190 1450 
2644 1436 3176 3190 1450 1437 3177 3191 1451 
2645 1437 3177 3191 1451 1438 3178 3192 1452 
2646 1438 3178 3192 1452 1439 3179 3193 1453 
2647 1439 3179 3193 1453 1440 3180 3194 1454 
2648 1440 3180 3194 1454 1441 3181 3195 1455 
2649 1441 3181 3195 1455 1442 3182 3196 1456 
2650 1442 3182 3196 1456 1443 3183 3197 1457 
2651 1443 3183 3197 1457 1444 3184 3198 1458 
2652 1444 3184 3198 1458 142 585 586 143 
2653 83 436 437 84 1445 3185 3199 1459 
2654 1445 3185 3199 1459 1446 3186 3200 1460 
2655 1446 3186 3200 1460 1447 3187 3201 1461 
2656 1447 3187 3201 1461 1448 3188 3202 1462 
2657 1448 3188 3202 1462 1449 3189 3203 1463 
2658 1449 3189 3203 1463 1450 3190 3204 1464 
2659 1450 3190 3204 1464 1451 3191 3205 1465 
2660 1451 3191 3205 1465 1452 3192 3206 1466 
2661 1452 3192 3206 1466 1453 3193 3207 1467 
2662 1453 3193 3207 1467 1454 3194 3208 1468 
2663 1454 3194 3208 1468 1455 3195 3209 1469 
2664 1455 3195 3209 1469 1456 3196 3210 1470 
2665 1456 3196 3210 1470 1457 3197 3211 1471 
2666 1457 3197 3211 1471 1458 3198 3212 1472 
2667 1458 3198 3212 1472 143 586 587 144 
2668 84 437 64 8 1459 3199 1179 243 
2669 1459 3199 1179 243 1460 3200 1180 244 
2670 1460 3200 1180 244 1461 3201 1181 245 
2671 1461 3201 1181 245 1462 3202 1182 246 
2672 1462 3202 1182 246 1463 3203 1183 247 
2673 1463 3203 1183 247 1464 3204 1184 248 
2674 1464 3204 1184 248 1465 3205 1185 249 
2675 1465 3205 1185 249 1466 3206 1186 250 
2676 1466 3206 1186 250 1467 3207 1187 251 
2677 1467 3207 1187 251 1468 3208 1188 252 
2678 1468 3208 1188 252 1469 3209 1189 253 
2679 1469 3209 1189 253 1470 3210 1190 254 
2680 1470 3210 1190 254 1471 3211 1191 255 
2681 1471 3211 1191 255 1472 3212 1192 256 
2682 1472 3212 1192 256 144 587 124 16 
2683 44 43 438 433 899 885 3213 3143 
2684 899 885 3213 3143 900 886 3214 3144 
2685 900 886 3214 3144 901 887 3215 3145 
2686 901 887 3215 3145 902 888 3216 3146 
2687 902 888 3216 3146 903 889 3217 3147 
2688 903 889 3217 3147 904 890 3218 3148 
2689 904 890 3218 3148 905 891 3219 3149 
2690 905 891 3219 3149 906 892 3220 3150 
2691 906 892 3220 3150 907 893 3221 3151 
2692 907 893 3221 3151 908 894 3222 3152 
2693 908 894 3222 3152 909 895 3223 3153 
2694 909 895 3223 3153 910 896 3224 3154 
2695 910 896 3224 3154 911 897 3225 3155 
2696 911 897 3225 3155 912 898 3226 3156 
2697 912 898 3226 3156 104 103 588 583 
2698 433 438 439 434 3143 3213 3227 3157 
2699 3143 3213 3227 3157 3144 3214 3228 3158 
2700 3144 3214 3228 3158 3145 3215 3229 3159 
2701 3145 3215 3229 3159 3146 3216 3230 3160 
2702 3146 3216 3230 3160 3147 3217 3231 3161 
2703 3147 3217 3231 3161 3148 3218 3232 3162 
2704 3148 3218 3232 3162 3149 3219 3233 3163 
2705 3149 3219 3233 3163 3150 3220 3234 3164 
2706 3150 3220 3234 3164 3151 3221 3235 3165 
2707 3151 3221 3235 3165 3152 3222 3236 3166 
2708 3152 3222 3236 3166 3153 3223 3237 3167 
2709 3153 3223 3237 3167 3154 3224 3238 3168 
2710 3154 3224 3238 3168 3155 3225 3239 3169 
2711 3155 3225 3239 3169 3156 3226 3240 3170 
2712 3156 3226 3240 3170 583 588 589 584 
2713 434 439 440 435 3157 3227 3241 3171 
2714 3157 3227 3241 3171 3158 3228 3242 3172 
2715 3158 3228 3242 3172 3159 3229 3243 3173 
2716 3159 3229 3243 3173 3160 3230 3244 3174 
2717 3160 3230 3244 3174 3161 3231 3245 3175 
2718 3161 3231 3245 3175 3162 3232 3246 3176 
2719 3162 3232 3246 3176 3163 3233 3247 3177 
2720 3163 3233 3247 3177 3164 3234 3248 3178 
2721 3164 3234 3248 3178 3165 3235 3249 3179 
2722 3165 3235 3249 3179 3166 3236 3250 3180 
2723 3166 3236 3250 3180 3167 3237 3251 3181 
2724 3167 3237 3251 3181 3168 3238 3252 3182 
2725 3168 3238 3252 3182 3169 3239 3253 3183 
2726 3169 3239 3253 3183 3170 3240 3254 3184 
2727 3170 3240 3254 3184 584 589 590 585 
2728 435 440 441 436 3171 3241 3255 3185 
2729 3171 3241 3255 3185 3172 3242 3256 3186 
2730 3172 3242 3256 3186 3173 3243 3257 3187 
2731 3173 3243 3257 3187 3174 3244 3258 3188 
2732 3174 3244 3258 3188 3175 3245 3259 3189 
2733 3175 3245 3259 3189 3176 3246 3260 3190 
2734 3176 3246 3260 3190 3177 3247 3261 3191 
2735 3177 3247 3261 3191 3178 3248 3262 3192 
2736 3178 3248 3262 3192 3179 3249 3263 3193 
2737 3179 3249 3263 3193 3180 3250 3264 3194 
2738 3180 3250 3264 3194 3181 3251 3265 3195 
2739 3181 3251 3265 3195 3182 3252 3266 3196 
2740 3182 3252 3266 3196 3183 3253 3267 3197 
2741 3183 3253 3267 3197 3184 3254 3268 3198 
2742 3184 3254 3268 3198 585 590 591 586 
2743 436 441 442 437 3185 3255 3269 3199 
2744 3185 3255 3269 3199 3186 3256 3270 3200 
2745 3186 3256 3270 3200 3187 3257 3271 3201 
2746 3187 3257 3271 3201 3188 3258 3272 3202 
2747 3188 3258 3272 3202 3189 3259 3273 3203 
2748 3189 3259 3273 3203 3190 3260 3274 3204 
2749 3190 3260 3274 3204 3191 3261 3275 3205 
2750 3191 3261 3275 3205 3192 3262 3276 3206 
2751 3192 3262 3276 3206 3193 3263 3277 3207 
2752 3193 3263 3277 3207 3194 3264 3278 3208 
2753 3194 3264 3278 3208 3195 3265 3279 3209 
2754 3195 3265 3279 3209 3196 3266 3280 3210 
2755 3196 3266 3280 3210 3197 3267 3281 3211 
2756 3197 3267 3281 3211 3198 3268 3282 3212 
2757 3198 3268 3282 3212 586 591 592 587 
2758 437 442 63 64 3199 3269 1165 1179 
2759 3199 3269 1165 1179 3200 3270 1166 1180 
2760 3200 3270 1166 1180 3201 3271 1167 1181 
2761 3201 3271 1167 1181 3202 3272 1168 1182 
2762 3202 3272 1168 1182 3203 3273 1169 1183 
2763 3203 3273 1169 1183 3204 3274 1170 1184 
2764 3204 3274 1170 1184 3205 3275 1171 1185 
2765 3205 3275 1171 1185 3206 3276 1172 1186 
2766 3206 3276 1172 1186 3207 3277 1173 1187 
2767 3207 3277 1173 1187 3208 3278 1174 1188 
2768 3208 3278 1174 1188 3209 3279 1175 1189 
2769 3209 3279 1175 1189 3210 3280 1176 1190 
2770 3210 3280 1176 1190 3211 3281 1177 1191 
2771 3211 3281 1177 1191 3212 3282 1178 1192 
2772 3212 3282 1178 1192 587 592 123 124 
2773 43 42 443 438 885 871 3283 3213 
2774 885 871 3283 3213 886 872 3284 3214 
2775 886 872 3284 3214 887 873 3285 3215 
2776 887 873 3285 3215 888 874 3286 3216 
2777 888 874 3286 3216 889 875 3287 3217 
2778 889 875 3287 3217 890 876 3288 3218 
2779 890 876 3288 3218 891 877 3289 3219 
2780 891 877 3289 3219 892 878 3290 3220 
2781 892 878 3290 3220 893 879 3291 3221 
2782 893 879 3291 3221 894 880 3292 3222 
2783 894 880 3292 3222 895 881 3293 3223 
2784 895 881 3293 3223 896 882 3294 3224 
2785 896 882 3294 3224 897 883 3295 3225 
2786 897 883 3295 3225 898 884 3296 3226 
2787 898 884 3296 3226 103 102 593 588 
2788 438 443 444 439 3213 3283 3297 3227 
2789 3213 3283 3297 3227 3214 3284 3298 3228 
2790 3214 3284 3298 3228 3215 3285 3299 3229 
2791 3215 3285 3299 3229 3216 3286 3300 3230 
2792 3216 3286 3300 3230 3217 3287 3301 3231 
2793 3217 3287 3301 3231 3218 3288 3302 3232 
2794 3218 3288 3302 3232 3219 3289 3303 3233 
2795 3219 3289 3303 3233 3220 3290 3304 3234 
2796 3220 3290 3304 3234 3221 3291 3305 3235 
2797 3221 3291 3305 3235 3222 3292 3306 3236 
2798 3222 3292 3306 3236 3223 3293 3307 3237 
2799 3223 3293 3307 3237 3224 3294 3308 3238 
2800 3224 3294 3308 3238 3225 3295 3309 3239 
2801 3225 3295 3309 3239 3226 3296 3310 3240 
2802 3226 3296 3310 3240 588 593 594 589 
2803 439 444 445 440 3227 3297 3311 3241 
2804 3227 3297 3311 3241 3228 3298 3312 3242 
2805 3228 3298 3312 3242 3229 3299 3313 3243 
2806 3229 3299 3313 3243 3230 3300 3314 3244 
2807 3230 3300 3314 3244 3231 3301 3315 3245 
2808 3231 3301 3315 3245 3232 3302 3316 3246 
2809 3232 3302 3316 3246 3233 3303 3317 3247 
2810 3233 3303 3317 3247 3234 3304 3318 3248 
2811 3234 3304 3318 3248 3235 3305 3319 3249 
2812 3235 3305 3319 3249 3236 3306 3320 3250 
2813 3236 3306 3320 3250 3237 3307 3321 3251 
2814 3237 3307 3321 3251 3238 3308 3322 3252 
2815 3238 3308 3322 3252 3239 3309 3323 3253 
2816 3239 3309 3323 3253 3240 3310 3324 3254 
2817 3240 3310 3324 3254 589 594 595 590 
2818 440 445 446 441 3241 3311 3325 3255 
2819 3241 3311 3325 3255 3242 3312 3326 3256 
2820 3242 3312 3326 3256 3243 3313 3327 3257 
2821 3243 3313 3327 3257 3244 3314 3328 3258 
2822 3244 3314 3328 3258 3245 3315 3329 3259 
2823 3245 3315 3329 3259 3246 3316 3330 3260 
2824 3246 3316 3330 3260 3247 3317 3331 3261 
2825 3247 3317 3331 3261 3248 3318 3332 3262 
2826 3248 3318 3332 3262 3249 3319 3333 3263 
2827 3249 3319 3333 3263 3250 3320 3334 3264 
2828 3250 3320 3334 3264 3251 3321 3335 3265 
2829 3251 3321 3335 3265 3252 3322 3336 3266 
2830 3252 3322 3336 3266 3253 3323 3337 3267 
2831 3253 3323 3337 3267 3254 3324 3338 3268 
2832 3254 3324 3338 3268 590 595 596 591 
2833 441 446 447 442 3255 3325 3339 3269 
2834 3255 3325 3339 3269 3256 3326 3340 3270 
2835 3256 3326 3340 3270 3257 3327 3341 3271 
2836 3257 3327 3341 3271 3258 3328 3342 3272 
2837 3258 3328 3342 3272 3259 3329 3343 3273 
2838 3259 3329 3343 3273 3260 3330 3344 3274 
2839 3260 3330 3344 3274 3261 3331 3345 3275 
2840 3261 3331 3345 3275 3262 3332 3346 3276 
2841 3262 3332 3346 3276 3263 3333 3347 3277 
2842 3263 3333 3347 3277 3264 3334 3348 3278 
2843 3264 3334 3348 3278 3265 3335 3349 3279 
2844 3265 3335 3349 3279 3266 3336 3350 3280 
2845 3266 3336 3350 3280 3267 3337 3351 3281 
2846 3267 3337 3351 3281 3268 3338 3352 3282 
2847 3268 3338 3352 3282 591 596 597 592 
2848 442 447 62 63 3269 3339 1151 1165 
2849 3269 3339 1151 1165 3270 3340 1152 1166 
2850 3270 3340 1152 1166 3271 3341 1153 1167 
2851 3271 3341 1153 1167 3272 3342 1154 1168 
2852 3272 3342 1154 1168 3273 3343 1155 1169 
2853 3273 3343 1155 1169 3274 3344 1156 1170 
2854 3274 3344 1156 1170 3275 3345 1157 1171 
2855 3275 3345 1157 1171 3276 3346 1158 1172 
2856 3276 3346 1158 1172 3277 3347 1159 1173 
2857 3277 3347 1159 1173 3278 3348 1160 1174 
2858 3278 3348 1160 1174 3279 3349 1161 1175 
2859 3279 3349 1161 1175 3280 3350 1162 1176 
2860 3280 3350 1162 1176 3281 3351 1163 1177 
2861 3281 3351 1163 1177 3282 3352 1164 1178 
2862 3282 3352 1164 1178 592 597 122 123 
2863 42 41 448 443 871 857 3353 3283 
2864 871 857 3353 3283 872 858 3354 3284 
2865 872 858 3354 3284 873 859 3355 3285 
2866 873 859 3355 3285 874 860 3356 3286 
2867 874 860 3356 3286 875 861 3357 3287 
2868 875 861 3357 3287 876 862 3358 3288 
2869 876 862 3358 3288 877 863 3359 3289 
2870 877 863 3359 3289 878 864 3360 3290 
2871 878 864 3360 3290 879 865 3361 3291 
2872 879 865 3361 3291 880 866 3362 3292 
2873 880 866 3362 3292 881 867 3363 3293 
2874 881 867 3363 3293 882 868 3364 3294 
2875 882 868 3364 3294 883 869 3365 3295 
2876 883 869 3365 3295 884 870 3366 3296 
2877 884 870 3366 3296 102 101 598 593 
2878 443 448 449 444 3283 3353 3367 3297 
2879 3283 3353 3367 3297 3284 3354 3368 3298 
2880 3284 3354 3368 3298 3285 3355 3369 3299 
2881 3285 3355 3369 3299 3286 3356 3370 3300 
2882 3286 3356 3370 3300 3287 3357 3371 3301 
2883 3287 3357 3371 3301 3288 3358 3372 3302 
2884 3288 3358 3372 3302 3289 3359 3373 3303 
2885 3289 3359 3373 3303 3290 3360 3374 3304 
2886 3290 3360 3374 3304 3291 3361 3375 3305 
2887 3291 3361 3375 3305 3292 3362 3376 3306 
2888 3292 3362 3376 3306 3293 3363 3377 3307 
2889 3293 3363 3377 3307 3294 3364 3378 3308 
2890 3294 3364 3378 3308 3295 3365 3379 3309 
2891 3295 3365 3379 3309 3296 3366 3380 3310 
2892 3296 3366 3380 3310 593 598 599 594 
2893 444 449 450 445 3297 3367 3381 3311 
2894 3297 3367 3381 3311 3298 3368 3382 3312 
2895 3298 3368 3382 3312 3299 3369 3383 3313 
2896 3299 3369 3383 3313 3300 3370 3384 3314 
2897 3300 3370 3384 3314 3301 3371 3385 3315 
2898 3301 3371 3385 3315 3302 3372 3386 3316 
2899 3302 3372 3386 3316 3303 3373 3387 3317 
2900 3303 3373 3387 3317 3304 3374 3388 3318 
2901 3304 3374 3388 3318 3305 3375 3389 3319 
2902 3305 3375 3389 3319 3306 3376 3390 3320 
2903 3306 3376 3390 3320 3307 3377 3391 3321 
2904 3307 3377 3391 3321 3308 3378 3392 3322 
2905 3308 3378 3392 3322 3309 3379 3393 3323 
2906 3309 3379 3393 3323 3310 3380 3394 3324 
2907 3310 3380 3394 3324 594 599 600 595 
2908 445 450 451 446 3311 3381 3395 3325 
2909 3311 3381 3395 3325 3312 3382 3396 3326 
2910 3312 3382 3396 3326 3313 3383 3397 3327 
2911 3313 3383 3397 3327 3314 3384 3398 3328 
2912 3314 3384 3398 3328 3315 3385 3399 3329 
2913 3315 3385 3399 3329 3316 3386 3400 3330 
2914 3316 3386 3400 3330 3317 3387 3401 3331 
2915 3317 3387 3401 3331 3318 3388 3402 3332 
2916 3318 3388 3402 3332 3319 3389 3403 3333 
2917 3319 3389 3403 3333 3320 3390 3404 3334 
2918 3320 3390 3404 3334 3321 3391 3405 3335 
2919 3321 3391 3405 3335 3322 3392 3406 3336 
2920 3322 3392 3406 3336 3323 3393 3407 3337 
2921 3323 3393 3407 3337 3324 3394 3408 3338 
2922 3324 3394 3408 3338 595 600 601 596 
2923 446 451 452 447 3325 3395 3409 3339 
2924 3325 3395 3409 3339 3326 3396 3410 3340 
2925 3326 3396 3410 3340 3327 3397 3411 3341 
2926 3327 3397 3411 3341 3328 3398 3412 3342 
2927 3328 3398 3412 3342 3329 3399 3413 3343 
2928 3329 3399 3413 3343 3330 3400 3414 3344 
2929 3330 3400 3414 3344 3331 3401 3415 3345 
2930 3331 3401 3415 3345 3332 3402 3416 3346 
2931 3332 3402 3416 3346 3333 3403 3417 3347 
2932 3333 3403 3417 3347 3334 3404 3418 3348 
2933 3334 3404 3418 3348 3335 3405 3419 3349 
2934 3335 3405 3419 3349 3336 3406 3420 3350 
2935 3336 3406 3420 3350 3337 3407 3421 3351 
2936 3337 3407 3421 3351 3338 3408 3422 3352 
2937 3338 3408 3422 3352 596 601 602 597 
2938 447 452 61 62 3339 3409 1137 1151 
2939 3339 3409 1137 1151 3340 3410 1138 1152 
2940 3340 3410 1138 1152 3341 3411 1139 1153 
2941 3341 3411 1139 1153 3342 3412 1140 1154 
2942 3342 3412 1140 1154 3343 3413 1141 1155 
2943 3343 3413 1141 1155 3344 3414 1142 1156 
2944 3344 3414 1142 1156 3345 3415 1143 1157 
2945 3345 3415 1143 1157 3346 3416 1144 1158 
2946 3346 3416 1144 1158 3347 3417 1145 1159 
2947 3347 3417 1145 1159 3348 3418 1146 1160 
2948 3348 3418 1146 1160 3349 3419 1147 1161 
2949 3349 3419 1147 1161 3350 3420 1148 1162 
2950 3350 3420 1148 1162 3351 3421 1149 1163 
2951 3351 3421 1149 1163 3352 3422 1150 1164 
2952 3352 3422 1150 1164 597 602 121 122 
2953 41 40 453 448 857 843 3423 3353 
2954 857 843 3423 3353 858 844 3424 3354 
2955 858 844 3424 3354 859 845 3425 3355 
2956 859 845 3425 3355 860 846 3426 3356 
2957 860 846 3426 3356 861 847 3427 3357 
2958 861 847 3427 3357 862 848 3428 3358 
2959 862 848 3428 3358 863 849 3429 3359 
2960 863 849 3429 3359 864 850 3430 3360 
2961 864 850 3430 3360 865 851 3431 3361 
2962 865 851 3431 3361 866 852 3432 3362 
2963 866 852 3432 3362 867 853 3433 3363 
2964 867 853 3433 3363 868 854 3434 3364 
2965 868 854 3434 3364 869 855 3435 3365 
2966 869 855 3435 3365 870 856 3436 3366 
2967 870 856 3436 3366 101 100 603 598 
2968 448 453 454 449 3353 3423 3437 3367 
2969 3353 3423 3437 3367 3354 3424 3438 3368 
2970 3354 3424 3438 3368 3355 3425 3439 3369 
2971 3355 3425 3439 3369 3356 3426 3440 3370 
2972 3356 3426 3440 3370 3357 3427 3441 3371 
2973 3357 3427 3441 3371 3358 3428 3442 3372 
2974 3358 3428 3442 3372 3359 3429 3443 3373 
2975 3359 3429 3443 3373 3360 3430 3444 3374 
2976 3360 3430 3444 3374 3361 3431 3445 3375 
2977 3361 3431 3445 3375 3362 3432 3446 3376 
2978 3362 3432 3446 3376 3363 3433 3447 3377 
2979 3363 3433 3447 3377 3364 3434 3448 3378 
2980 3364 3434 3448 3378 3365 3435 3449 3379 
2981 3365 3435 3449 3379 3366 3436 3450 3380 
2982 3366 3436 3450 3380 598 603 604 599 
2983 449 454 455 450 3367 3437 3451 3381 
2984 3367 3437 3451 3381 3368 3438 3452 3382 
2985 3368 3438 3452 3382 3369 3439 3453 3383 
2986 3369 3439 3453 3383 3370 3440 3454 3384 
2987 3370 3440 3454 3384 3371 3441 3455 3385 
2988 3371 3441 3455 3385 3372 3442 3456 3386 
2989 3372 3442 3456 3386 3373 3443 3457 3387 
2990 3373 3443 3457 3387 3374 3444 3458 3388 
2991 3374 3444 3458 3388 3375 3445 3459 3389 
2992 3375 3445 3459 3389 3376 3446 3460 3390 
2993 3376 3446 3460 3390 3377 3447 3461 3391 
2994 3377 3447 3461 3391 3378 3448 3462 3392 
2995 3378 3448 3462 3392 3379 3449 3463 3393 
2996 3379 3449 3463 3393 3380 3450 3464 3394 
2997 3380 3450 3464 3394 599 604 605 600 
2998 450 455 456 451 3381 3451 3465 3395 
2999 3381 3451 3465 3395 3382 3452 3466 3396 
3000 3382 3452 3466 3396 3383 3453 3467 3397 
3001 3383 3453 3467 3397 3384 3454 3468 3398 
3002 3384 3454 3468 3398 3385 3455 3469 3399 
3003 3385 3455 3469 3399 3386 3456 3470 3400 
3004 3386 3456 3470 3400 3387 3457 3471 3401 
3005 3387 3457 3471 3401 3388 3458 3472 3402 
3006 3388 3458 3472 3402 3389 3459 3473 3403 
3007 3389 3459 3473 3403 3390 3460 3474 3404 
3008 3390 3460 3474 3404 3391 3461 3475 3405 
3009 3391 3461 3475 3405 3392 3462 3476 3406 
3010 3392 3462 3476 3406 3393 3463 3477 3407 
3011 3393 3463 3477 3407 3394 3464 3478 3408 
3012 3394 3464 3478 3408 600 605 606 601 
3013 451 456 457 452 3395 3465 3479 3409 
3014 3395 3465 3479 3409 3396 3466 3480 3410 
3015 3396 3466 3480 3410 3397 3467 3481 3411 
3016 3397 3467 3481 3411 3398 3468 3482 3412 
3017 3398 3468 3482 3412 3399 3469 3483 3413 
3018 3399 3469 3483 3413 3400 3470 3484 3414 
3019 3400 3470 3484 3414 3401 3471 3485 3415 
3020 3401 3471 3485 3415 3402 3472 3486 3416 
3021 3402 3472 3486 3416 3403 3473 3487 3417 
3022 3403 3473 3487 3417 3404 3474 3488 3418 
3023 3404 3474 3488 3418 3405 3475 3489 3419 
3024 3405 3475 3489 3419 3406 3476 3490 3420 
3025 3406 3476 3490 3420 3407 3477 3491 3421 
3026 3407 3477 3491 3421 3408 3478 3492 3422 
3027 3408 3478 3492 3422 601 606 607 602 
3028 452 457 60 61 3409 3479 1123 1137 
3029 3409 3479 1123 1137 3410 3480 1124 1138 
3030 3410 3480 1124 1138 3411 3481 1125 1139 
3031 3411 3481 1125 1139 3412 3482 1126 1140 
3032 3412 3482 1126 1140 3413 3483 1127 1141 
3033 3413 3483 1127 1141 3414 3484 1128 1142 
3034 3414 3484 1128 1142 3415 3485 1129 1143 
3035 3415 3485 1129 1143 3416 3486 1130 1144 
3036 3416 3486 1130 1144 3417 3487 1131 1145 
3037 3417 3487 1131 1145 3418 3488 1132 1146 
3038 3418 3488 1132 1146 3419 3489 1133 1147 
3039 3419 3489 1133 1147 3420 3490 1134 1148 
3040 3420 3490 1134 1148 3421 3491 1135 1149 
3041 3421 3491 1135 1149 3422 3492 1136 1150 
3042 3422 3492 1136 1150 602 607 120 121 
3043 40 1 65 453 843 145 1193 3423 
3044 843 145 1193 3423 844 146 1194 3424 
3045 844 146 1194 3424 845 147 1195 3425 
3046 845 147 1195 3425 846 148 1196 3426 
3047 846 148 1196 3426 847 149 1197 3427 
3048 847 149 1197 3427 848 150 1198 3428 
3049 848 150 1198 3428 849 151 1199 3429 
3050 849 151 1199 3429 850 152 1200 3430 
3051 850 152 1200 3430 851 153 1201 3431 
3052 851 153 1201 3431 852 154 1202 3432 
3053 852 154 1202 3432 853 155 1203 3433 
3054 853 155 1203 3433 854 156 1204 3434 
3055 854 156 1204 3434 855 157 1205 3435 
3056 855 157 1205 3435 856 158 1206 3436 
3057 856 158 1206 3436 100 9 125 603 
3058 453 65 66 454 3423 1193 1207 3437 
3059 3423 1193 1207 3437 3424 1194 1208 3438 
3060 3424 1194 1208 3438 3425 1195 1209 3439 
3061 3425 1195 1209 3439 3426 1196 1210 3440 
3062 3426 1196 1210 3440 3427 1197 1211 3441 
3063 3427 1197 1211 3441 3428 1198 1212 3442 
3064 3428 1198 1212 3442 3429 1199 1213 3443 
3065 3429 1199 1213 3443 3430 1200 1214 3444 
3066 3430 1200 1214 3444 3431 1201 1215 3445 
3067 3431 1201 1215 3445 3432 1202 1216 3446 
3068 3432 1202 1216 3446 3433 1203 1217 3447 
3069 3433 1203 1217 3447 3434 1204 1218 3448 
3070 3434 1204 1218 3448 3435 1205 1219 3449 
3071 3435 1205 1219 3449 3436 1206 1220 3450 
3072 3436 1206 1220 3450 603 125 126 604 
3073 454 66 67 455 3437 1207 1221 3451 
3074 3437 1207 1221 3451 3438 1208 1222 3452 
3075 3438 1208 1222 3452 3439 1209 1223 3453 
3076 3439 1209 1223 3453 3440 1210 1224 3454 
3077 3440 1210 1224 3454 3441 1211 1225 3455 
3078 3441 1211 1225 3455 3442 1212 1226 3456 
3079 3442 1212 1226 3456 3443 1213 1227 3457 
3080 3443 1213 1227 3457 3444 1214 1228 3458 
3081 3444 1214 1228 3458 3445 1215 1229 3459 
3082 3445 1215 1229 3459 3446 1216 1230 3460 
3083 3446 1216 1230 3460 3447 1217 1231 3461 
3084 3447 1217 1231 3461 3448 1218 1232 3462 
3085 3448 1218 1232 3462 3449 1219 1233 3463 
3086 3449 1219 1233 3463 3450 1220 1234 3464 
3087 3450 1220 1234 3464 604 126 127 605 
3088 455 67 68 456 3451 1221 1235 3465 
3089 3451 1221 1235 3465 3452 1222 1236 3466 
3090 3452 1222 1236 3466 3453 1223 1237 3467 
3091 3453 1223 1237 3467 3454 1224 1238 3468 
3092 3454 1224 1238 3468 3455 1225 1239 3469 
3093 3455 1225 1239 3469 3456 1226 1240 3470 
3094 3456 1226 1240 3470 3457 1227 1241 3471 
3095 3457 1227 1241 3471 3458 1228 1242 3472 
3096 3458 1228 1242 3472 3459 1229 1243 3473 
3097 3459 1229 1243 3473 3460 1230 1244 3474 
3098 3460 1230 1244 3474 3461 1231 1245 3475 
3099 3461 1231 1245 3475 3462 1232 1246 3476 
3100 3462 1232 1246 3476 3463 1233 1247 3477 
3101 3463 1233 1247 3477 3464 1234 1248 3478 
3102 3464 1234 1248 3478 605 127 128 606 
3103 456 68 69 457 3465 1235 1249 3479 
3104 3465 1235 1249 3479 3466 1236 1250 3480 
3105 3466 1236 1250 3480 3467 1237 1251 3481 
3106 3467 1237 1251 3481 3468 1238 1252 3482 
3107 3468 1238 1252 3482 3469 1239 1253 3483 
3108 3469 1239 1253 3483 3470 1240 1254 3484 
3109 3470 1240 1254 3484 3471 1241 1255 3485 
3110 3471 1241 1255 3485 3472 1242 1256 3486 
3111 3472 1242 1256 3486 3473 1243 1257 3487 
3112 3473 1243 1257 3487 3474 1244 1258 3488 
3113 3474 1244 1258 3488 3475 1245 1259 3489 
3114 3475 1245 1259 3489 3476 1246 1260 3490 
3115 3476 1246 1260 3490 3477 1247 1261 3491 
3116 3477 1247 1261 3491 3478 1248 1262 3492 
3117 3478 1248 1262 3492 606 128 129 607 
3118 457 69 5 60 3479 1249 201 1123 
3119 3479 1249 201 1123 3480 1250 202 1124 
3120 3480 1250 202 1124 3481 1251 203 1125 
3121 3481 1251 203 1125 3482 1252 204 1126 
3122 3482 1252 204 1126 3483 1253 205 1127 
3123 3483 1253 205 1127 3484 1254 206 1128 
3124 3484 1254 206 1128 3485 1255 207 1129 
3125 3485 1255 207 1129 3486 1256 208 1130 
3126 3486 1256 208 1130 3487 1257 209 1131 
3127 3487 1257 209 1131 3488 1258 210 1132 
3128 3488 1258 210 1132 3489 1259 211 1133 
3129 3489 1259 211 1133 3490 1260 212 1134 
3130 3490 1260 212 1134 3491 1261 213 1135 
3131 3491 1261 213 1135 3492 1262 214 1136 
3132 3492 1262 214 1136 607 129 13 120 
3 6 5 540
3133 2 30 458 70 159 703 3493 1263 
3134 159 703 3493 1263 160 704 3494 1264 
3135 160 704 3494 1264 161 705 3495 1265 
3136 161 705 3495 1265 162 706 3496 1266 
3137 162 706 3496 1266 163 707 3497 1267 
3138 163 707 3497 1267 164 708 3498 1268 
3139 164 708 3498 1268 165 709 3499 1269 
3140 165 709 3499 1269 166 710 3500 1270 
3141 166 710 3500 1270 167 711 3501 1271 
3142 167 711 3501 1271 168 712 3502 1272 
3143 168 712 3502 1272 169 713 3503 1273 
3144 169 713 3503 1273 170 714 3504 1274 
3145 170 714 3504 1274 171 715 3505 1275 
3146 171 715 3505 1275 172 716 3506 1276 
3147 172 716 3506 1276 10 90 608 130 
3148 70 458 459 71 1263 3493 3507 1277 
3149 1263 3493 3507 1277 1264 3494 3508 1278 
3150 1264 3494 3508 1278 1265 3495 3509 1279 
3151 1265 3495 3509 1279 1266 3496 3510 1280 
3152 1266 3496 3510 1280 1267 3497 3511 1281 
3153 1267 3497 3511 1281 1268 3498 3512 1282 
3154 1268 3498 3512 1282 1269 3499 3513 1283 
3155 1269 3499 3513 1283 1270 3500 3514 1284 
3156 1270 3500 3514 1284 1271 3501 3515 1285 
3157 1271 3501 3515 1285 1272 3502 3516 1286 
3158 1272 3502 3516 1286 1273 3503 3517 1287 
3159 1273 3503 3517 1287 1274 3504 3518 1288 
3160 1274 3504 3518 1288 1275 3505 3519 1289 
3161 1275 3505 3519 1289 1276 3506 3520 1290 
3162 1276 3506 3520 1290 130 608 609 131 
3163 71 459 460 72 1277 3507 3521 1291 
3164 1277 3507 3521 1291 1278 3508 3522 1292 
3165 1278 3508 3522 1292 1279 3509 3523 1293 
3166 1279 3509 3523 1293 1280 3510 3524 1294 
3167 1280 3510 3524 1294 1281 3511 3525 1295 
3168 1281 3511 3525 1295 1282 3512 3526 1296 
3169 1282 3512 3526 1296 1283 3513 3527 1297 
3170 1283 3513 3527 1297 1284 3514 3528 1298 
3171 1284 3514 3528 1298 1285 3515 3529 1299 
3172 1285 3515 3529 1299 1286 3516 3530 1300 
3173 1286 3516 3530 1300 1287 3517 3531 1301 
3174 1287 3517 3531 1301 1288 3518 3532 1302 
3175 1288 3518 3532 1302 1289 3519 3533 1303 
3176 1289 3519 3533 1303 1290 3520 3534 1304 
3177 1290 3520 3534 1304 131 609 610 132 
3178 72 460 461 73 1291 3521 3535 1305 
3179 1291 3521 3535 1305 1292 3522 3536 1306 
3180 1292 3522 3536 1306 1293 3523 3537 1307 
3181 1293 3523 3537 1307 1294 3524 3538 1308 
3182 1294 3524 3538 1308 1295 3525 3539 1309 
3183 1295 3525 3539 1309 1296 3526 3540 1310 
3184 1296 3526 3540 1310 1297 3527 3541 1311 
3185 1297 3527 3541 1311 1298 3528 3542 1312 
3186 1298 3528 3542 1312 1299 3529 3543 1313 
3187 1299 3529 3543 1313 1300 3530 3544 1314 
3188 1300 3530 3544 1314 1301 3531 3545 1315 
3189 1301 3531 3545 1315 1302 3532 3546 1316 
3190 1302 3532 3546 1316 1303 3533 3547 1317 
3191 1303 3533 3547 1317 1304 3534 3548 1318 
3192 1304 3534 3548 1318 132 610 611 133 
3193 73 461 462 74 1305 3535 3549 1319 
3194 1305 3535 3549 1319 1306 3536 3550 1320 
3195 1306 3536 3550 1320 1307 3537 3551 1321 
3196 1307 3537 3551 1321 1308 3538 3552 1322 
3197 1308 3538 3552 1322 1309 3539 3553 1323 
3198 1309 3539 3553 1323 1310 3540 3554 1324 
3199 1310 3540 3554 1324 1311 3541 3555 1325 
3200 1311 3541 3555 1325 1312 3542 3556 1326 
3201 1312 3542 3556 1326 1313 3543 3557 1327 
3202 1313 3543 3557 1327 1314 3544 3558 1328 
3203 1314 3544 3558 1328 1315 3545 3559 1329 
3204 1315 3545 3559 1329 1316 3546 3560 1330 
3205 1316 3546 3560 1330 1317 3547 3561 1331 
3206 1317 3547 3561 1331 1318 3548 3562 1332 
3207 1318 3548 3562 1332 133 611 612 134 
3208 74 462 50 6 1319 3549 983 215 
3209 1319 3549 983 215 1320 3550 984 216 
3210 1320 3550 984 216 1321 3551 985 217 
3211 1321 3551 985 217 1322 3552 986 218 
3212 1322 3552 986 218 1323 3553 987 219 
3213 1323 3553 987 219 1324 3554 988 220 
3214 1324 3554 988 220 1325 3555 989 221 
3215 1325 3555 989 221 1326 3556 990 222 
3216 1326 3556 990 222 1327 3557 991 223 
3217 1327 3557 991 223 1328 3558 992 224 
3218 1328 3558 992 224 1329 3559 993 225 
3219 1329 3559 993 225 1330 3560 994 226 
3220 1330 3560 994 226 1331 3561 995 227 
3221 1331 3561 995 227 1332 3562 996 228 
3222 1332 3562 996 228 134 612 110 14 
3223 30 31 463 458 703 717 3563 3493 
3224 703 717 3563 3493 704 718 3564 3494 
3225 704 718 3564 3494 705 719 3565 3495 
3226 705 719 3565 3495 706 720 3566 3496 
3227 706 720 3566 3496 707 721 3567 3497 
3228 707 721 3567 3497 708 722 3568 3498 
3229 708 722 3568 3498 709 723 3569 3499 
3230 709 723 3569 3499 710 724 3570 3500 
3231 710 724 3570 3500 711 725 3571 3501 
3232 711 725 3571 3501 712 726 3572 3502 
3233 712 726 3572 3502 713 727 3573 3503 
3234 713 727 3573 3503 714 728 3574 3504 
3235 714 728 3574 3504 715 729 3575 3505 
3236 715 729 3575 3505 716 730 3576 3506 
3237 716 730 3576 3506 90 91 613 608 
3238 458 463 464 459 3493 3563 3577 3507 
3239 3493 3563 3577 3507 3494 3564 3578 3508 
3240 3494 3564 3578 3508 3495 3565 3579 3509 
3241 3495 3565 3579 3509 3496 3566 3580 3510 
3242 3496 3566 3580 3510 3497 3567 3581 3511 
3243 3497 3567 3581 3511 3498 3568 3582 3512 
3244 3498 3568 3582 3512 3499 3569 3583 3513 
3245 3499 3569 3583 3513 3500 3570 3584 3514 
3246 3500 3570 3584 3514 3501 3571 3585 3515 
3247 3501 3571 3585 3515 3502 3572 3586 3516 
3248 3502 3572 3586 3516 3503 3573 3587 3517 
3249 3503 3573 3587 3517 3504 3574 3588 3518 
3250 3504 3574 3588 3518 3505 3575 3589 3519 
3251 3505 3575 3589 3519 3506 3576 3590 3520 
3252 3506 3576 3590 3520 608 613 614 609 
3253 459 464 465 460 3507 3577 3591 3521 
3254 3507 3577 3591 3521 3508 3578 3592 3522 
3255 3508 3578 3592 3522 3509 3579 3593 3523 
3256 3509 3579 3593 3523 3510 3580 3594 3524 
3257 3510 3580 3594 3524 3511 3581 3595 3525 
3258 3511 3581 3595 3525 3512 3582 3596 3526 
3259 3512 3582 3596 3526 3513 3583 3597 3527 
3260 3513 3583 3597 3527 3514 3584 3598 3528 
3261 3514 3584 3598 3528 3515 3585 3599 3529 
3262 3515 3585 3599 3529 3516 3586 3600 3530 
3263 3516 3586 3600 3530 3517 3587 3601 3531 
3264 3517 3587 3601 3531 3518 3588 3602 3532 
3265 3518 3588 3602 3532 3519 3589 3603 3533 
3266 3519 3589 3603 3533 3520 3590 3604 3534 
3267 3520 3590 3604 3534 609 614 615 610 
3268 460 465 466 461 3521 3591 3605 3535 
3269 3521 3591 3605 3535 3522 3592 3606 3536 
3270 3522 3592 3606 3536 3523 3593 3607 3537 
3271 3523 3593 3607 3537 3524 3594 3608 3538 
3272 3524 3594 3608 3538 3525 3595 3609 3539 
3273 3525 3595 3609 3539 3526 3596 3610 3540 
3274 3526 3596 3610 3540 3527 3597 3611 3541 
3275 3527 3597 3611 3541 3528 3598 3612 3542 
3276 3528 3598 3612 3542 3529 3599 3613 3543 
3277 3529 3599 3613 3543 3530 3600 3614 3544 
3278 3530 3600 3614 3544 3531 3601 3615 3545 
3279 3531 3601 3615 3545 3532 3602 3616 3546 
3280 3532 3602 3616 3546 3533 3603 3617 3547 
3281 3533 3603 3617 3547 3534 3604 3618 3548 
3282 3534 3604 3618 3548 610 615 616 611 
3283 461 466 467 462 3535 3605 3619 3549 
3284 3535 3605 3619 3549 3536 3606 3620 3550 
3285 3536 3606 3620 3550 3537 3607 3621 3551 
3286 3537 3607 3621 3551 3538 3608 3622 3552 
3287 3538 3608 3622 3552 3539 3609 3623 3553 
3288 3539 3609 3623 3553 3540 3610 3624 3554 
3289 3540 3610 3624 3554 3541 3611 3625 3555 
3290 3541 3611 3625 3555 3542 3612 3626 3556 
3291 3542 3612 3626 3556 3543 3613 3627 3557 
3292 3543 3613 3627 3557 3544 3614 3628 3558 
3293 3544 3614 3628 3558 3545 3615 3629 3559 
3294 3545 3615 3629 3559 3546 3616 3630 3560 
3295 3546 3616 3630 3560 3547 3617 3631 3561 
3296 3547 3617 3631 3561 3548 3618 3632 3562 
3297 3548 3618 3632 3562 611 616 617 612 
3298 462 467 51 50 3549 3619 997 983 
3299 3549 3619 997 983 3550 3620 998 984 
3300 3550 3620 998 984 3551 3621 999 985 
3301 3551 3621 999 985 3552 3622 1000 986 
3302 3552 3622 1000 986 3553 3623 1001 987 
3303 3553 3623 1001 987 3554 3624 1002 988 
3304 3554 3624 1002 988 3555 3625 1003 989 
3305 3555 3625 1003 989 3556 3626 1004 990 
3306 3556 3626 1004 990 3557 3627 1005 991 
3307 3557 3627 1005 991 3558 3628 1006 992 
3308 3558 3628 1006 992 3559 3629 1007 993 
3309 3559 3629 1007 993 3560 3630 1008 994 
3310 3560 3630 1008 994 3561 3631 1009 995 
3311 3561 3631 1009 995 3562 3632 1010 996 
3312 3562 3632 1010 996 612 617 111 110 
3313 31 32 468 463 717 731 3633 3563 
3314 717 731 3633 3563 718 732 3634 3564 
3315 718 732 3634 3564 719 733 3635 3565 
3316 719 733 3635 3565 720 734 3636 3566 
3317 720 734 3636 3566 721 735 3637 3567 
3318 721 735 3637 3567 722 736 3638 3568 
3319 722 736 3638 3568 723 737 3639 3569 
3320 723 737 3639 3569 724 738 3640 3570 
3321 724 738 3640 3570 725 739 3641 3571 
3322 725 739 3641 3571 726 740 3642 3572 
3323 726 740 3642 3572 727 741 3643 3573 
3324 727 741 3643 3573 728 742 3644 3574 
3325 728 742 3644 3574 729 743 3645 3575 
3326 729 743 3645 3575 730 744 3646 3576 
3327 730 744 3646 3576 91 92 618 613 
3328 463 468 469 464 3563 3633 3647 3577 
3329 3563 3633 3647 3577 3564 3634 3648 3578 
3330 3564 3634 3648 3578 3565 3635 3649 3579 
3331 3565 3635 3649 3579 3566 3636 3650 3580 
3332 3566 3636 3650 3580 3567 3637 3651 3581 
3333 3567 3637 3651 3581 3568 3638 3652 3582 
3334 3568 3638 3652 3582 3569 3639 3653 3583 
3335 3569 3639 3653 3583 3570 3640 3654 3584 
3336 3570 3640 3654 3584 3571 3641 3655 3585 
3337 3571 3641 3655 3585 3572 3642 3656 3586 
3338 3572 3642 3656 3586 3573 3643 3657 3587 
3339 3573 3643 3657 3587 3574 3644 3658 3588 
3340 3574 3644 3658 3588 3575 3645 3659 3589 
3341 3575 3645 3659 3589 3576 3646 3660 3590 
3342 3576 3646 3660 3590 613 618 619 614 
3343 464 469 470 465 3577 3647 3661 3591 
3344 3577 3647 3661 3591 3578 3648 3662 3592 
3345 3578 3648 3662 3592 3579 3649 3663 3593 
3346 3579 3649 3663 3593 3580 3650 3664 3594 
3347 3580 3650 3664 3594 3581 3651 3665 3595 
3348 3581 3651 3665 3595 3582 3652 3666 3596 
3349 3582 3652 3666 3596 3583 3653 3667 3597 
3350 3583 3653 3667 3597 3584 3654 3668 3598 
3351 3584 3654 3668 3598 3585 3655 3669 3599 
3352 3585 3655 3669 3599 3586 3656 3670 3600 
3353 3586 3656 3670 3600 3587 3657 3671 3601 
3354 3587 3657 3671 3601 3588 3658 3672 3602 
3355 3588 3658 3672 3602 3589 3659 3673 3603 
3356 3589 3659 3673 3603 3590 3660 3674 3604 
3357 3590 3660 3674 3604 614 619 620 615 
3358 465 470 471 466 3591 3661 3675 3605 
3359 3591 3661 3675 3605 3592 3662 3676 3606 
3360 3592 3662 3676 3606 3593 3663 3677 3607 
3361 3593 3663 3677 3607 3594 3664 3678 3608 
3362 3594 3664 3678 3608 3595 3665 3679 3609 
3363 3595 3665 3679 3609 3596 3666 3680 3610 
3364 3596 3666 3680 3610 3597 3667 3681 3611 
3365 3597 3667 3681 3611 3598 3668 3682 3612 
3366 3598 3668 3682 3612 3599 3669 3683 3613 
3367 3599 3669 3683 3613 3600 3670 3684 3614 
3368 3600 3670 3684 3614 3601 3671 3685 3615 
3369 3601 3671 3685 3615 3602 3672 3686 3616 
3370 3602 3672 3686 3616 3603 3673 3687 3617 
3371 3603 3673 3687 3617 3604 3674 3688 3618 
3372 3604 3674 3688 3618 615 620 621 616 
3373 466 471 472 467 3605 3675 3689 3619 
3374 3605 3675 3689 3619 3606 3676 3690 3620 
3375 3606 3676 3690 3620 3607 3677 3691 3621 
3376 3607 3677 3691 3621 3608 3678 3692 3622 
3377 3608 3678 3692 3622 3609 3679 3693 3623 
3378 3609 3679 3693 3623 3610 3680 3694 3624 
3379 3610 3680 3694 3624 3611 3681 3695 3625 
3380 3611 3681 3695 3625 3612 3682 3696 3626 
3381 3612 3682 3696 3626 3613 3683 3697 3627 
3382 3613 3683 3697 3627 3614 3684 3698 3628 
3383 3614 3684 3698 3628 3615 3685 3699 3629 
3384 3615 3685 3699 3629 3616 3686 3700 3630 
3385 3616 3686 3700 3630 3617 3687 3701 3631 
3386 3617 3687 3701 3631 3618 3688 3702 3632 
3387 3618 3688 3702 3632 616 621 622 617 
3388 467 472 52 51 3619 3689 1011 997 
3389 3619 3689 1011 997 3620 3690 1012 998 
3390 3620 3690 1012 998 3621 3691 1013 999 
3391 3621 3691 1013 999 3622 3692 1014 1000 
3392 3622 3692 1014 1000 3623 3693 1015 1001 
3393 3623 3693 1015 1001 3624 3694 1016 1002 
3394 3624 3694 1016 1002 3625 3695 1017 1003 
3395 3625 3695 1017 1003 3626 3696 1018 1004 
3396 3626 3696 1018 1004 3627 3697 1019 1005 
3397 3627 3697 1019 1005 3628 3698 1020 1006 
3398 3628 3698 1020 1006 3629 3699 1021 1007 
3399 3629 3699 1021 1007 3630 3700 1022 1008 
3400 3630 3700 1022 1008 3631 3701 1023 1009 
3401 3631 3701 1023 1009 3632 3702 1024 1010 
3402 3632 3702 1024 1010 617 622 112 111 
3403 32 33 473 468 731 745 3703 3633 
3404 731 745 3703 3633 732 746 3704 3634 
3405 732 746 3704 3634 733 747 3705 3635 
3406 733 747 3705 3635 734 748 3706 3636 
3407 734 748 3706 3636 735 749 3707 3637 
3408 735 749 3707 3637 736 750 3708 3638 
3409 736 750 3708 3638 737 751 3709 3639 
3410 737 751 3709 3639 738 752 3710 3640 
3411 738 752 3710 3640 739 753 3711 3641 
3412 739 753 3711 3641 740 754 3712 3642 
3413 740 754 3712 3642 741 755 3713 3643 
3414 741 755 3713 3643 742 756 3714 3644 
3415 742 756 3714 3644 743 757 3715 3645 
3416 743 757 3715 3645 744 758 3716 3646 
3417 744 758 3716 3646 92 93 623 618 
3418 468 473 474 469 3633 3703 3717 3647 
3419 3633 3703 3717 3647 3634 3704 3718 3648 
3420 3634 3704 3718 3648 3635 3705 3719 3649 
3421 3635 3705 3719 3649 3636 3706 3720 3650 
3422 3636 3706 3720 3650 3637 3707 3721 3651 
3423 3637 3707 3721 3651 3638 3708 3722 3652 
3424 3638 3708 3722 3652 3639 3709 3723 3653 
3425 3639 3709 3723 3653 3640 3710 3724 3654 
3426 3640 3710 3724 3654 3641 3711 3725 3655 
3427 3641 3711 3725 3655 3642 3712 3726 3656 
3428 3642 3712 3726 3656 3643 3713 3727 3657 
3429 3643 3713 3727 3657 3644 3714 3728 3658 
3430 3644 3714 3728 3658 3645 3715 3729 3659 
3431 3645 3715 3729 3659 3646 3716 3730 3660 
3432 3646 3716 3730 3660 618 623 624 619 
3433 469 474 475 470 3647 3717 3731 3661 
3434 3647 3717 3731 3661 3648 3718 3732 3662 
3435 3648 3718 3732 3662 3649 3719 3733 3663 
3436 3649 3719 3733 3663 3650 3720 3734 3664 
3437 3650 3720 3734 3664 3651 3721 3735 3665 
3438 3651 3721 3735 3665 3652 3722 3736 3666 
3439 3652 3722 3736 3666 3653 3723 3737 3667 
3440 3653 3723 3737 3667 3654 3724 3738 3668 
3441 3654 3724 3738 3668 3655 3725 3739 3669 
3442 3655 3725 3739 3669 3656 3726 3740 3670 
3443 3656 3726 3740 3670 3657 3727 3741 3671 
3444 3657 3727 3741 3671 3658 3728 3742 3672 
3445 3658 3728 3742 3672 3659 3729 3743 3673 
3446 3659 3729 3743 3673 3660 3730 3744 3674 
3447 3660 3730 3744 3674 619 624 625 620 
3448 470 475 476 471 3661 3731 3745 3675 
3449 3661 3731 3745 3675 3662 3732 3746 3676 
3450 3662 3732 3746 3676 3663 3733 3747 3677 
3451 3663 3733 3747 3677 3664 3734 3748 3678 
3452 3664 3734 3748 3678 3665 3735 3749 3679 
3453 3665 3735 3749 3679 3666 3736 3750 3680 
3454 3666 3736 3750 3680 3667 3737 3751 3681 
3455 3667 3737 3751 3681 3668 3738 3752 3682 
3456 3668 3738 3752 3682 3669 3739 3753 3683 
3457 3669 3739 3753 3683 3670 3740 3754 3684 
3458 3670 3740 3754 3684 3671 3741 3755 3685 
3459 3671 3741 3755 3685 3672 3742 3756 3686 
3460 3672 3742 3756 3686 3673 3743 3757 3687 
3461 3673 3743 3757 3687 3674 3744 3758 3688 
3462 3674 3744 3758 3688 620 625 626 621 
3463 471 476 477 472 3675 3745 3759 3689 
3464 3675 3745 3759 3689 3676 3746 3760 3690 
3465 3676 3746 3760 3690 3677 3747 3761 3691 
3466 3677 3747 3761 3691 3678 3748 3762 3692 
3467 3678 3748 3762 3692 3679 3749 3763 3693 
3468 3679 3749 3763 3693 3680 3750 3764 3694 
3469 3680 3750 3764 3694 3681 3751 3765 3695 
3470 3681 3751 3765 3695 3682 3752 3766 3696 
3471 3682 3752 3766 3696 3683 3753 3767 3697 
3472 3683 3753 3767 3697 3684 3754 3768 3698 
3473 3684 3754 3768 3698 3685 3755 3769 3699 
3474 3685 3755 3769 3699 3686 3756 3770 3700 
3475 3686 3756 3770 3700 3687 3757 3771 3701 
3476 3687 3757 3771 3701 3688 3758 3772 3702 
3477 3688 3758 3772 3702 621 626 627 622 
3478 472 477 53 52 3689 3759 1025 1011 
3479 3689 3759 1025 1011 3690 3760 1026 1012 
3480 3690 3760 1026 1012 3691 3761 1027 1013 
3481 3691 3761 1027 1013 3692 3762 1028 1014 
3482 3692 3762 1028 1014 3693 3763 1029 1015 
3483 3693 3763 1029 1015 3694 3764 1030 1016 
3484 3694 3764 1030 1016 3695 3765 1031 1017 
3485 3695 3765 1031 1017 3696 3766 1032 1018 
3486 3696 3766 1032 1018 3697 3767 1033 1019 
3487 3697 3767 1033 1019 3698 3768 1034 1020 
3488 3698 3768 1034 1020 3699 3769 1035 1021 
3489 3699 3769 1035 1021 3700 3770 1036 1022 
3490 3700 3770 1036 1022 3701 3771 1037 1023 
3491 3701 3771 1037 1023 3702 3772 1038 1024 
3492 3702 3772 1038 1024 622 627 113 112 
3493 33 34 478 473 745 759 3773 3703 
3494 745 759 3773 3703 746 760 3774 3704 
3495 746 760 3774 3704 747 761 3775 3705 
3496 747 761 3775 3705 748 762 3776 3706 
3497 748 762 3776 3706 749 763 3777 3707 
3498 749 763 3777 3707 750 764 3778 3708 
3499 750 764 3778 3708 751 765 3779 3709 
3500 751 765 3779 3709 752 766 3780 3710 
3501 752 766 3780 3710 753 767 3781 3711 
3502 753 767 3781 3711 754 768 3782 3712 
3503 754 768 3782 3712 755 769 3783 3713 
3504 755 769 3783 3713 756 770 3784 3714 
3505 756 770 3784 3714 757 771 3785 3715 
3506 757 771 3785 3715 758 772 3786 3716 
3507 758 772 3786 3716 93 94 628 623 
3508 473 478 479 474 3703 3773 3787 3717 
3509 3703 3773 3787 3717 3704 3774 3788 3718 
3510 3704 3774 3788 3718 3705 3775 3789 3719 
3511 3705 3775 3789 3719 3706 3776 3790 3720 
3512 3706 3776 3790 3720 3707 3777 3791 3721 
3513 3707 3777 3791 3721 3708 3778 3792 3722 
3514 3708 3778 3792 3722 3709 3779 3793 3723 
3515 3709 3779 3793 3723 3710 3780 3794 3724 
3516 3710 3780 3794 3724 3711 3781 3795 3725 
3517 3711 3781 3795 3725 3712 3782 3796 3726 
3518 3712 3782 3796 3726 3713 3783 3797 3727 
3519 3713 3783 3797 3727 3714 3784 3798 3728 
3520 3714 3784 3798 3728 3715 3785 3799 3729 
3521 3715 3785 3799 3729 3716 3786 3800 3730 
3522 3716 3786 3800 3730 623 628 629 624 
3523 474 479 480 475 3717 3787 3801 3731 
3524 3717 3787 3801 3731 3718 3788 3802 3732 
3525 3718 3788 3802 3732 3719 3789 3803 3733 
3526 3719 3789 3803 3733 3720 3790 3804 3734 
3527 3720 3790 3804 3734 3721 3791 3805 3735 
3528 3721 3791 3805 3735 3722 3792 3806 3736 
3529 3722 3792 3806 3736 3723 3793 3807 3737 
3530 3723 3793 3807 3737 3724 3794 3808 3738 
3531 3724 3794 3808 3738 3725 3795 3809 3739 
3532 3725 3795 3809 3739 3726 3796 3810 3740 
3533 3726 3796 3810 3740 3727 3797 3811 3741 
3534 3727 3797 3811 3741 3728 3798 3812 3742 
3535 3728 3798 3812 3742 3729 3799 3813 3743 
3536 3729 3799 3813 3743 3730 3800 3814 3744 
3537 3730 3800 3814 3744 624 629 630 625 
3538 475 480 481 476 3731 3801 3815 3745 
3539 3731 3801 3815 3745 3732 3802 3816 3746 
3540 3732 3802 3816 3746 3733 3803 3817 3747 
3541 3733 3803 3817 3747 3734 3804 3818 3748 
3542 3734 3804 3818 3748 3735 3805 3819 3749 
3543 3735 3805 3819 3749 3736 3806 3820 3750 
3544 3736 3806 3820 3750 3737 3807 3821 3751 
3545 3737 3807 3821 3751 3738 3808 3822 3752 
3546 3738 3808 3822 3752 3739 3809 3823 3753 
3547 3739 3809 3823 3753 3740 3810 3824 3754 
3548 3740 3810 3824 3754 3741 3811 3825 3755 
3549 3741 3811 3825 3755 3742 3812 3826 3756 
3550 3742 3812 3826 3756 3743 3813 3827 3757 
3551 3743 3813 3827 3757 3744 3814 3828 3758 
3552 3744 3814 3828 3758 625 630 631 626 
3553 476 481 482 477 3745 3815 3829 3759 
3554 3745 3815 3829 3759 3746 3816 3830 3760 
3555 3746 3816 3830 3760 3747 3817 3831 3761 
3556 3747 3817 3831 3761 3748 3818 3832 3762 
3557 3748 3818 3832 3762 3749 3819 3833 3763 
3558 3749 3819 3833 3763 3750 3820 3834 3764 
3559 3750 3820 3834 3764 3751 3821 3835 3765 
3560 3751 3821 3835 3765 3752 3822 3836 3766 
3561 3752 3822 3836 3766 3753 3823 3837 3767 
3562 3753 3823 3837 3767 3754 3824 3838 3768 
3563 3754 3824 3838 3768 3755 3825 3839 3769 
3564 3755 3825 3839 3769 3756 3826 3840 3770 
3565 3756 3826 3840 3770 3757 3827 3841 3771 
3566 3757 3827 3841 3771 3758 3828 3842 3772 
3567 3758 3828 3842 3772 626 631 632 627 
3568 477 482 54 53 3759 3829 1039 1025 
3569 3759 3829 1039 1025 3760 3830 1040 1026 
3570 3760 3830 1040 1026 3761 3831 1041 1027 
3571 3761 3831 1041 1027 3762 3832 1042 1028 
3572 3762 3832 1042 1028 3763 3833 1043 1029 
3573 3763 3833 1043 1029 3764 3834 1044 1030 
3574 3764 3834 1044 1030 3765 3835 1045 1031 
3575 3765 3835 1045 1031 3766 3836 1046 1032 
3576 3766 3836 1046 1032 3767 3837 1047 1033 
3577 3767 3837 1047 1033 3768 3838 1048 1034 
3578 3768 3838 1048 1034 3769 3839 1049 1035 
3579 3769 3839 1049 1035 3770 3840 1050 1036 
3580 3770 3840 1050 1036 3771 3841 1051 1037 
3581 3771 3841 1051 1037 3772 3842 1052 1038 
3582 3772 3842 1052 1038 627 632 114 113 
3583 34 3 75 478 759 173 1333 3773 
3584 759 173 1333 3773 760 174 1334 3774 
3585 760 174 1334 3774 761 175 1335 3775 
3586 761 175 1335 3775 762 176 1336 3776 
3587 762 176 1336 3776 763 177 1337 3777 
3588 763 177 1337 3777 764 178 1338 3778 
3589 764 178 1338 3778 765 179 1339 3779 
3590 765 179 1339 3779 766 180 1340 3780 
3591 766 180 1340 3780 767 181 1341 3781 
3592 767 181 1341 3781 768 182 1342 3782 
3593 768 182 1342 3782 769 183 1343 3783 
3594 769 183 1343 3783 770 184 1344 3784 
3595 770 184 1344 3784 771 185 1345 3785 
3596 771 185 1345 3785 772 186 1346 3786 
3597 772 186 1346 3786 94 11 135 628 
3598 478 75 76 479 3773 1333 1347 3787 
3599 3773 1333 1347 3787 3774 1334 1348 3788 
3600 3774 1334 1348 3788 3775 1335 1349 3789 
3601 3775 1335 1349 3789 3776 1336 1350 3790 
3602 3776 1336 1350 3790 3777 1337 1351 3791 
3603 3777 1337 1351 3791 3778 1338 1352 3792 
3604 3778 1338 1352 3792 3779 1339 1353 3793 
3605 3779 1339 1353 3793 3780 1340 1354 3794 
3606 3780 1340 1354 3794 3781 1341 1355 3795 
3607 3781 1341 1355 3795 3782 1342 1356 3796 
3608 3782 1342 1356 3796 3783 1343 1357 3797 
3609 3783 1343 1357 3797 3784 1344 1358 3798 
3610 3784 1344 1358 3798 3785 1345 1359 3799 
3611 3785 1345 1359 3799 3786 1346 1360 3800 
3612 3786 1346 1360 3800 628 135 136 629 
3613 479 76 77 480 3787 1347 1361 3801 
3614 3787 1347 1361 3801 3788 1348 1362 3802 
3615 3788 1348 1362 3802 3789 1349 1363 3803 
3616 3789 1349 1363 3803 3790 1350 1364 3804 
3617 3790 1350 1364 3804 3791 1351 1365 3805 
3618 3791 1351 1365 3805 3792 1352 1366 3806 
3619 3792 1352 1366 3806 3793 1353 1367 3807 
3620 3793 1353 1367 3807 3794 1354 1368 3808 
3621 3794 1354 1368 3808 3795 1355 1369 3809 
3622 3795 1355 1369 3809 3796 1356 1370 3810 
3623 3796 1356 1370 3810 3797 1357 1371 3811 
3624 3797 1357 1371 3811 3798 1358 1372 3812 
3625 3798 1358 1372 3812 3799 1359 1373 3813 
3626 3799 1359 1373 3813 3800 1360 1374 3814 
3627 3800 1360 1374 3814 629 136 137 630 
3628 480 77 78 481 3801 1361 1375 3815 
3629 3801 1361 1375 3815 3802 1362 1376 3816 
3630 3802 1362 1376 3816 3803 1363 1377 3817 
3631 3803 1363 1377 3817 3804 1364 1378 3818 
3632 3804 1364 1378 3818 3805 1365 1379 3819 
3633 3805 1365 1379 3819 3806 1366 1380 3820 
3634 3806 1366 1380 3820 3807 1367 1381 3821 
3635 3807 1367 1381 3821 3808 1368 1382 3822 
3636 3808 1368 1382 3822 3809 1369 1383 3823 
3637 3809 1369 1383 3823 3810 1370 1384 3824 
3638 3810 1370 1384 3824 3811 1371 1385 3825 
3639 3811 1371 1385 3825 3812 1372 1386 3826 
3640 3812 1372 1386 3826 3813 1373 1387 3827 
3641 3813 1373 1387 3827 3814 1374 1388 3828 
3642 3814 1374 1388 3828 630 137 138 631 
3643 481 78 79 482 3815 1375 1389 3829 
3644 3815 1375 1389 3829 3816 1376 1390 3830 
3645 3816 1376 1390 3830 3817 1377 1391 3831 
3646 3817 1377 1391 3831 3818 1378 1392 3832 
3647 3818 1378 1392 3832 3819 1379 1393 3833 
3648 3819 1379 1393 3833 3820 1380 1394 3834 
3649 3820 1380 1394 3834 3821 1381 1395 3835 
3650 3821 1381 1395 3835 3822 1382 1396 3836 
3651 3822 1382 1396 3836 3823 1383 1397 3837 
3652 3823 1383 1397 3837 3824 1384 1398 3838 
3653 3824 1384 1398 3838 3825 1385 1399 3839 
3654 3825 1385 1399 3839 3826 1386 1400 3840 
3655 3826 1386 1400 3840 3827 1387 1401 3841 
3656 3827 1387 1401 3841 3828 1388 1402 3842 
3657 3828 1388 1402 3842 631 138 139 632 
3658 482 79 7 54 3829 1389 229 1039 
3659 3829 1389 229 1039 3830 1390 230 1040 
3660 3830 1390 230 1040 3831 1391 231 1041 
3661 3831 1391 231 1041 3832 1392 232 1042 
3662 3832 1392 232 1042 3833 1393 233 1043 
3663 3833 1393 233 1043 3834 1394 234 1044 
3664 3834 1394 234 1044 3835 1395 235 1045 
3665 3835 1395 235 1045 3836 1396 236 1046 
3666 3836 1396 236 1046 3837 1397 237 1047 
3667 3837 1397 237 1047 3838 1398 238 1048 
3668 3838 1398 238 1048 3839 1399 239 1049 
3669 3839 1399 239 1049 3840 1400 240 1050 
3670 3840 1400 240 1050 3841 1401 241 1051 
3671 3841 1401 241 1051 3842 1402 242 1052 
3672 3842 1402 242 1052 632 139 15 114 
3 7 5 108
3673 9 100 483 85 317 1653 3843 1623 
3674 317 1653 3843 1623 318 1654 3844 1624 
3675 318 1654 3844 1624 17 272 1473 257 
3676 85 483 484 86 1623 3843 3845 1625 
3677 1623 3843 3845 1625 1624 3844 3846 1626 
3678 1624 3844 3846 1626 257 1473 1474 258 
3679 86 484 485 87 1625 3845 3847 1627 
3680 1625 3845 3847 1627 1626 3846 3848 1628 
3681 1626 3846 3848 1628 258 1474 1475 259 
3682 87 485 486 88 1627 3847 3849 1629 
3683 1627 3847 3849 1629 1628 3848 3850 1630 
3684 1628 3848 3850 1630 259 1475 1476 260 
3685 88 486 487 89 1629 3849 3851 1631 
3686 1629 3849 3851 1631 1630 3850 3852 1632 
3687 1630 3850 3852 1632 260 1476 1477 261 
3688 89 487 90 10 1631 3851 1633 319 
3689 1631 3851 1633 319 1632 3852 1634 320 
3690 1632 3852 1634 320 261 1477 262 18 
3691 100 101 488 483 1653 1655 3853 3843 
3692 1653 1655 3853 3843 1654 1656 3854 3844 
3693 1654 1656 3854 3844 272 273 1478 1473 
3694 483 488 489 484 3843 3853 3855 3845 
3695 3843 3853 3855 3845 3844 3854 3856 3846 
3696 3844 3854 3856 3846 1473 1478 1479 1474 
3697 484 489 490 485 3845 3855 3857 3847 
3698 3845 3855 3857 3847 3846 3856 3858 3848 
3699 3846 3856 3858 3848 1474 1479 1480 1475 
3700 485 490 491 486 3847 3857 3859 3849 
3701 3847 3857 3859 3849 3848 3858 3860 3850 
3702 3848 3858 3860 3850 1475 1480 1481 1476 
3703 486 491 492 487 3849 3859 3861 3851 
3704 3849 3859 3861 3851 3850 3860 3862 3852 
3705 3850 3860 3862 3852 1476 1481 1482 1477 
3706 487 492 91 90 3851 3861 1635 1633 
3707 3851 3861 1635 1633 3852 3862 1636 1634 
3708 3852 3862 1636 1634 1477 1482 263 262 
3709 101 102 493 488 1655 1657 3863 3853 
3710 1655 1657 3863 3853 1656 1658 3864 3854 
3711 1656 1658 3864 3854 273 274 1483 1478 
3712 488 493 494 489 3853 3863 3865 3855 
3713 3853 3863 3865 3855 3854 3864 3866 3856 
3714 3854 3864 3866 3856 1478 1483 1484 1479 
3715 489 494 495 490 3855 3865 3867 3857 
3716 3855 3865 3867 3857 3856 3866 3868 3858 
3717 3856 3866 3868 3858 1479 1484 1485 1480 
3718 490 495 496 491 3857 3867 3869 3859 
3719 3857 3867 3869 3859 3858 3868 3870 3860 
3720 3858 3868 3870 3860 1480 1485 1486 1481 
3721 491 496 497 492 3859 3869 3871 3861 
3722 3859 3869 3871 3861 3860 3870 3872 3862 
3723 3860 3870 3872 3862 1481 1486 1487 1482 
3724 492 497 92 91 3861 3871 1637 1635 
3725 3861 3871 1637 1635 3862 3872 1638 1636 
3726 3862 3872 1638 1636 1482 1487 264 263 
3727 102 103 498 493 1657 1659 3873 3863 
3728 1657 1659 3873 3863 1658 1660 3874 3864 
3729 1658 1660 3874 3864 274 275 1488 1483 
3730 493 498 499 494 3863 3873 3875 3865 
3731 3863 3873 3875 3865 3864 3874 3876 3866 
3732 3864 3874 3876 3866 1483 1488 1489 1484 
3733 494 499 500 495 3865 3875 3877 3867 
3734 3865 3875 3877 3867 3866 3876 3878 3868 
3735 3866 3876 3878 3868 1484 1489 1490 1485 
3736 495 500 501 496 3867 3877 3879 3869 
3737 3867 3877 3879 3869 3868 3878 3880 3870 
3738 3868 3878 3880 3870 1485 1490 1491 1486 
3739 496 501 502 497 3869 3879 3881 3871 
3740 3869 3879 3881 3871 3870 3880 3882 3872 
3741 3870 3880 3882 3872 1486 1491 1492 1487 
3742 497 502 93 92 3871 3881 1639 1637 
3743 3871 3881 1639 1637 3872 3882 1640 1638 
3744 3872 3882 1640 1638 1487 1492 265 264 
3745 103 104 503 498 1659 1661 3883 3873 
3746 1659 1661 3883 3873 1660 1662 3884 3874 
3747 1660 1662 3884 3874 275 276 1493 1488 
3748 498 503 504 499 3873 3883 3885 3875 
3749 3873 3883 3885 3875 3874 3884 3886 3876 
3750 3874 3884 3886 3876 1488 1493 1494 1489 
3751 499 504 505 500 3875 3885 3887 3877 
3752 3875 3885 3887 3877 3876 3886 3888 3878 
3753 3876 3886 3888 3878 1489 1494 1495 1490 
3754 500 505 506 501 3877 3887 3889 3879 
3755 3877 3887 3889 3879 3878 3888 3890 3880 
3756 3878 3888 3890 3880 1490 1495 1496 1491 
3757 501 506 507 502 3879 3889 3891 3881 
3758 3879 3889 3891 3881 3880 3890 3892 3882 
3759 3880 3890 3892 3882 1491 1496 1497 1492 
3760 502 507 94 93 3881 3891 1641 1639 
3761 3881 3891 1641 1639 3882 3892 1642 1640 
3762 3882 3892 1642 1640 1492 1497 266 265 
3763 104 12 99 503 1661 323 1651 3883 
3764 1661 323 1651 3883 1662 324 1652 3884 
3765 1662 324 1652 3884 276 20 271 1493 
3766 503 99 98 504 3883 1651 1649 3885 
3767 3883 1651 1649 3885 3884 1652 1650 3886 
3768 3884 1652 1650 3886 1493 271 270 1494 
3769 504 98 97 505 3885 1649 1647 3887 
3770 3885 1649 1647 3887 3886 1650 1648 3888 
3771 3886 1650 1648 3888 1494 270 269 1495 
3772 505 97 96 506 3887 1647 1645 3889 
3773 3887 1647 1645 3889 3888 1648 1646 3890 
3774 3888 1648 1646 3890 1495 269 268 1496 
3775 506 96 95 507 3889 1645 1643 3891 
3776 3889 1645 1643 3891 3890 1646 1644 3892 
3777 3890 1646 1644 3892 1496 268 267 1497 
3778 507 95 11 94 3891 1643 321 1641 
3779 3891 1643 321 1641 3892 1644 322 1642 
3780 3892 1644 322 1642 1497 267 19 266 
3 8 5 108
3781 13 105 508 120 325 1663 3893 1693 
3782 325 1663 3893 1693 326 1664 3894 1694 
3783 326 1664 3894 1694 21 277 1498 292 
3784 120 508 509 121 1693 3893 3895 1695 
3785 1693 3893 3895 1695 1694 3894 3896 1696 
3786 1694 3894 3896 1696 292 1498 1499 293 
3787 121 509 510 122 1695 3895 3897 1697 
3788 1695 3895 3897 1697 1696 3896 3898 1698 
3789 1696 3896 3898 1698 293 1499 1500 294 
3790 122 510 511 123 1697 3897 3899 1699 
3791 1697 3897 3899 1699 1698 3898 3900 1700 
3792 1698 3898 3900 1700 294 1500 1501 295 
3793 123 511 512 124 1699 3899 3901 1701 
3794 1699 3899 3901 1701 1700 3900 3902 1702 
3795 1700 3900 3902 1702 295 1501 1502 296 
3796 124 512 119 16 1701 3901 1691 331 
3797 1701 3901 1691 331 1702 3902 1692 332 
3798 1702 3902 1692 332 296 1502 291 24 
3799 105 106 513 508 1663 1665 3903 3893 
3800 1663 1665 3903 3893 1664 1666 3904 3894 
3801 1664 1666 3904 3894 277 278 1503 1498 
3802 508 513 514 509 3893 3903 3905 3895 
3803 3893 3903 3905 3895 3894 3904 3906 3896 
3804 3894 3904 3906 3896 1498 1503 1504 1499 
3805 509 514 515 510 3895 3905 3907 3897 
3806 3895 3905 3907 3897 3896 3906 3908 3898 
3807 3896 3906 3908 3898 1499 1504 1505 1500 
3808 510 515 516 511 3897 3907 3909 3899 
3809 3897 3907 3909 3899 3898 3908 3910 3900 
3810 3898 3908 3910 3900 1500 1505 1506 1501 
3811 511 516 517 512 3899 3909 3911 3901 
3812 3899 3909 3911 3901 3900 3910 3912 3902 
3813 3900 3910 3912 3902 1501 1506 1507 1502 
3814 512 517 118 119 3901 3911 1689 1691 
3815 3901 3911 1689 1691 3902 3912 1690 1692 
3816 3902 3912 1690 1692 1502 1507 290 291 
3817 106 107 518 513 1665 1667 3913 3903 
3818 1665 1667 3913 3903 1666 1668 3914 3904 
3819 1666 1668 3914 3904 278 279 1508 1503 
3820 513 518 519 514 3903 3913 3915 3905 
3821 3903 3913 3915 3905 3904 3914 3916 3906 
3822 3904 3914 3916 3906 1503 1508 1509 1504 
3823 514 519 520 515 3905 3915 3917 3907 
3824 3905 3915 3917 3907 3906 3916 3918 3908 
3825 3906 3916 3918 3908 1504 1509 1510 1505 
3826 515 520 521 516 3907 3917 3919 3909 
3827 3907 3917 3919 3909 3908 3918 3920 3910 
3828 3908 3918 3920 3910 1505 1510 1511 1506 
3829 516 521 522 517 3909 3919 3921 3911 
3830 3909 3919 3921 3911 3910 3920 3922 3912 
3831 3910 3920 3922 3912 1506 1511 1512 1507 
3832 517 522 117 118 3911 3921 1687 1689 
3833 3911 3921 1687 1689 3912 3922 1688 1690 
3834 3912 3922 1688 1690 1507 1512 289 290 
3835 107 108 523 518 1667 1669 3923 3913 
3836 1667 1669 3923 3913 1668 1670 3924 3914 
3837 1668 1670 3924 3914 279 280 1513 1508 
3838 518 523 524 519 3913 3923 3925 3915 
3839 3913 3923 3925 3915 3914 3924 3926 3916 
3840 3914 3924 3926 3916 1508 1513 1514 1509 
3841 519 524 525 520 3915 3925 3927 3917 
3842 3915 3925 3927 3917 3916 3926 3928 3918 
3843 3916 3926 3928 3918 1509 1514 1515 1510 
3844 520 525 526 521 3917 3927 3929 3919 
3845 3917 3927 3929 3919 3918 3928 3930 3920 
3846 3918 3928 3930 3920 1510 1515 1516 1511 
3847 521 526 527 522 3919 3929 3931 3921 
3848 3919 3929 3931 3921 3920 3930 3932 3922 
3849 3920 3930 3932 3922 1511 1516 1517 1512 
3850 522 527 116 117 3921 3931 1685 1687 
3851 3921 3931 1685 1687 3922 3932 1686 1688 
3852 3922 3932 1686 1688 1512 1517 288 289 
3853 108 109 528 523 1669 1671 3933 3923 
3854 1669 1671 3933 3923 1670 1672 3934 3924 
3855 1670 1672 3934 3924 280 281 1518 1513 
3856 523 528 529 524 3923 3933 3935 3925 
3857 3923 3933 3935 3925 3924 3934 3936 3926 
3858 3924 3934 3936 3926 1513 1518 1519 1514 
3859 524 529 530 525 3925 3935 3937 3927 
3860 3925 3935 3937 3927 3926 3936 3938 3928 
3861 3926 3936 3938 3928 1514 1519 1520 1515 
3862 525 530 531 526 3927 3937 3939 3929 
3863 3927 3937 3939 3929 3928 3938 3940 3930 
3864 3928 3938 3940 3930 1515 1520 1521 1516 
3865 526 531 532 527 3929 3939 3941 3931 
3866 3929 3939 3941 3931 3930 3940 3942 3932 
3867 3930 3940 3942 3932 1516 1521 1522 1517 
3868 527 532 115 116 3931 3941 1683 1685 
3869 3931 3941 1683 1685 3932 3942 1684 1686 
3870 3932 3942 1684 1686 1517 1522 287 288 
3871 109 14 110 528 1671 327 1673 3933 
3872 1671 327 1673 3933 1672 328 1674 3934 
3873 1672 328 1674 3934 281 22 282 1518 
3874 528 110 111 529 3933 1673 1675 3935 
3875 3933 1673 1675 3935 3934 1674 1676 3936 
3876 3934 1674 1676 3936 1518 282 283 1519 
3877 529 111 112 530 3935 1675 1677 3937 
3878 3935 1675 1677 3937 3936 1676 1678 3938 
3879 3936 1676 1678 3938 1519 283 284 1520 
3880 530 112 113 531 3937 1677 1679 3939 
3881 3937 1677 1679 3939 3938 1678 1680 3940 
3882 3938 1678 1680 3940 1520 284 285 1521 
3883 531 113 114 532 3939 1679 1681 3941 
3884 3939 1679 1681 3941 3940 1680 1682 3942 
3885 3940 1680 1682 3942 1521 285 286 1522 
3886 532 114 15 115 3941 1681 329 1683 
3887 3941 1681 329 1683 3942 1682 330 1684 
3888 3942 1682 330 1684 1522 286 23 287 
3 9 5 108
3889 9 85 533 125 317 1623 3943 1703 
3890 317 1623 3943 1703 318 1624 3944 1704 
3891 318 1624 3944 1704 17 257 1523 297 
3892 125 533 534 126 1703 3943 3945 1705 
3893 1703 3943 3945 1705 1704 3944 3946 1706 
3894 1704 3944 3946 1706 297 1523 1524 298 
3895 126 534 535 127 1705 3945 3947 1707 
3896 1705 3945 3947 1707 1706 3946 3948 1708 
3897 1706 3946 3948 1708 298 1524 1525 299 
3898 127 535 536 128 1707 3947 3949 1709 
3899 1707 3947 3949 1709 1708 3948 3950 1710 
3900 1708 3948 3950 1710 299 1525 1526 300 
3901 128 536 537 129 1709 3949 3951 1711 
3902 1709 3949 3951 1711 1710 3950 3952 1712 
3903 1710 3950 3952 1712 300 1526 1527 301 
3904 129 537 105 13 1711 3951 1663 325 
3905 1711 3951 1663 325 1712 3952 1664 326 
3906 1712 3952 1664 326 301 1527 277 21 
3907 85 86 538 533 1623 1625 3953 3943 
3908 1623 1625 3953 3943 1624 1626 3954 3944 
3909 1624 1626 3954 3944 257 258 1528 1523 
3910 533 538 539 534 3943 3953 3955 3945 
3911 3943 3953 3955 3945 3944 3954 3956 3946 
3912 3944 3954 3956 3946 1523 1528 1529 1524 
3913 534 539 540 535 3945 3955 3957 3947 
3914 3945 3955 3957 3947 3946 3956 3958 3948 
3915 3946 3956 3958 3948 1524 1529 1530 1525 
3916 535 540 541 536 3947 3957 3959 3949 
3917 3947 3957 3959 3949 3948 3958 3960 3950 
3918 3948 3958 3960 3950 1525 1530 1531 1526 
3919 536 541 542 537 3949 3959 3961 3951 
3920 3949 3959 3961 3951 3950 3960 3962 3952 
3921 3950 3960 3962 3952 1526 1531 1532 1527 
3922 537 542 106 105 3951 3961 1665 1663 
3923 3951 3961 1665 1663 3952 3962 1666 1664 
3924 3952 3962 1666 1664 1527 1532 278 277 
3925 86 87 543 538 1625 1627 3963 3953 
3926 1625 1627 3963 3953 1626 1628 3964 3954 
3927 1626 1628 3964 3954 258 259 1533 1528 
3928 538 543 544 539 3953 3963 3965 3955 
3929 3953 3963 3965 3955 3954 3964 3966 3956 
3930 3954 3964 3966 3956 1528 1533 1534 1529 
3931 539 544 545 540 3955 3965 3967 3957 
3932 3955 3965 3967 3957 3956 3966 3968 3958 
3933 3956 3966 3968 3958 1529 1534 1535 1530 
3934 540 545 546 541 3957 3967 3969 3959 
3935 3957 3967 3969 3959 3958 3968 3970 3960 
3936 3958 3968 3970 3960 1530 1535 1536 1531 
3937 541 546 547 542 3959 3969 3971 3961 
3938 3959 3969 3971 3961 3960 3970 3972 3962 
3939 3960 3970 3972 3962 1531 1536 1537 1532 
3940 542 547 107 106 3961 3971 1667 1665 
3941 3961 3971 1667 1665 3962 3972 1668 1666 
3942 3962 3972 1668 1666 1532 1537 279 278 
3943 87 88 548 543 1627 1629 3973 3963 
3944 1627 1629 3973 3963 1628 1630 3974 3964 
3945 1628 1630 3974 3964 259 260 1538 1533 
3946 543 548 549 544 3963 3973 3975 3965 
3947 3963 3973 3975 3965 3964 3974 3976 3966 
3948 3964 3974 3976 3966 1533 1538 1539 1534 
3949 544 549 550 545 3965 3975 3977 3967 
3950 3965 3975 3977 3967 3966 3976 3978 3968 
3951 3966 3976 3978 3968 1534 1539 1540 1535 
3952 545 550 551 546 3967 3977 3979 3969 
3953 3967 3977 3979 3969 3968 3978 3980 3970 
3954 3968 3978 3980 3970 1535 1540 1541 1536 
3955 546 551 552 547 3969 3979 3981 3971 
3956 3969 3979 3981 3971 3970 3980 3982 3972 
3957 3970 3980 3982 3972 1536 1541 1542 1537 
3958 547 552 108 107 3971 3981 1669 1667 
3959 3971 3981 1669 1667 3972 3982 1670 1668 
3960 3972 3982 1670 1668 1537 1542 280 279 
3961 88 89 553 548 1629 1631 3983 3973 
3962 1629 1631 3983 3973 1630 1632 3984 3974 
3963 1630 1632 3984 3974 260 261 1543 1538 
3964 548 553 554 549 3973 3983 3985 3975 
3965 3973 3983 3985 3975 3974 3984 3986 3976 
3966 3974 3984 3986 3976 1538 1543 1544 1539 
3967 549 554 555 550 3975 3985 3987 3977 
3968 3975 3985 3987 3977 3976 3986 3988 3978 
3969 3976 3986 3988 3978 1539 1544 1545 1540 
3970 550 555 556 551 3977 3987 3989 3979 
3971 3977 3987 3989 3979 3978 3988 3990 3980 
3972 3978 3988 3990 3980 1540 1545 1546 1541 
3973 551 556 557 552 3979 3989 3991 3981 
3974 3979 3989 3991 3981 3980 3990 3992 3982 
3975 3980 3990 3992 3982 1541 1546 1547 1542 
3976 552 557 109 108 3981 3991 1671 1669 
3977 3981 3991 1671 1669 3982 3992 1672 1670 
3978 3982 3992 1672 1670 1542 1547 281 280 
3979 89 10 130 553 1631 319 1713 3983 
3980 1631 319 1713 3983 1632 320 1714 3984 
3981 1632 320 1714 3984 261 18 302 1543 
3982 553 130 131 554 3983 1713 1715 3985 
3983 3983 1713 1715 3985 3984 1714 1716 3986 
3984 3984 1714 1716 3986 1543 302 303 1544 
3985 554 131 132 555 3985 1715 1717 3987 
3986 3985 1715 1717 3987 3986 1716 1718 3988 
3987 3986 1716 1718 3988 1544 303 304 1545 
3988 555 132 133 556 3987 1717 1719 3989 
3989 3987 1717 1719 3989 3988 1718 1720 3990 
3990 3988 1718 1720 3990 1545 304 305 1546 
3991 556 133 134 557 3989 1719 1721 3991 
3992 3989 1719 1721 3991 3990 1720 1722 3992 
3993 3990 1720 1722 3992 1546 305 306 1547 
3994 557 134 14 109 3991 1721 327 1671 
3995 3991 1721 327 1671 3992 1722 328 1672 
3996 3992 1722 328 1672 1547 306 22 281 
3 10 5 108
3997 11 95 558 135 321 1643 3993 1723 
3998 321 1643 3993 1723 322 1644 3994 1724 
3999 322 1644 3994 1724 19 267 1548 307 
4000 135 558 559 136 1723 3993 3995 1725 
4001 1723 3993 3995 1725 1724 3994 3996 1726 
4002 1724 3994 3996 1726 307 1548 1549 308 
4003 136 559 560 137 1725 3995 3997 1727 
4004 1725 3995 3997 1727 1726 3996 3998 1728 
4005 1726 3996 3998 1728 308 1549 1550 309 
4006 137 560 561 138 1727 3997 3999 1729 
4007 1727 3997 3999 1729 1728 3998 4000 1730 
4008 1728 3998 4000 1730 309 1550 1551 310 
4009 138 561 562 139 1729 3999 4001 1731 
4010 1729 3999 4001 1731 1730 4000 4002 1732 
4011 1730 4000 4002 1732 310 1551 1552 311 
4012 139 562 115 15 1731 4001 1683 329 
4013 1731 4001 1683 329 1732 4002 1684 330 
4014 1732 4002 1684 330 311 1552 287 23 
4015 95 96 563 558 1643 1645 4003 3993 
4016 1643 1645 4003 3993 1644 1646 4004 3994 
4017 1644 1646 4004 3994 267 268 1553 1548 
4018 558 563 564 559 3993 4003 4005 3995 
4019 3993 4003 4005 3995 3994 4004 4006 3996 
4020 3994 4004 4006 3996 1548 1553 1554 1549 
4021 559 564 565 560 3995 4005 4007 3997 
4022 3995 4005 4007 3997 3996 4006 4008 3998 
4023 3996 4006 4008 3998 1549 1554 1555 1550 
4024 560 565 566 561 3997 4007 4009 3999 
4025 3997 4007 4009 3999 3998 4008 4010 4000 
4026 3998 4008 4010 4000 1550 1555 1556 1551 
4027 561 566 567 562 3999 4009 4011 4001 
4028 3999 4009 4011 4001 4000 4010 4012 4002 
4029 4000 4010 4012 4002 1551 1556 1557 1552 
4030 562 567 116 115 4001 4011 1685 1683 
4031 4001 4011 1685 1683 4002 4012 1686 1684 
4032 4002 4012 1686 1684 1552 1557 288 287 
4033 96 97 568 563 1645 1647 4013 4003 
4034 1645 1647 4013 4003 1646 1648 4014 4004 
4035 1646 1648 4014 4004 268 269 1558 1553 
4036 563 568 569 564 4003 4013 4015 4005 
4037 4003 4013 4015 4005 4004 4014 4016 4006 
4038 4004 4014 4016 4006 1553 1558 1559 1554 
4039 564 569 570 565 4005 4015 4017 4007 
4040 4005 4015 4017 4007 4006 4016 4018 4008 
4041 4006 4016 4018 4008 1554 1559 1560 1555 
4042 565 570 571 566 4007 4017 4019 4009 
4043 4007 4017 4019 4009 4008 4018 4020 4010 
4044 4008 4018 4020 4010 1555 1560 1561 1556 
4045 566 571 572 567 4009 4019 4021 4011 
4046 4009 4019 4021 4011 4010 4020 4022 4012 
4047 4010 4020 4022 4012 1556 1561 1562 1557 
4048 567 572 117 116 4011 4021 1687 1685 
4049 4011 4021 1687 1685 4012 4022 1688 1686 
4050 4012 4022 1688 1686 1557 1562 289 288 
4051 97 98 573 568 1647 1649 4023 4013 
4052 1647 1649 4023 4013 1648 1650 4024 4014 
4053 1648 1650 4024 4014 269 270 1563 1558 
4054 568 573 574 569 4013 4023 4025 4015 
4055 4013 4023 4025 4015 4014 4024 4026 4016 
4056 4014 4024 4026 4016 1558 1563 1564 1559 
4057 569 574 575 570 4015 4025 4027 4017 
4058 4015 4025 4027 4017 4016 4026 4028 4018 
4059 4016 4026 4028 4018 1559 1564 1565 1560 
4060 570 575 576 571 4017 4027 4029 4019 
4061 4017 4027 4029 4019 4018 4028 4030 4020 
4062 4018 4028 4030 4020 1560 1565 1566 1561 
4063 571 576 577 572 4019 4029 4031 4021 
4064 4019 4029 4031 4021 4020 4030 4032 4022 
4065 4020 4030 4032 4022 1561 1566 1567 1562 
4066 572 577 118 117 4021 4031 1689 1687 
4067 4021 4031 1689 1687 4022 4032 1690 1688 
4068 4022 4032 1690 1688 1562 1567 290 289 
4069 98 99 578 573 1649 1651 4033 4023 
4070 1649 1651 4033 4023 1650 1652 4034 4024 
4071 1650 1652 4034 4024 270 271 1568 1563 
4072 573 578 579 574 4023 4033 4035 4025 
4073 4023 4033 4035 4025 4024 4034 4036 4026 
4074 4024 4034 4036 4026 1563 1568 1569 1564 
4075 574 579 580 575 4025 4035 4037 4027 
4076 4025 4035 4037 4027 4026 4036 4038 4028 
4077 4026 4036 4038 4028 1564 1569 1570 1565 
4078 575 580 581 576 4027 4037 4039 4029 
4079 4027 4037 4039 4029 4028 4038 4040 4030 
4080 4028 4038 4040 4030 1565 1570 1571 1566 
4081 576 581 582 577 4029 4039 4041 4031 
4082 4029 4039 4041 4031 4030 4040 4042 4032 
4083 4030 4040 4042 4032 1566 1571 1572 1567 
4084 577 582 119 118 4031 4041 1691 1689 
4085 4031 4041 1691 1689 4032 4042 1692 1690 
4086 4032 4042 1692 1690 1567 1572 291 290 
4087 99 12 140 578 1651 323 1733 4033 
4088 1651 323 1733 4033 1652 324 1734 4034 
4089 1652 324 1734 4034 271 20 312 1568 
4090 578 140 141 579 4033 1733 1735 4035 
4091 4033 1733 1735 4035 4034 1734 1736 4036 
4092 4034 1734 1736 4036 1568 312 313 1569 
4093 579 141 142 580 4035 1735 1737 4037 
4094 4035 1735 1737 4037 4036 1736 1738 4038 
4095 4036 1736 1738 4038 1569 313 314 1570 
4096 580 142 143 581 4037 1737 1739 4039 
4097 4037 1737 1739 4039 4038 1738 1740 4040 
4098 4038 1738 1740 4040 1570 314 315 1571 
4099 581 143 144 582 4039 1739 1741 4041 
4100 4039 1739 1741 4041 4040 1740 1742 4042 
4101 4040 1740 1742 4042 1571 315 316 1572 
4102 582 144 16 119 4041 1741 331 1691 
4103 4041 1741 331 1691 4042 1742 332 1692 
4104 4042 1742 332 1692 1572 316 24 291 
3 11 5 108
4105 12 104 583 140 323 1661 4043 1733 
4106 323 1661 4043 1733 324 1662 4044 1734 
4107 324 1662 4044 1734 20 276 1573 312 
4108 140 583 584 141 1733 4043 4045 1735 
4109 1733 4043 4045 1735 1734 4044 4046 1736 
4110 1734 4044 4046 1736 312 1573 1574 313 
4111 141 584 585 142 1735 4045 4047 1737 
4112 1735 4045 4047 1737 1736 4046 4048 1738 
4113 1736 4046 4048 1738 313 1574 1575 314 
4114 142 585 586 143 1737 4047 4049 1739 
4115 1737 4047 4049 1739 1738 4048 4050 1740 
4116 1738 4048 4050 1740 314 1575 1576 315 
4117 143 586 587 144 1739 4049 4051 1741 
4118 1739 4049 4051 1741 1740 4050 4052 1742 
4119 1740 4050 4052 1742 315 1576 1577 316 
4120 144 587 124 16 1741 4051 1701 331 
4121 1741 4051 1701 331 1742 4052 1702 332 
4122 1742 4052 1702 332 316 1577 296 24 
4123 104 103 588 583 1661 1659 4053 4043 
4124 1661 1659 4053 4043 1662 1660 4054 4044 
4125 1662 1660 4054 4044 276 275 1578 1573 
4126 583 588 589 584 4043 4053 4055 4045 
4127 4043 4053 4055 4045 4044 4054 4056 4046 
4128 4044 4054 4056 4046 1573 1578 1579 1574 
4129 584 589 590 585 4045 4055 4057 4047 
4130 4045 4055 4057 4047 4046 4056 4058 4048 
4131 4046 4056 4058 4048 1574 1579 1580 1575 
4132 585 590 591 586 4047 4057 4059 4049 
4133 4047 4057 4059 4049 4048 4058 4060 4050 
4134 4048 4058 4060 4050 1575 1580 1581 1576 
4135 586 591 592 587 4049 4059 4061 4051 
4136 4049 4059 4061 4051 4050 4060 4062 4052 
4137 4050 4060 4062 4052 1576 1581 1582 1577 
4138 587 592 123 124 4051 4061 1699 1701 
4139 4051 4061 1699 1701 4052 4062 1700 1702 
4140 4052 4062 1700 1702 1577 1582 295 296 
4141 103 102 593 588 1659 1657 4063 4053 
4142 1659 1657 4063 4053 1660 1658 4064 4054 
4143 1660 1658 4064 4054 275 274 1583 1578 
4144 588 593 594 589 4053 4063 4065 4055 
4145 4053 4063 4065 4055 4054 4064 4066 4056 
4146 4054 4064 4066 4056 1578 1583 1584 1579 
4147 589 594 595 590 4055 4065 4067 4057 
4148 4055 4065 4067 4057 4056 4066 4068 4058 
4149 4056 4066 4068 4058 1579 1584 1585 1580 
4150 590 595 596 591 4057 4067 4069 4059 
4151 4057 4067 4069 4059 4058 4068 4070 4060 
4152 4058 4068 4070 4060 1580 1585 1586 1581 
4153 591 596 597 592 4059 4069 4071 4061 
4154 4059 4069 4071 4061 4060 4070 4072 4062 
4155 4060 4070 4072 4062 1581 1586 1587 1582 
4156 592 597 122 123 4061 4071 1697 1699 
4157 4061 4071 1697 1699 4062 4072 1698 1700 
4158 4062 4072 1698 1700 1582 1587 294 295 
4159 102 101 598 593 1657 1655 4073 4063 
4160 1657 1655 4073 4063 1658 1656 4074 4064 
4161 1658 1656 4074 4064 274 273 1588 1583 
4162 593 598 599 594 4063 4073 4075 4065 
4163 4063 4073 4075 4065 4064 4074 4076 4066 
4164 4064 4074 4076 4066 1583 1588 1589 1584 
4165 594 599 600 595 4065 4075 4077 4067 
4166 4065 4075 4077 4067 4066 4076 4078 4068 
4167 4066 4076 4078 4068 1584 1589 1590 1585 
4168 595 600 601 596 4067 4077 4079 4069 
4169 4067 4077 4079 4069 4068 4078 4080 4070 
4170 4068 4078 4080 4070 1585 1590 1591 1586 
4171 596 601 602 597 4069 4079 4081 4071 
4172 4069 4079 4081 4071 4070 4080 4082 4072 
4173 4070 4080 4082 4072 1586 1591 1592 1587 
4174 597 602 121 122 4071 4081 1695 1697 
4175 4071 4081 1695 1697 4072 4082 1696 1698 
4176 4072 4082 1696 1698 1587 1592 293 294 
4177 101 100 603 598 1655 1653 4083 4073 
4178 1655 1653 4083 4073 1656 1654 4084 4074 
4179 1656 1654 4084 4074 273 272 1593 1588 
4180 598 603 604 599 4073 4083 4085 4075 
4181 4073 4083 4085 4075 4074 4084 4086 4076 
4182 4074 4084 4086 4076 1588 1593 1594 1589 
4183 599 604 605 600 4075 4085 4087 4077 
4184 4075 4085 4087 4077 4076 4086 4088 4078 
4185 4076 4086 4088 4078 1589 1594 1595 1590 
4186 600 605 606 601 4077 4087 4089 4079 
4187 4077 4087 4089 4079 4078 4088 4090 4080 
4188 4078 4088 4090 4080 1590 1595 1596 1591 
4189 601 606 607 602 4079 4089 4091 4081 
4190 4079 4089 4091 4081 4080 4090 4092 4082 
4191 4080 4090 4092 4082 1591 1596 1597 1592 
4192 602 607 120 121 4081 4091 1693 1695 
4193 4081 4091 1693 1695 4082 4092 1694 1696 
4194 4082 4092 1694 1696 1592 1597 292 293 
4195 100 9 125 603 1653 317 1703 4083 
4196 1653 317 1703 4083 1654 318 1704 4084 
4197 1654 318 1704 4084 272 17 297 1593 
4198 603 125 126 604 4083 1703 1705 4085 
4199 4083 1703 1705 4085 4084 1704 1706 4086 
4200 4084 1704 1706 4086 1593 297 298 1594 
4201 604 126 127 605 4085 1705 1707 4087 
4202 4085 1705 1707 4087 4086 1706 1708 4088 
4203 4086 1706 1708 4088 1594 298 299 1595 
4204 605 127 128 606 4087 1707 1709 4089 
4205 4087 1707 1709 4089 4088 1708 1710 4090 
4206 4088 1708 1710 4090 1595 299 300 1596 
4207 606 128 129 607 4089 1709 1711 4091 
4208 4089 1709 1711 4091 4090 1710 1712 4092 
4209 4090 1710 1712 4092 1596 300 301 1597 
4210 607 129 13 120 4091 1711 325 1693 
4211 4091 1711 325 1693 4092 1712 326 1694 
4212 4092 1712 326 1694 1597 301 21 292 
3 12 5 108
4213 10 90 608 130 319 1633 4093 1713 
4214 319 1633 4093 1713 320 1634 4094 1714 
4215 320 1634 4094 1714 18 262 1598 302 
4216 130 608 609 131 1713 4093 4095 1715 
4217 1713 4093 4095 1715 1714 4094 4096 1716 
4218 1714 4094 4096 1716 302 1598 1599 303 
4219 131 609 610 132 1715 4095 4097 1717 
4220 1715 4095 4097 1717 1716 4096 4098 1718 
4221 1716 4096 4098 1718 303 1599 1600 304 
4222 132 610 611 133 1717 4097 4099 1719 
4223 1717 4097 4099 1719 1718 4098 4100 1720 
4224 1718 4098 4100 1720 304 1600 1601 305 
4225 133 611 612 134 1719 4099 4101 1721 
4226 1719 4099 4101 1721 1720 4100 4102 1722 
4227 1720 4100 4102 1722 305 1601 1602 306 
4228 134 612 110 14 1721 4101 1673 327 
4229 1721 4101 1673 327 1722 4102 1674 328 
4230 1722 4102 1674 328 306 1602 282 22 
4231 90 91 613 608 1633 1635 4103 4093 
4232 1633 1635 4103 4093 1634 1636 4104 4094 
4233 1634 1636 4104 4094 262 263 1603 1598 
4234 608 613 614 609 4093 4103 4105 4095 
4235 4093 4103 4105 4095 4094 4104 4106 4096 
4236 4094 4104 4106 4096 1598 1603 1604 1599 
4237 609 614 615 610 4095 4105 4107 4097 
4238 4095 4105 4107 4097 4096 4106 4108 4098 
4239 4096 4106 4108 4098 1599 1604 1605 1600 
4240 610 615 616 611 4097 4107 4109 4099 
4241 4097 4107 4109 4099 4098 4108 4110 4100 
4242 4098 4108 4110 4100 1600 1605 1606 1601 
4243 611 616 617 612 4099 4109 4111 4101 
4244 4099 4109 4111 4101 4100 4110 4112 4102 
4245 4100 4110 4112 4102 1601 1606 1607 1602 
4246 612 617 111 110 4101 4111 1675 1673 
4247 4101 4111 1675 1673 4102 4112 1676 1674 
4248 4102 4112 1676 1674 1602 1607 283 282 
4249 91 92 618 613 1635 1637 4113 4103 
4250 1635 1637 4113 4103 1636 1638 4114 4104 
4251 1636 1638 4114 4104 263 264 1608 1603 
4252 613 618 619 614 4103 4113 4115 4105 
4253 4103 4113 4115 4105 4104 4114 4116 4106 
4254 4104 4114 4116 4106 1603 1608 1609 1604 
4255 614 619 620 615 4105 4115 4117 4107 
4256 4105 4115 4117 4107 4106 4116 4118 4108 
4257 4106 4116 4118 4108 1604 1609 1610 1605 
4258 615 620 621 616 4107 4117 4119 4109 
4259 4107 4117 4119 4109 4108 4118 4120 4110 
4260 4108 4118 4120 4110 1605 1610 1611 1606 
4261 616 621 622 617 4109 4119 4121 4111 
4262 4109 4119 4121 4111 4110 4120 4122 4112 
4263 4110 4120 4122 4112 1606 1611 1612 1607 
4264 617 622 112 111 4111 4121 1677 1675 
4265 4111 4121 1677 1675 4112 4122 1678 1676 
4266 4112 4122 1678 1676 1607 1612 284 283 
4267 92 93 623 618 1637 1639 4123 4113 
4268 1637 1639 4123 4113 1638 1640 4124 4114 
4269 1638 1640 4124 4114 264 265 1613 1608 
4270 618 623 624 619 4113 4123 4125 4115 
4271 4113 4123 4125 4115 4114 4124 4126 4116 
4272 4114 4124 4126 4116 1608 1613 1614 1609 
4273 619 624 625 620 4115 4125 4127 4117 
4274 4115 4125 4127 4117 4116 4126 4128 4118 
4275 4116 4126 4128 4118 1609 1614 1615 1610 
4276 620 625 626 621 4117 4127 4129 4119 
4277 4117 4127 4129 4119 4118 4128 4130 4120 
4278 4118 4128 4130 4120 1610 1615 1616 1611 
4279 621 626 627 622 4119 4129 4131 4121 
4280 4119 4129 4131 4121 4120 4130 4132 4122 
4281 4120 4130 4132 4122 1611 1616 1617 1612 
4282 622 627 113 112 4121 4131 1679 1677 
4283 4121 4131 1679 1677 4122 4132 1680 1678 
4284 4122 4132 1680 1678 1612 1617 285 284 
4285 93 94 628 623 1639 1641 4133 4123 
4286 1639 1641 4133 4123 1640 1642 4134 4124 
4287 1640 1642 4134 4124 265 266 1618 1613 
4288 623 628 629 624 4123 4133 4135 4125 
4289 4123 4133 4135 4125 4124 4134 4136 4126 
4290 4124 4134 4136 4126 1613 1618 1619 1614 
4291 624 629 630 625 4125 4135 4137 4127 
4292 4125 4135 4137 4127 4126 4136 4138 4128 
4293 4126 4136 4138 4128 1614 1619 1620 1615 
4294 625 630 631 626 4127 4137 4139 4129 
4295 4127 4137 4139 4129 4128 4138 4140 4130 
4296 4128 4138 4140 4130 1615 1620 1621 1616 
4297 626 631 632 627 4129 4139 4141 4131 
4298 4129 4139 4141 4131 4130 4140 4142 4132 
4299 4130 4140 4142 4132 1616 1621 1622 1617 
4300 627 632 114 113 4131 4141 1681 1679 
4301 4131 4141 1681 1679 4132 4142 1682 1680 
4302 4132 4142 1682 1680 1617 1622 286 285 
4303 94 11 135 628 1641 321 1723 4133 
4304 1641 321 1723 4133 1642 322 1724 4134 
4305 1642 322 1724 4134 266 19 307 1618 
4306 628 135 136 629 4133 1723 1725 4135 
4307 4133 1723 1725 4135 4134 1724 1726 4136 
4308 4134 1724 1726 4136 1618 307 308 1619 
4309 629 136 137 630 4135 1725 1727 4137 
4310 4135 1725 1727 4137 4136 1726 1728 4138 
4311 4136 1726 1728 4138 1619 308 309 1620 
4312 630 137 138 631 4137 1727 1729 4139 
4313 4137 1727 1729 4139 4138 1728 1730 4140 
4314 4138 1728 1730 4140 1620 309 310 1621 
4315 631 138 139 632 4139 1729 1731 4141 
4316 4139 1729 1731 4141 4140 1730 1732 4142 
4317 4140 1730 1732 4142 1621 310 311 1622 
4318 632 139 15 114 4141 1731 329 1681 
4319 4141 1731 329 1681 4142 1732 330 1682 
4320 4142 1732 330 1682 1622 311 23 286 
$EndElements
